{
  "type": "FeatureCollection",
  "features": [
    {
      "type": "Feature",
      "properties": {
        "grid_id": "R001C019"
      },
      "geometry": {
        "type": "Polygon",
        "coordinates": [
          [
            [
              24.262197999918058,
              56.858983111749914
            ],
            [
              24.278629473597956,
              56.858983111749914
            ],
            [
              24.278629473597956,
              56.86796622349983
            ],
            [
              24.262197999918058,
              56.86796622349983
            ],
            [
              24.262197999918058,
              56.858983111749914
            ]
          ]
        ]
      }
    },
    {
      "type": "Feature",
      "properties": {
        "grid_id": "R001C020"
      },
      "geometry": {
        "type": "Polygon",
        "coordinates": [
          [
            [
              24.278629473597956,
              56.858983111749914
            ],
            [
              24.295060947277854,
              56.858983111749914
            ],
            [
              24.295060947277854,
              56.86796622349983
            ],
            [
              24.278629473597956,
              56.86796622349983
            ],
            [
              24.278629473597956,
              56.858983111749914
            ]
          ]
        ]
      }
    },
    {
      "type": "Feature",
      "properties": {
        "grid_id": "R001C021"
      },
      "geometry": {
        "type": "Polygon",
        "coordinates": [
          [
            [
              24.295060947277854,
              56.858983111749914
            ],
            [
              24.31149242095775,
              56.858983111749914
            ],
            [
              24.31149242095775,
              56.86796622349983
            ],
            [
              24.295060947277854,
              56.86796622349983
            ],
            [
              24.295060947277854,
              56.858983111749914
            ]
          ]
        ]
      }
    },
    {
      "type": "Feature",
      "properties": {
        "grid_id": "R002C018"
      },
      "geometry": {
        "type": "Polygon",
        "coordinates": [
          [
            [
              24.245837569815325,
              56.86796622349983
            ],
            [
              24.26227299036062,
              56.86796622349983
            ],
            [
              24.26227299036062,
              56.87694933524974
            ],
            [
              24.245837569815325,
              56.87694933524974
            ],
            [
              24.245837569815325,
              56.86796622349983
            ]
          ]
        ]
      }
    },
    {
      "type": "Feature",
      "properties": {
        "grid_id": "R002C019"
      },
      "geometry": {
        "type": "Polygon",
        "coordinates": [
          [
            [
              24.26227299036062,
              56.86796622349983
            ],
            [
              24.278708410905917,
              56.86796622349983
            ],
            [
              24.278708410905917,
              56.87694933524974
            ],
            [
              24.26227299036062,
              56.87694933524974
            ],
            [
              24.26227299036062,
              56.86796622349983
            ]
          ]
        ]
      }
    },
    {
      "type": "Feature",
      "properties": {
        "grid_id": "R003C007"
      },
      "geometry": {
        "type": "Polygon",
        "coordinates": [
          [
            [
              24.06507558798007,
              56.87694933524974
            ],
            [
              24.081514957691507,
              56.87694933524974
            ],
            [
              24.081514957691507,
              56.885932446999654
            ],
            [
              24.06507558798007,
              56.885932446999654
            ],
            [
              24.06507558798007,
              56.87694933524974
            ]
          ]
        ]
      }
    },
    {
      "type": "Feature",
      "properties": {
        "grid_id": "R003C008"
      },
      "geometry": {
        "type": "Polygon",
        "coordinates": [
          [
            [
              24.081514957691507,
              56.87694933524974
            ],
            [
              24.097954327402945,
              56.87694933524974
            ],
            [
              24.097954327402945,
              56.885932446999654
            ],
            [
              24.081514957691507,
              56.885932446999654
            ],
            [
              24.081514957691507,
              56.87694933524974
            ]
          ]
        ]
      }
    },
    {
      "type": "Feature",
      "properties": {
        "grid_id": "R003C009"
      },
      "geometry": {
        "type": "Polygon",
        "coordinates": [
          [
            [
              24.097954327402945,
              56.87694933524974
            ],
            [
              24.114393697114384,
              56.87694933524974
            ],
            [
              24.114393697114384,
              56.885932446999654
            ],
            [
              24.097954327402945,
              56.885932446999654
            ],
            [
              24.097954327402945,
              56.87694933524974
            ]
          ]
        ]
      }
    },
    {
      "type": "Feature",
      "properties": {
        "grid_id": "R003C010"
      },
      "geometry": {
        "type": "Polygon",
        "coordinates": [
          [
            [
              24.114393697114384,
              56.87694933524974
            ],
            [
              24.130833066825822,
              56.87694933524974
            ],
            [
              24.130833066825822,
              56.885932446999654
            ],
            [
              24.114393697114384,
              56.885932446999654
            ],
            [
              24.114393697114384,
              56.87694933524974
            ]
          ]
        ]
      }
    },
    {
      "type": "Feature",
      "properties": {
        "grid_id": "R003C011"
      },
      "geometry": {
        "type": "Polygon",
        "coordinates": [
          [
            [
              24.130833066825822,
              56.87694933524974
            ],
            [
              24.14727243653726,
              56.87694933524974
            ],
            [
              24.14727243653726,
              56.885932446999654
            ],
            [
              24.130833066825822,
              56.885932446999654
            ],
            [
              24.130833066825822,
              56.87694933524974
            ]
          ]
        ]
      }
    },
    {
      "type": "Feature",
      "properties": {
        "grid_id": "R003C012"
      },
      "geometry": {
        "type": "Polygon",
        "coordinates": [
          [
            [
              24.14727243653726,
              56.87694933524974
            ],
            [
              24.1637118062487,
              56.87694933524974
            ],
            [
              24.1637118062487,
              56.885932446999654
            ],
            [
              24.14727243653726,
              56.885932446999654
            ],
            [
              24.14727243653726,
              56.87694933524974
            ]
          ]
        ]
      }
    },
    {
      "type": "Feature",
      "properties": {
        "grid_id": "R003C013"
      },
      "geometry": {
        "type": "Polygon",
        "coordinates": [
          [
            [
              24.1637118062487,
              56.87694933524974
            ],
            [
              24.180151175960138,
              56.87694933524974
            ],
            [
              24.180151175960138,
              56.885932446999654
            ],
            [
              24.1637118062487,
              56.885932446999654
            ],
            [
              24.1637118062487,
              56.87694933524974
            ]
          ]
        ]
      }
    },
    {
      "type": "Feature",
      "properties": {
        "grid_id": "R003C014"
      },
      "geometry": {
        "type": "Polygon",
        "coordinates": [
          [
            [
              24.180151175960138,
              56.87694933524974
            ],
            [
              24.196590545671576,
              56.87694933524974
            ],
            [
              24.196590545671576,
              56.885932446999654
            ],
            [
              24.180151175960138,
              56.885932446999654
            ],
            [
              24.180151175960138,
              56.87694933524974
            ]
          ]
        ]
      }
    },
    {
      "type": "Feature",
      "properties": {
        "grid_id": "R003C015"
      },
      "geometry": {
        "type": "Polygon",
        "coordinates": [
          [
            [
              24.196590545671576,
              56.87694933524974
            ],
            [
              24.213029915383014,
              56.87694933524974
            ],
            [
              24.213029915383014,
              56.885932446999654
            ],
            [
              24.196590545671576,
              56.885932446999654
            ],
            [
              24.196590545671576,
              56.87694933524974
            ]
          ]
        ]
      }
    },
    {
      "type": "Feature",
      "properties": {
        "grid_id": "R003C016"
      },
      "geometry": {
        "type": "Polygon",
        "coordinates": [
          [
            [
              24.213029915383014,
              56.87694933524974
            ],
            [
              24.229469285094453,
              56.87694933524974
            ],
            [
              24.229469285094453,
              56.885932446999654
            ],
            [
              24.213029915383014,
              56.885932446999654
            ],
            [
              24.213029915383014,
              56.87694933524974
            ]
          ]
        ]
      }
    },
    {
      "type": "Feature",
      "properties": {
        "grid_id": "R003C017"
      },
      "geometry": {
        "type": "Polygon",
        "coordinates": [
          [
            [
              24.229469285094453,
              56.87694933524974
            ],
            [
              24.24590865480589,
              56.87694933524974
            ],
            [
              24.24590865480589,
              56.885932446999654
            ],
            [
              24.229469285094453,
              56.885932446999654
            ],
            [
              24.229469285094453,
              56.87694933524974
            ]
          ]
        ]
      }
    },
    {
      "type": "Feature",
      "properties": {
        "grid_id": "R003C018"
      },
      "geometry": {
        "type": "Polygon",
        "coordinates": [
          [
            [
              24.24590865480589,
              56.87694933524974
            ],
            [
              24.26234802451733,
              56.87694933524974
            ],
            [
              24.26234802451733,
              56.885932446999654
            ],
            [
              24.24590865480589,
              56.885932446999654
            ],
            [
              24.24590865480589,
              56.87694933524974
            ]
          ]
        ]
      }
    },
    {
      "type": "Feature",
      "properties": {
        "grid_id": "R003C019"
      },
      "geometry": {
        "type": "Polygon",
        "coordinates": [
          [
            [
              24.26234802451733,
              56.87694933524974
            ],
            [
              24.278787394228768,
              56.87694933524974
            ],
            [
              24.278787394228768,
              56.885932446999654
            ],
            [
              24.26234802451733,
              56.885932446999654
            ],
            [
              24.26234802451733,
              56.87694933524974
            ]
          ]
        ]
      }
    },
    {
      "type": "Feature",
      "properties": {
        "grid_id": "R004C007"
      },
      "geometry": {
        "type": "Polygon",
        "coordinates": [
          [
            [
              24.065103248261234,
              56.885932446999654
            ],
            [
              24.08154656944141,
              56.885932446999654
            ],
            [
              24.08154656944141,
              56.89491555874957
            ],
            [
              24.065103248261234,
              56.89491555874957
            ],
            [
              24.065103248261234,
              56.885932446999654
            ]
          ]
        ]
      }
    },
    {
      "type": "Feature",
      "properties": {
        "grid_id": "R004C008"
      },
      "geometry": {
        "type": "Polygon",
        "coordinates": [
          [
            [
              24.08154656944141,
              56.885932446999654
            ],
            [
              24.097989890621587,
              56.885932446999654
            ],
            [
              24.097989890621587,
              56.89491555874957
            ],
            [
              24.08154656944141,
              56.89491555874957
            ],
            [
              24.08154656944141,
              56.885932446999654
            ]
          ]
        ]
      }
    },
    {
      "type": "Feature",
      "properties": {
        "grid_id": "R004C009"
      },
      "geometry": {
        "type": "Polygon",
        "coordinates": [
          [
            [
              24.097989890621587,
              56.885932446999654
            ],
            [
              24.114433211801764,
              56.885932446999654
            ],
            [
              24.114433211801764,
              56.89491555874957
            ],
            [
              24.097989890621587,
              56.89491555874957
            ],
            [
              24.097989890621587,
              56.885932446999654
            ]
          ]
        ]
      }
    },
    {
      "type": "Feature",
      "properties": {
        "grid_id": "R004C010"
      },
      "geometry": {
        "type": "Polygon",
        "coordinates": [
          [
            [
              24.114433211801764,
              56.885932446999654
            ],
            [
              24.13087653298194,
              56.885932446999654
            ],
            [
              24.13087653298194,
              56.89491555874957
            ],
            [
              24.114433211801764,
              56.89491555874957
            ],
            [
              24.114433211801764,
              56.885932446999654
            ]
          ]
        ]
      }
    },
    {
      "type": "Feature",
      "properties": {
        "grid_id": "R004C011"
      },
      "geometry": {
        "type": "Polygon",
        "coordinates": [
          [
            [
              24.13087653298194,
              56.885932446999654
            ],
            [
              24.147319854162117,
              56.885932446999654
            ],
            [
              24.147319854162117,
              56.89491555874957
            ],
            [
              24.13087653298194,
              56.89491555874957
            ],
            [
              24.13087653298194,
              56.885932446999654
            ]
          ]
        ]
      }
    },
    {
      "type": "Feature",
      "properties": {
        "grid_id": "R004C012"
      },
      "geometry": {
        "type": "Polygon",
        "coordinates": [
          [
            [
              24.147319854162117,
              56.885932446999654
            ],
            [
              24.163763175342293,
              56.885932446999654
            ],
            [
              24.163763175342293,
              56.89491555874957
            ],
            [
              24.147319854162117,
              56.89491555874957
            ],
            [
              24.147319854162117,
              56.885932446999654
            ]
          ]
        ]
      }
    },
    {
      "type": "Feature",
      "properties": {
        "grid_id": "R004C013"
      },
      "geometry": {
        "type": "Polygon",
        "coordinates": [
          [
            [
              24.163763175342293,
              56.885932446999654
            ],
            [
              24.18020649652247,
              56.885932446999654
            ],
            [
              24.18020649652247,
              56.89491555874957
            ],
            [
              24.163763175342293,
              56.89491555874957
            ],
            [
              24.163763175342293,
              56.885932446999654
            ]
          ]
        ]
      }
    },
    {
      "type": "Feature",
      "properties": {
        "grid_id": "R004C014"
      },
      "geometry": {
        "type": "Polygon",
        "coordinates": [
          [
            [
              24.18020649652247,
              56.885932446999654
            ],
            [
              24.196649817702646,
              56.885932446999654
            ],
            [
              24.196649817702646,
              56.89491555874957
            ],
            [
              24.18020649652247,
              56.89491555874957
            ],
            [
              24.18020649652247,
              56.885932446999654
            ]
          ]
        ]
      }
    },
    {
      "type": "Feature",
      "properties": {
        "grid_id": "R004C015"
      },
      "geometry": {
        "type": "Polygon",
        "coordinates": [
          [
            [
              24.196649817702646,
              56.885932446999654
            ],
            [
              24.213093138882822,
              56.885932446999654
            ],
            [
              24.213093138882822,
              56.89491555874957
            ],
            [
              24.196649817702646,
              56.89491555874957
            ],
            [
              24.196649817702646,
              56.885932446999654
            ]
          ]
        ]
      }
    },
    {
      "type": "Feature",
      "properties": {
        "grid_id": "R004C016"
      },
      "geometry": {
        "type": "Polygon",
        "coordinates": [
          [
            [
              24.213093138882822,
              56.885932446999654
            ],
            [
              24.229536460063,
              56.885932446999654
            ],
            [
              24.229536460063,
              56.89491555874957
            ],
            [
              24.213093138882822,
              56.89491555874957
            ],
            [
              24.213093138882822,
              56.885932446999654
            ]
          ]
        ]
      }
    },
    {
      "type": "Feature",
      "properties": {
        "grid_id": "R004C017"
      },
      "geometry": {
        "type": "Polygon",
        "coordinates": [
          [
            [
              24.229536460063,
              56.885932446999654
            ],
            [
              24.245979781243175,
              56.885932446999654
            ],
            [
              24.245979781243175,
              56.89491555874957
            ],
            [
              24.229536460063,
              56.89491555874957
            ],
            [
              24.229536460063,
              56.885932446999654
            ]
          ]
        ]
      }
    },
    {
      "type": "Feature",
      "properties": {
        "grid_id": "R004C018"
      },
      "geometry": {
        "type": "Polygon",
        "coordinates": [
          [
            [
              24.245979781243175,
              56.885932446999654
            ],
            [
              24.26242310242335,
              56.885932446999654
            ],
            [
              24.26242310242335,
              56.89491555874957
            ],
            [
              24.245979781243175,
              56.89491555874957
            ],
            [
              24.245979781243175,
              56.885932446999654
            ]
          ]
        ]
      }
    },
    {
      "type": "Feature",
      "properties": {
        "grid_id": "R005C006"
      },
      "geometry": {
        "type": "Polygon",
        "coordinates": [
          [
            [
              24.048683649720207,
              56.89491555874957
            ],
            [
              24.065130924673575,
              56.89491555874957
            ],
            [
              24.065130924673575,
              56.90389867049948
            ],
            [
              24.048683649720207,
              56.90389867049948
            ],
            [
              24.048683649720207,
              56.89491555874957
            ]
          ]
        ]
      }
    },
    {
      "type": "Feature",
      "properties": {
        "grid_id": "R005C007"
      },
      "geometry": {
        "type": "Polygon",
        "coordinates": [
          [
            [
              24.065130924673575,
              56.89491555874957
            ],
            [
              24.081578199626943,
              56.89491555874957
            ],
            [
              24.081578199626943,
              56.90389867049948
            ],
            [
              24.065130924673575,
              56.90389867049948
            ],
            [
              24.065130924673575,
              56.89491555874957
            ]
          ]
        ]
      }
    },
    {
      "type": "Feature",
      "properties": {
        "grid_id": "R005C008"
      },
      "geometry": {
        "type": "Polygon",
        "coordinates": [
          [
            [
              24.081578199626943,
              56.89491555874957
            ],
            [
              24.09802547458031,
              56.89491555874957
            ],
            [
              24.09802547458031,
              56.90389867049948
            ],
            [
              24.081578199626943,
              56.90389867049948
            ],
            [
              24.081578199626943,
              56.89491555874957
            ]
          ]
        ]
      }
    },
    {
      "type": "Feature",
      "properties": {
        "grid_id": "R005C009"
      },
      "geometry": {
        "type": "Polygon",
        "coordinates": [
          [
            [
              24.09802547458031,
              56.89491555874957
            ],
            [
              24.11447274953368,
              56.89491555874957
            ],
            [
              24.11447274953368,
              56.90389867049948
            ],
            [
              24.09802547458031,
              56.90389867049948
            ],
            [
              24.09802547458031,
              56.89491555874957
            ]
          ]
        ]
      }
    },
    {
      "type": "Feature",
      "properties": {
        "grid_id": "R005C010"
      },
      "geometry": {
        "type": "Polygon",
        "coordinates": [
          [
            [
              24.11447274953368,
              56.89491555874957
            ],
            [
              24.130920024487047,
              56.89491555874957
            ],
            [
              24.130920024487047,
              56.90389867049948
            ],
            [
              24.11447274953368,
              56.90389867049948
            ],
            [
              24.11447274953368,
              56.89491555874957
            ]
          ]
        ]
      }
    },
    {
      "type": "Feature",
      "properties": {
        "grid_id": "R005C011"
      },
      "geometry": {
        "type": "Polygon",
        "coordinates": [
          [
            [
              24.130920024487047,
              56.89491555874957
            ],
            [
              24.147367299440415,
              56.89491555874957
            ],
            [
              24.147367299440415,
              56.90389867049948
            ],
            [
              24.130920024487047,
              56.90389867049948
            ],
            [
              24.130920024487047,
              56.89491555874957
            ]
          ]
        ]
      }
    },
    {
      "type": "Feature",
      "properties": {
        "grid_id": "R005C012"
      },
      "geometry": {
        "type": "Polygon",
        "coordinates": [
          [
            [
              24.147367299440415,
              56.89491555874957
            ],
            [
              24.163814574393783,
              56.89491555874957
            ],
            [
              24.163814574393783,
              56.90389867049948
            ],
            [
              24.147367299440415,
              56.90389867049948
            ],
            [
              24.147367299440415,
              56.89491555874957
            ]
          ]
        ]
      }
    },
    {
      "type": "Feature",
      "properties": {
        "grid_id": "R005C013"
      },
      "geometry": {
        "type": "Polygon",
        "coordinates": [
          [
            [
              24.163814574393783,
              56.89491555874957
            ],
            [
              24.18026184934715,
              56.89491555874957
            ],
            [
              24.18026184934715,
              56.90389867049948
            ],
            [
              24.163814574393783,
              56.90389867049948
            ],
            [
              24.163814574393783,
              56.89491555874957
            ]
          ]
        ]
      }
    },
    {
      "type": "Feature",
      "properties": {
        "grid_id": "R005C014"
      },
      "geometry": {
        "type": "Polygon",
        "coordinates": [
          [
            [
              24.18026184934715,
              56.89491555874957
            ],
            [
              24.19670912430052,
              56.89491555874957
            ],
            [
              24.19670912430052,
              56.90389867049948
            ],
            [
              24.18026184934715,
              56.90389867049948
            ],
            [
              24.18026184934715,
              56.89491555874957
            ]
          ]
        ]
      }
    },
    {
      "type": "Feature",
      "properties": {
        "grid_id": "R005C015"
      },
      "geometry": {
        "type": "Polygon",
        "coordinates": [
          [
            [
              24.19670912430052,
              56.89491555874957
            ],
            [
              24.213156399253887,
              56.89491555874957
            ],
            [
              24.213156399253887,
              56.90389867049948
            ],
            [
              24.19670912430052,
              56.90389867049948
            ],
            [
              24.19670912430052,
              56.89491555874957
            ]
          ]
        ]
      }
    },
    {
      "type": "Feature",
      "properties": {
        "grid_id": "R005C016"
      },
      "geometry": {
        "type": "Polygon",
        "coordinates": [
          [
            [
              24.213156399253887,
              56.89491555874957
            ],
            [
              24.229603674207254,
              56.89491555874957
            ],
            [
              24.229603674207254,
              56.90389867049948
            ],
            [
              24.213156399253887,
              56.90389867049948
            ],
            [
              24.213156399253887,
              56.89491555874957
            ]
          ]
        ]
      }
    },
    {
      "type": "Feature",
      "properties": {
        "grid_id": "R005C017"
      },
      "geometry": {
        "type": "Polygon",
        "coordinates": [
          [
            [
              24.229603674207254,
              56.89491555874957
            ],
            [
              24.246050949160622,
              56.89491555874957
            ],
            [
              24.246050949160622,
              56.90389867049948
            ],
            [
              24.229603674207254,
              56.90389867049948
            ],
            [
              24.229603674207254,
              56.89491555874957
            ]
          ]
        ]
      }
    },
    {
      "type": "Feature",
      "properties": {
        "grid_id": "R006C006"
      },
      "geometry": {
        "type": "Polygon",
        "coordinates": [
          [
            [
              24.048707386197204,
              56.90389867049948
            ],
            [
              24.06515861723007,
              56.90389867049948
            ],
            [
              24.06515861723007,
              56.91288178224939
            ],
            [
              24.048707386197204,
              56.91288178224939
            ],
            [
              24.048707386197204,
              56.90389867049948
            ]
          ]
        ]
      }
    },
    {
      "type": "Feature",
      "properties": {
        "grid_id": "R006C007"
      },
      "geometry": {
        "type": "Polygon",
        "coordinates": [
          [
            [
              24.06515861723007,
              56.90389867049948
            ],
            [
              24.08160984826294,
              56.90389867049948
            ],
            [
              24.08160984826294,
              56.91288178224939
            ],
            [
              24.06515861723007,
              56.91288178224939
            ],
            [
              24.06515861723007,
              56.90389867049948
            ]
          ]
        ]
      }
    },
    {
      "type": "Feature",
      "properties": {
        "grid_id": "R006C008"
      },
      "geometry": {
        "type": "Polygon",
        "coordinates": [
          [
            [
              24.08160984826294,
              56.90389867049948
            ],
            [
              24.098061079295807,
              56.90389867049948
            ],
            [
              24.098061079295807,
              56.91288178224939
            ],
            [
              24.08160984826294,
              56.91288178224939
            ],
            [
              24.08160984826294,
              56.90389867049948
            ]
          ]
        ]
      }
    },
    {
      "type": "Feature",
      "properties": {
        "grid_id": "R006C009"
      },
      "geometry": {
        "type": "Polygon",
        "coordinates": [
          [
            [
              24.098061079295807,
              56.90389867049948
            ],
            [
              24.114512310328674,
              56.90389867049948
            ],
            [
              24.114512310328674,
              56.91288178224939
            ],
            [
              24.098061079295807,
              56.91288178224939
            ],
            [
              24.098061079295807,
              56.90389867049948
            ]
          ]
        ]
      }
    },
    {
      "type": "Feature",
      "properties": {
        "grid_id": "R006C010"
      },
      "geometry": {
        "type": "Polygon",
        "coordinates": [
          [
            [
              24.114512310328674,
              56.90389867049948
            ],
            [
              24.13096354136154,
              56.90389867049948
            ],
            [
              24.13096354136154,
              56.91288178224939
            ],
            [
              24.114512310328674,
              56.91288178224939
            ],
            [
              24.114512310328674,
              56.90389867049948
            ]
          ]
        ]
      }
    },
    {
      "type": "Feature",
      "properties": {
        "grid_id": "R006C011"
      },
      "geometry": {
        "type": "Polygon",
        "coordinates": [
          [
            [
              24.13096354136154,
              56.90389867049948
            ],
            [
              24.14741477239441,
              56.90389867049948
            ],
            [
              24.14741477239441,
              56.91288178224939
            ],
            [
              24.13096354136154,
              56.91288178224939
            ],
            [
              24.13096354136154,
              56.90389867049948
            ]
          ]
        ]
      }
    },
    {
      "type": "Feature",
      "properties": {
        "grid_id": "R006C012"
      },
      "geometry": {
        "type": "Polygon",
        "coordinates": [
          [
            [
              24.14741477239441,
              56.90389867049948
            ],
            [
              24.163866003427277,
              56.90389867049948
            ],
            [
              24.163866003427277,
              56.91288178224939
            ],
            [
              24.14741477239441,
              56.91288178224939
            ],
            [
              24.14741477239441,
              56.90389867049948
            ]
          ]
        ]
      }
    },
    {
      "type": "Feature",
      "properties": {
        "grid_id": "R006C013"
      },
      "geometry": {
        "type": "Polygon",
        "coordinates": [
          [
            [
              24.163866003427277,
              56.90389867049948
            ],
            [
              24.180317234460144,
              56.90389867049948
            ],
            [
              24.180317234460144,
              56.91288178224939
            ],
            [
              24.163866003427277,
              56.91288178224939
            ],
            [
              24.163866003427277,
              56.90389867049948
            ]
          ]
        ]
      }
    },
    {
      "type": "Feature",
      "properties": {
        "grid_id": "R006C014"
      },
      "geometry": {
        "type": "Polygon",
        "coordinates": [
          [
            [
              24.180317234460144,
              56.90389867049948
            ],
            [
              24.19676846549301,
              56.90389867049948
            ],
            [
              24.19676846549301,
              56.91288178224939
            ],
            [
              24.180317234460144,
              56.91288178224939
            ],
            [
              24.180317234460144,
              56.90389867049948
            ]
          ]
        ]
      }
    },
    {
      "type": "Feature",
      "properties": {
        "grid_id": "R006C015"
      },
      "geometry": {
        "type": "Polygon",
        "coordinates": [
          [
            [
              24.19676846549301,
              56.90389867049948
            ],
            [
              24.21321969652588,
              56.90389867049948
            ],
            [
              24.21321969652588,
              56.91288178224939
            ],
            [
              24.19676846549301,
              56.91288178224939
            ],
            [
              24.19676846549301,
              56.90389867049948
            ]
          ]
        ]
      }
    },
    {
      "type": "Feature",
      "properties": {
        "grid_id": "R006C016"
      },
      "geometry": {
        "type": "Polygon",
        "coordinates": [
          [
            [
              24.21321969652588,
              56.90389867049948
            ],
            [
              24.229670927558747,
              56.90389867049948
            ],
            [
              24.229670927558747,
              56.91288178224939
            ],
            [
              24.21321969652588,
              56.91288178224939
            ],
            [
              24.21321969652588,
              56.90389867049948
            ]
          ]
        ]
      }
    },
    {
      "type": "Feature",
      "properties": {
        "grid_id": "R006C017"
      },
      "geometry": {
        "type": "Polygon",
        "coordinates": [
          [
            [
              24.229670927558747,
              56.90389867049948
            ],
            [
              24.246122158591614,
              56.90389867049948
            ],
            [
              24.246122158591614,
              56.91288178224939
            ],
            [
              24.229670927558747,
              56.91288178224939
            ],
            [
              24.229670927558747,
              56.90389867049948
            ]
          ]
        ]
      }
    },
    {
      "type": "Feature",
      "properties": {
        "grid_id": "R007C005"
      },
      "geometry": {
        "type": "Polygon",
        "coordinates": [
          [
            [
              24.032275947102665,
              56.91288178224939
            ],
            [
              24.048731136523198,
              56.91288178224939
            ],
            [
              24.048731136523198,
              56.921864893999306
            ],
            [
              24.032275947102665,
              56.921864893999306
            ],
            [
              24.032275947102665,
              56.91288178224939
            ]
          ]
        ]
      }
    },
    {
      "type": "Feature",
      "properties": {
        "grid_id": "R007C006"
      },
      "geometry": {
        "type": "Polygon",
        "coordinates": [
          [
            [
              24.048731136523198,
              56.91288178224939
            ],
            [
              24.06518632594373,
              56.91288178224939
            ],
            [
              24.06518632594373,
              56.921864893999306
            ],
            [
              24.048731136523198,
              56.921864893999306
            ],
            [
              24.048731136523198,
              56.91288178224939
            ]
          ]
        ]
      }
    },
    {
      "type": "Feature",
      "properties": {
        "grid_id": "R007C007"
      },
      "geometry": {
        "type": "Polygon",
        "coordinates": [
          [
            [
              24.06518632594373,
              56.91288178224939
            ],
            [
              24.081641515364264,
              56.91288178224939
            ],
            [
              24.081641515364264,
              56.921864893999306
            ],
            [
              24.06518632594373,
              56.921864893999306
            ],
            [
              24.06518632594373,
              56.91288178224939
            ]
          ]
        ]
      }
    },
    {
      "type": "Feature",
      "properties": {
        "grid_id": "R007C008"
      },
      "geometry": {
        "type": "Polygon",
        "coordinates": [
          [
            [
              24.081641515364264,
              56.91288178224939
            ],
            [
              24.098096704784798,
              56.91288178224939
            ],
            [
              24.098096704784798,
              56.921864893999306
            ],
            [
              24.081641515364264,
              56.921864893999306
            ],
            [
              24.081641515364264,
              56.91288178224939
            ]
          ]
        ]
      }
    },
    {
      "type": "Feature",
      "properties": {
        "grid_id": "R007C009"
      },
      "geometry": {
        "type": "Polygon",
        "coordinates": [
          [
            [
              24.098096704784798,
              56.91288178224939
            ],
            [
              24.11455189420533,
              56.91288178224939
            ],
            [
              24.11455189420533,
              56.921864893999306
            ],
            [
              24.098096704784798,
              56.921864893999306
            ],
            [
              24.098096704784798,
              56.91288178224939
            ]
          ]
        ]
      }
    },
    {
      "type": "Feature",
      "properties": {
        "grid_id": "R007C010"
      },
      "geometry": {
        "type": "Polygon",
        "coordinates": [
          [
            [
              24.11455189420533,
              56.91288178224939
            ],
            [
              24.131007083625864,
              56.91288178224939
            ],
            [
              24.131007083625864,
              56.921864893999306
            ],
            [
              24.11455189420533,
              56.921864893999306
            ],
            [
              24.11455189420533,
              56.91288178224939
            ]
          ]
        ]
      }
    },
    {
      "type": "Feature",
      "properties": {
        "grid_id": "R007C011"
      },
      "geometry": {
        "type": "Polygon",
        "coordinates": [
          [
            [
              24.131007083625864,
              56.91288178224939
            ],
            [
              24.147462273046397,
              56.91288178224939
            ],
            [
              24.147462273046397,
              56.921864893999306
            ],
            [
              24.131007083625864,
              56.921864893999306
            ],
            [
              24.131007083625864,
              56.91288178224939
            ]
          ]
        ]
      }
    },
    {
      "type": "Feature",
      "properties": {
        "grid_id": "R007C012"
      },
      "geometry": {
        "type": "Polygon",
        "coordinates": [
          [
            [
              24.147462273046397,
              56.91288178224939
            ],
            [
              24.16391746246693,
              56.91288178224939
            ],
            [
              24.16391746246693,
              56.921864893999306
            ],
            [
              24.147462273046397,
              56.921864893999306
            ],
            [
              24.147462273046397,
              56.91288178224939
            ]
          ]
        ]
      }
    },
    {
      "type": "Feature",
      "properties": {
        "grid_id": "R007C013"
      },
      "geometry": {
        "type": "Polygon",
        "coordinates": [
          [
            [
              24.16391746246693,
              56.91288178224939
            ],
            [
              24.180372651887463,
              56.91288178224939
            ],
            [
              24.180372651887463,
              56.921864893999306
            ],
            [
              24.16391746246693,
              56.921864893999306
            ],
            [
              24.16391746246693,
              56.91288178224939
            ]
          ]
        ]
      }
    },
    {
      "type": "Feature",
      "properties": {
        "grid_id": "R007C014"
      },
      "geometry": {
        "type": "Polygon",
        "coordinates": [
          [
            [
              24.180372651887463,
              56.91288178224939
            ],
            [
              24.196827841307996,
              56.91288178224939
            ],
            [
              24.196827841307996,
              56.921864893999306
            ],
            [
              24.180372651887463,
              56.921864893999306
            ],
            [
              24.180372651887463,
              56.91288178224939
            ]
          ]
        ]
      }
    },
    {
      "type": "Feature",
      "properties": {
        "grid_id": "R007C015"
      },
      "geometry": {
        "type": "Polygon",
        "coordinates": [
          [
            [
              24.196827841307996,
              56.91288178224939
            ],
            [
              24.21328303072853,
              56.91288178224939
            ],
            [
              24.21328303072853,
              56.921864893999306
            ],
            [
              24.196827841307996,
              56.921864893999306
            ],
            [
              24.196827841307996,
              56.91288178224939
            ]
          ]
        ]
      }
    },
    {
      "type": "Feature",
      "properties": {
        "grid_id": "R007C016"
      },
      "geometry": {
        "type": "Polygon",
        "coordinates": [
          [
            [
              24.21328303072853,
              56.91288178224939
            ],
            [
              24.229738220149063,
              56.91288178224939
            ],
            [
              24.229738220149063,
              56.921864893999306
            ],
            [
              24.21328303072853,
              56.921864893999306
            ],
            [
              24.21328303072853,
              56.91288178224939
            ]
          ]
        ]
      }
    },
    {
      "type": "Feature",
      "properties": {
        "grid_id": "R007C017"
      },
      "geometry": {
        "type": "Polygon",
        "coordinates": [
          [
            [
              24.229738220149063,
              56.91288178224939
            ],
            [
              24.246193409569596,
              56.91288178224939
            ],
            [
              24.246193409569596,
              56.921864893999306
            ],
            [
              24.229738220149063,
              56.921864893999306
            ],
            [
              24.229738220149063,
              56.91288178224939
            ]
          ]
        ]
      }
    },
    {
      "type": "Feature",
      "properties": {
        "grid_id": "R008C003"
      },
      "geometry": {
        "type": "Polygon",
        "coordinates": [
          [
            [
              23.99937745035469,
              56.921864893999306
            ],
            [
              24.01583660047292,
              56.921864893999306
            ],
            [
              24.01583660047292,
              56.93084800574922
            ],
            [
              23.99937745035469,
              56.93084800574922
            ],
            [
              23.99937745035469,
              56.921864893999306
            ]
          ]
        ]
      }
    },
    {
      "type": "Feature",
      "properties": {
        "grid_id": "R008C004"
      },
      "geometry": {
        "type": "Polygon",
        "coordinates": [
          [
            [
              24.01583660047292,
              56.921864893999306
            ],
            [
              24.03229575059115,
              56.921864893999306
            ],
            [
              24.03229575059115,
              56.93084800574922
            ],
            [
              24.01583660047292,
              56.93084800574922
            ],
            [
              24.01583660047292,
              56.921864893999306
            ]
          ]
        ]
      }
    },
    {
      "type": "Feature",
      "properties": {
        "grid_id": "R008C005"
      },
      "geometry": {
        "type": "Polygon",
        "coordinates": [
          [
            [
              24.03229575059115,
              56.921864893999306
            ],
            [
              24.04875490070938,
              56.921864893999306
            ],
            [
              24.04875490070938,
              56.93084800574922
            ],
            [
              24.03229575059115,
              56.93084800574922
            ],
            [
              24.03229575059115,
              56.921864893999306
            ]
          ]
        ]
      }
    },
    {
      "type": "Feature",
      "properties": {
        "grid_id": "R008C006"
      },
      "geometry": {
        "type": "Polygon",
        "coordinates": [
          [
            [
              24.04875490070938,
              56.921864893999306
            ],
            [
              24.06521405082761,
              56.921864893999306
            ],
            [
              24.06521405082761,
              56.93084800574922
            ],
            [
              24.04875490070938,
              56.93084800574922
            ],
            [
              24.04875490070938,
              56.921864893999306
            ]
          ]
        ]
      }
    },
    {
      "type": "Feature",
      "properties": {
        "grid_id": "R008C007"
      },
      "geometry": {
        "type": "Polygon",
        "coordinates": [
          [
            [
              24.06521405082761,
              56.921864893999306
            ],
            [
              24.08167320094584,
              56.921864893999306
            ],
            [
              24.08167320094584,
              56.93084800574922
            ],
            [
              24.06521405082761,
              56.93084800574922
            ],
            [
              24.06521405082761,
              56.921864893999306
            ]
          ]
        ]
      }
    },
    {
      "type": "Feature",
      "properties": {
        "grid_id": "R008C008"
      },
      "geometry": {
        "type": "Polygon",
        "coordinates": [
          [
            [
              24.08167320094584,
              56.921864893999306
            ],
            [
              24.09813235106407,
              56.921864893999306
            ],
            [
              24.09813235106407,
              56.93084800574922
            ],
            [
              24.08167320094584,
              56.93084800574922
            ],
            [
              24.08167320094584,
              56.921864893999306
            ]
          ]
        ]
      }
    },
    {
      "type": "Feature",
      "properties": {
        "grid_id": "R008C009"
      },
      "geometry": {
        "type": "Polygon",
        "coordinates": [
          [
            [
              24.09813235106407,
              56.921864893999306
            ],
            [
              24.1145915011823,
              56.921864893999306
            ],
            [
              24.1145915011823,
              56.93084800574922
            ],
            [
              24.09813235106407,
              56.93084800574922
            ],
            [
              24.09813235106407,
              56.921864893999306
            ]
          ]
        ]
      }
    },
    {
      "type": "Feature",
      "properties": {
        "grid_id": "R008C010"
      },
      "geometry": {
        "type": "Polygon",
        "coordinates": [
          [
            [
              24.1145915011823,
              56.921864893999306
            ],
            [
              24.13105065130053,
              56.921864893999306
            ],
            [
              24.13105065130053,
              56.93084800574922
            ],
            [
              24.1145915011823,
              56.93084800574922
            ],
            [
              24.1145915011823,
              56.921864893999306
            ]
          ]
        ]
      }
    },
    {
      "type": "Feature",
      "properties": {
        "grid_id": "R008C011"
      },
      "geometry": {
        "type": "Polygon",
        "coordinates": [
          [
            [
              24.13105065130053,
              56.921864893999306
            ],
            [
              24.14750980141876,
              56.921864893999306
            ],
            [
              24.14750980141876,
              56.93084800574922
            ],
            [
              24.13105065130053,
              56.93084800574922
            ],
            [
              24.13105065130053,
              56.921864893999306
            ]
          ]
        ]
      }
    },
    {
      "type": "Feature",
      "properties": {
        "grid_id": "R008C012"
      },
      "geometry": {
        "type": "Polygon",
        "coordinates": [
          [
            [
              24.14750980141876,
              56.921864893999306
            ],
            [
              24.16396895153699,
              56.921864893999306
            ],
            [
              24.16396895153699,
              56.93084800574922
            ],
            [
              24.14750980141876,
              56.93084800574922
            ],
            [
              24.14750980141876,
              56.921864893999306
            ]
          ]
        ]
      }
    },
    {
      "type": "Feature",
      "properties": {
        "grid_id": "R008C013"
      },
      "geometry": {
        "type": "Polygon",
        "coordinates": [
          [
            [
              24.16396895153699,
              56.921864893999306
            ],
            [
              24.18042810165522,
              56.921864893999306
            ],
            [
              24.18042810165522,
              56.93084800574922
            ],
            [
              24.16396895153699,
              56.93084800574922
            ],
            [
              24.16396895153699,
              56.921864893999306
            ]
          ]
        ]
      }
    },
    {
      "type": "Feature",
      "properties": {
        "grid_id": "R008C014"
      },
      "geometry": {
        "type": "Polygon",
        "coordinates": [
          [
            [
              24.18042810165522,
              56.921864893999306
            ],
            [
              24.19688725177345,
              56.921864893999306
            ],
            [
              24.19688725177345,
              56.93084800574922
            ],
            [
              24.18042810165522,
              56.93084800574922
            ],
            [
              24.18042810165522,
              56.921864893999306
            ]
          ]
        ]
      }
    },
    {
      "type": "Feature",
      "properties": {
        "grid_id": "R008C015"
      },
      "geometry": {
        "type": "Polygon",
        "coordinates": [
          [
            [
              24.19688725177345,
              56.921864893999306
            ],
            [
              24.21334640189168,
              56.921864893999306
            ],
            [
              24.21334640189168,
              56.93084800574922
            ],
            [
              24.19688725177345,
              56.93084800574922
            ],
            [
              24.19688725177345,
              56.921864893999306
            ]
          ]
        ]
      }
    },
    {
      "type": "Feature",
      "properties": {
        "grid_id": "R008C016"
      },
      "geometry": {
        "type": "Polygon",
        "coordinates": [
          [
            [
              24.21334640189168,
              56.921864893999306
            ],
            [
              24.22980555200991,
              56.921864893999306
            ],
            [
              24.22980555200991,
              56.93084800574922
            ],
            [
              24.21334640189168,
              56.93084800574922
            ],
            [
              24.21334640189168,
              56.921864893999306
            ]
          ]
        ]
      }
    },
    {
      "type": "Feature",
      "properties": {
        "grid_id": "R008C017"
      },
      "geometry": {
        "type": "Polygon",
        "coordinates": [
          [
            [
              24.22980555200991,
              56.921864893999306
            ],
            [
              24.24626470212814,
              56.921864893999306
            ],
            [
              24.24626470212814,
              56.93084800574922
            ],
            [
              24.22980555200991,
              56.93084800574922
            ],
            [
              24.22980555200991,
              56.921864893999306
            ]
          ]
        ]
      }
    },
    {
      "type": "Feature",
      "properties": {
        "grid_id": "R008C018"
      },
      "geometry": {
        "type": "Polygon",
        "coordinates": [
          [
            [
              24.24626470212814,
              56.921864893999306
            ],
            [
              24.26272385224637,
              56.921864893999306
            ],
            [
              24.26272385224637,
              56.93084800574922
            ],
            [
              24.24626470212814,
              56.93084800574922
            ],
            [
              24.24626470212814,
              56.921864893999306
            ]
          ]
        ]
      }
    },
    {
      "type": "Feature",
      "properties": {
        "grid_id": "R009C000"
      },
      "geometry": {
        "type": "Polygon",
        "coordinates": [
          [
            [
              23.95,
              56.93084800574922
            ],
            [
              23.96646311312782,
              56.93084800574922
            ],
            [
              23.96646311312782,
              56.93983111749913
            ],
            [
              23.95,
              56.93983111749913
            ],
            [
              23.95,
              56.93084800574922
            ]
          ]
        ]
      }
    },
    {
      "type": "Feature",
      "properties": {
        "grid_id": "R009C001"
      },
      "geometry": {
        "type": "Polygon",
        "coordinates": [
          [
            [
              23.96646311312782,
              56.93084800574922
            ],
            [
              23.98292622625564,
              56.93084800574922
            ],
            [
              23.98292622625564,
              56.93983111749913
            ],
            [
              23.96646311312782,
              56.93983111749913
            ],
            [
              23.96646311312782,
              56.93084800574922
            ]
          ]
        ]
      }
    },
    {
      "type": "Feature",
      "properties": {
        "grid_id": "R009C002"
      },
      "geometry": {
        "type": "Polygon",
        "coordinates": [
          [
            [
              23.98292622625564,
              56.93084800574922
            ],
            [
              23.99938933938346,
              56.93084800574922
            ],
            [
              23.99938933938346,
              56.93983111749913
            ],
            [
              23.98292622625564,
              56.93983111749913
            ],
            [
              23.98292622625564,
              56.93084800574922
            ]
          ]
        ]
      }
    },
    {
      "type": "Feature",
      "properties": {
        "grid_id": "R009C003"
      },
      "geometry": {
        "type": "Polygon",
        "coordinates": [
          [
            [
              23.99938933938346,
              56.93084800574922
            ],
            [
              24.01585245251128,
              56.93084800574922
            ],
            [
              24.01585245251128,
              56.93983111749913
            ],
            [
              23.99938933938346,
              56.93983111749913
            ],
            [
              23.99938933938346,
              56.93084800574922
            ]
          ]
        ]
      }
    },
    {
      "type": "Feature",
      "properties": {
        "grid_id": "R009C004"
      },
      "geometry": {
        "type": "Polygon",
        "coordinates": [
          [
            [
              24.01585245251128,
              56.93084800574922
            ],
            [
              24.0323155656391,
              56.93084800574922
            ],
            [
              24.0323155656391,
              56.93983111749913
            ],
            [
              24.01585245251128,
              56.93983111749913
            ],
            [
              24.01585245251128,
              56.93084800574922
            ]
          ]
        ]
      }
    },
    {
      "type": "Feature",
      "properties": {
        "grid_id": "R009C005"
      },
      "geometry": {
        "type": "Polygon",
        "coordinates": [
          [
            [
              24.0323155656391,
              56.93084800574922
            ],
            [
              24.04877867876692,
              56.93084800574922
            ],
            [
              24.04877867876692,
              56.93983111749913
            ],
            [
              24.0323155656391,
              56.93983111749913
            ],
            [
              24.0323155656391,
              56.93084800574922
            ]
          ]
        ]
      }
    },
    {
      "type": "Feature",
      "properties": {
        "grid_id": "R009C006"
      },
      "geometry": {
        "type": "Polygon",
        "coordinates": [
          [
            [
              24.04877867876692,
              56.93084800574922
            ],
            [
              24.06524179189474,
              56.93084800574922
            ],
            [
              24.06524179189474,
              56.93983111749913
            ],
            [
              24.04877867876692,
              56.93983111749913
            ],
            [
              24.04877867876692,
              56.93084800574922
            ]
          ]
        ]
      }
    },
    {
      "type": "Feature",
      "properties": {
        "grid_id": "R009C007"
      },
      "geometry": {
        "type": "Polygon",
        "coordinates": [
          [
            [
              24.06524179189474,
              56.93084800574922
            ],
            [
              24.08170490502256,
              56.93084800574922
            ],
            [
              24.08170490502256,
              56.93983111749913
            ],
            [
              24.06524179189474,
              56.93983111749913
            ],
            [
              24.06524179189474,
              56.93084800574922
            ]
          ]
        ]
      }
    },
    {
      "type": "Feature",
      "properties": {
        "grid_id": "R009C008"
      },
      "geometry": {
        "type": "Polygon",
        "coordinates": [
          [
            [
              24.08170490502256,
              56.93084800574922
            ],
            [
              24.09816801815038,
              56.93084800574922
            ],
            [
              24.09816801815038,
              56.93983111749913
            ],
            [
              24.08170490502256,
              56.93983111749913
            ],
            [
              24.08170490502256,
              56.93084800574922
            ]
          ]
        ]
      }
    },
    {
      "type": "Feature",
      "properties": {
        "grid_id": "R009C009"
      },
      "geometry": {
        "type": "Polygon",
        "coordinates": [
          [
            [
              24.09816801815038,
              56.93084800574922
            ],
            [
              24.1146311312782,
              56.93084800574922
            ],
            [
              24.1146311312782,
              56.93983111749913
            ],
            [
              24.09816801815038,
              56.93983111749913
            ],
            [
              24.09816801815038,
              56.93084800574922
            ]
          ]
        ]
      }
    },
    {
      "type": "Feature",
      "properties": {
        "grid_id": "R009C010"
      },
      "geometry": {
        "type": "Polygon",
        "coordinates": [
          [
            [
              24.1146311312782,
              56.93084800574922
            ],
            [
              24.131094244406018,
              56.93084800574922
            ],
            [
              24.131094244406018,
              56.93983111749913
            ],
            [
              24.1146311312782,
              56.93983111749913
            ],
            [
              24.1146311312782,
              56.93084800574922
            ]
          ]
        ]
      }
    },
    {
      "type": "Feature",
      "properties": {
        "grid_id": "R009C011"
      },
      "geometry": {
        "type": "Polygon",
        "coordinates": [
          [
            [
              24.131094244406018,
              56.93084800574922
            ],
            [
              24.147557357533838,
              56.93084800574922
            ],
            [
              24.147557357533838,
              56.93983111749913
            ],
            [
              24.131094244406018,
              56.93983111749913
            ],
            [
              24.131094244406018,
              56.93084800574922
            ]
          ]
        ]
      }
    },
    {
      "type": "Feature",
      "properties": {
        "grid_id": "R009C012"
      },
      "geometry": {
        "type": "Polygon",
        "coordinates": [
          [
            [
              24.147557357533838,
              56.93084800574922
            ],
            [
              24.164020470661658,
              56.93084800574922
            ],
            [
              24.164020470661658,
              56.93983111749913
            ],
            [
              24.147557357533838,
              56.93983111749913
            ],
            [
              24.147557357533838,
              56.93084800574922
            ]
          ]
        ]
      }
    },
    {
      "type": "Feature",
      "properties": {
        "grid_id": "R009C013"
      },
      "geometry": {
        "type": "Polygon",
        "coordinates": [
          [
            [
              24.164020470661658,
              56.93084800574922
            ],
            [
              24.180483583789478,
              56.93084800574922
            ],
            [
              24.180483583789478,
              56.93983111749913
            ],
            [
              24.164020470661658,
              56.93983111749913
            ],
            [
              24.164020470661658,
              56.93084800574922
            ]
          ]
        ]
      }
    },
    {
      "type": "Feature",
      "properties": {
        "grid_id": "R009C014"
      },
      "geometry": {
        "type": "Polygon",
        "coordinates": [
          [
            [
              24.180483583789478,
              56.93084800574922
            ],
            [
              24.196946696917298,
              56.93084800574922
            ],
            [
              24.196946696917298,
              56.93983111749913
            ],
            [
              24.180483583789478,
              56.93983111749913
            ],
            [
              24.180483583789478,
              56.93084800574922
            ]
          ]
        ]
      }
    },
    {
      "type": "Feature",
      "properties": {
        "grid_id": "R009C015"
      },
      "geometry": {
        "type": "Polygon",
        "coordinates": [
          [
            [
              24.196946696917298,
              56.93084800574922
            ],
            [
              24.213409810045118,
              56.93084800574922
            ],
            [
              24.213409810045118,
              56.93983111749913
            ],
            [
              24.196946696917298,
              56.93983111749913
            ],
            [
              24.196946696917298,
              56.93084800574922
            ]
          ]
        ]
      }
    },
    {
      "type": "Feature",
      "properties": {
        "grid_id": "R009C016"
      },
      "geometry": {
        "type": "Polygon",
        "coordinates": [
          [
            [
              24.213409810045118,
              56.93084800574922
            ],
            [
              24.229872923172938,
              56.93084800574922
            ],
            [
              24.229872923172938,
              56.93983111749913
            ],
            [
              24.213409810045118,
              56.93983111749913
            ],
            [
              24.213409810045118,
              56.93084800574922
            ]
          ]
        ]
      }
    },
    {
      "type": "Feature",
      "properties": {
        "grid_id": "R009C017"
      },
      "geometry": {
        "type": "Polygon",
        "coordinates": [
          [
            [
              24.229872923172938,
              56.93084800574922
            ],
            [
              24.246336036300757,
              56.93084800574922
            ],
            [
              24.246336036300757,
              56.93983111749913
            ],
            [
              24.229872923172938,
              56.93983111749913
            ],
            [
              24.229872923172938,
              56.93084800574922
            ]
          ]
        ]
      }
    },
    {
      "type": "Feature",
      "properties": {
        "grid_id": "R009C018"
      },
      "geometry": {
        "type": "Polygon",
        "coordinates": [
          [
            [
              24.246336036300757,
              56.93084800574922
            ],
            [
              24.262799149428577,
              56.93084800574922
            ],
            [
              24.262799149428577,
              56.93983111749913
            ],
            [
              24.246336036300757,
              56.93983111749913
            ],
            [
              24.246336036300757,
              56.93084800574922
            ]
          ]
        ]
      }
    },
    {
      "type": "Feature",
      "properties": {
        "grid_id": "R010C000"
      },
      "geometry": {
        "type": "Polygon",
        "coordinates": [
          [
            [
              23.95,
              56.93983111749913
            ],
            [
              23.966467078451164,
              56.93983111749913
            ],
            [
              23.966467078451164,
              56.948814229249045
            ],
            [
              23.95,
              56.948814229249045
            ],
            [
              23.95,
              56.93983111749913
            ]
          ]
        ]
      }
    },
    {
      "type": "Feature",
      "properties": {
        "grid_id": "R010C001"
      },
      "geometry": {
        "type": "Polygon",
        "coordinates": [
          [
            [
              23.966467078451164,
              56.93983111749913
            ],
            [
              23.982934156902328,
              56.93983111749913
            ],
            [
              23.982934156902328,
              56.948814229249045
            ],
            [
              23.966467078451164,
              56.948814229249045
            ],
            [
              23.966467078451164,
              56.93983111749913
            ]
          ]
        ]
      }
    },
    {
      "type": "Feature",
      "properties": {
        "grid_id": "R010C002"
      },
      "geometry": {
        "type": "Polygon",
        "coordinates": [
          [
            [
              23.982934156902328,
              56.93983111749913
            ],
            [
              23.999401235353492,
              56.93983111749913
            ],
            [
              23.999401235353492,
              56.948814229249045
            ],
            [
              23.982934156902328,
              56.948814229249045
            ],
            [
              23.982934156902328,
              56.93983111749913
            ]
          ]
        ]
      }
    },
    {
      "type": "Feature",
      "properties": {
        "grid_id": "R010C003"
      },
      "geometry": {
        "type": "Polygon",
        "coordinates": [
          [
            [
              23.999401235353492,
              56.93983111749913
            ],
            [
              24.015868313804656,
              56.93983111749913
            ],
            [
              24.015868313804656,
              56.948814229249045
            ],
            [
              23.999401235353492,
              56.948814229249045
            ],
            [
              23.999401235353492,
              56.93983111749913
            ]
          ]
        ]
      }
    },
    {
      "type": "Feature",
      "properties": {
        "grid_id": "R010C004"
      },
      "geometry": {
        "type": "Polygon",
        "coordinates": [
          [
            [
              24.015868313804656,
              56.93983111749913
            ],
            [
              24.03233539225582,
              56.93983111749913
            ],
            [
              24.03233539225582,
              56.948814229249045
            ],
            [
              24.015868313804656,
              56.948814229249045
            ],
            [
              24.015868313804656,
              56.93983111749913
            ]
          ]
        ]
      }
    },
    {
      "type": "Feature",
      "properties": {
        "grid_id": "R010C005"
      },
      "geometry": {
        "type": "Polygon",
        "coordinates": [
          [
            [
              24.03233539225582,
              56.93983111749913
            ],
            [
              24.048802470706985,
              56.93983111749913
            ],
            [
              24.048802470706985,
              56.948814229249045
            ],
            [
              24.03233539225582,
              56.948814229249045
            ],
            [
              24.03233539225582,
              56.93983111749913
            ]
          ]
        ]
      }
    },
    {
      "type": "Feature",
      "properties": {
        "grid_id": "R010C006"
      },
      "geometry": {
        "type": "Polygon",
        "coordinates": [
          [
            [
              24.048802470706985,
              56.93983111749913
            ],
            [
              24.06526954915815,
              56.93983111749913
            ],
            [
              24.06526954915815,
              56.948814229249045
            ],
            [
              24.048802470706985,
              56.948814229249045
            ],
            [
              24.048802470706985,
              56.93983111749913
            ]
          ]
        ]
      }
    },
    {
      "type": "Feature",
      "properties": {
        "grid_id": "R010C007"
      },
      "geometry": {
        "type": "Polygon",
        "coordinates": [
          [
            [
              24.06526954915815,
              56.93983111749913
            ],
            [
              24.081736627609313,
              56.93983111749913
            ],
            [
              24.081736627609313,
              56.948814229249045
            ],
            [
              24.06526954915815,
              56.948814229249045
            ],
            [
              24.06526954915815,
              56.93983111749913
            ]
          ]
        ]
      }
    },
    {
      "type": "Feature",
      "properties": {
        "grid_id": "R010C008"
      },
      "geometry": {
        "type": "Polygon",
        "coordinates": [
          [
            [
              24.081736627609313,
              56.93983111749913
            ],
            [
              24.098203706060477,
              56.93983111749913
            ],
            [
              24.098203706060477,
              56.948814229249045
            ],
            [
              24.081736627609313,
              56.948814229249045
            ],
            [
              24.081736627609313,
              56.93983111749913
            ]
          ]
        ]
      }
    },
    {
      "type": "Feature",
      "properties": {
        "grid_id": "R010C009"
      },
      "geometry": {
        "type": "Polygon",
        "coordinates": [
          [
            [
              24.098203706060477,
              56.93983111749913
            ],
            [
              24.11467078451164,
              56.93983111749913
            ],
            [
              24.11467078451164,
              56.948814229249045
            ],
            [
              24.098203706060477,
              56.948814229249045
            ],
            [
              24.098203706060477,
              56.93983111749913
            ]
          ]
        ]
      }
    },
    {
      "type": "Feature",
      "properties": {
        "grid_id": "R010C010"
      },
      "geometry": {
        "type": "Polygon",
        "coordinates": [
          [
            [
              24.11467078451164,
              56.93983111749913
            ],
            [
              24.131137862962806,
              56.93983111749913
            ],
            [
              24.131137862962806,
              56.948814229249045
            ],
            [
              24.11467078451164,
              56.948814229249045
            ],
            [
              24.11467078451164,
              56.93983111749913
            ]
          ]
        ]
      }
    },
    {
      "type": "Feature",
      "properties": {
        "grid_id": "R010C011"
      },
      "geometry": {
        "type": "Polygon",
        "coordinates": [
          [
            [
              24.131137862962806,
              56.93983111749913
            ],
            [
              24.14760494141397,
              56.93983111749913
            ],
            [
              24.14760494141397,
              56.948814229249045
            ],
            [
              24.131137862962806,
              56.948814229249045
            ],
            [
              24.131137862962806,
              56.93983111749913
            ]
          ]
        ]
      }
    },
    {
      "type": "Feature",
      "properties": {
        "grid_id": "R010C012"
      },
      "geometry": {
        "type": "Polygon",
        "coordinates": [
          [
            [
              24.14760494141397,
              56.93983111749913
            ],
            [
              24.164072019865134,
              56.93983111749913
            ],
            [
              24.164072019865134,
              56.948814229249045
            ],
            [
              24.14760494141397,
              56.948814229249045
            ],
            [
              24.14760494141397,
              56.93983111749913
            ]
          ]
        ]
      }
    },
    {
      "type": "Feature",
      "properties": {
        "grid_id": "R010C013"
      },
      "geometry": {
        "type": "Polygon",
        "coordinates": [
          [
            [
              24.164072019865134,
              56.93983111749913
            ],
            [
              24.1805390983163,
              56.93983111749913
            ],
            [
              24.1805390983163,
              56.948814229249045
            ],
            [
              24.164072019865134,
              56.948814229249045
            ],
            [
              24.164072019865134,
              56.93983111749913
            ]
          ]
        ]
      }
    },
    {
      "type": "Feature",
      "properties": {
        "grid_id": "R010C014"
      },
      "geometry": {
        "type": "Polygon",
        "coordinates": [
          [
            [
              24.1805390983163,
              56.93983111749913
            ],
            [
              24.197006176767463,
              56.93983111749913
            ],
            [
              24.197006176767463,
              56.948814229249045
            ],
            [
              24.1805390983163,
              56.948814229249045
            ],
            [
              24.1805390983163,
              56.93983111749913
            ]
          ]
        ]
      }
    },
    {
      "type": "Feature",
      "properties": {
        "grid_id": "R010C015"
      },
      "geometry": {
        "type": "Polygon",
        "coordinates": [
          [
            [
              24.197006176767463,
              56.93983111749913
            ],
            [
              24.213473255218627,
              56.93983111749913
            ],
            [
              24.213473255218627,
              56.948814229249045
            ],
            [
              24.197006176767463,
              56.948814229249045
            ],
            [
              24.197006176767463,
              56.93983111749913
            ]
          ]
        ]
      }
    },
    {
      "type": "Feature",
      "properties": {
        "grid_id": "R010C016"
      },
      "geometry": {
        "type": "Polygon",
        "coordinates": [
          [
            [
              24.213473255218627,
              56.93983111749913
            ],
            [
              24.22994033366979,
              56.93983111749913
            ],
            [
              24.22994033366979,
              56.948814229249045
            ],
            [
              24.213473255218627,
              56.948814229249045
            ],
            [
              24.213473255218627,
              56.93983111749913
            ]
          ]
        ]
      }
    },
    {
      "type": "Feature",
      "properties": {
        "grid_id": "R010C017"
      },
      "geometry": {
        "type": "Polygon",
        "coordinates": [
          [
            [
              24.22994033366979,
              56.93983111749913
            ],
            [
              24.246407412120956,
              56.93983111749913
            ],
            [
              24.246407412120956,
              56.948814229249045
            ],
            [
              24.22994033366979,
              56.948814229249045
            ],
            [
              24.22994033366979,
              56.93983111749913
            ]
          ]
        ]
      }
    },
    {
      "type": "Feature",
      "properties": {
        "grid_id": "R010C018"
      },
      "geometry": {
        "type": "Polygon",
        "coordinates": [
          [
            [
              24.246407412120956,
              56.93983111749913
            ],
            [
              24.26287449057212,
              56.93983111749913
            ],
            [
              24.26287449057212,
              56.948814229249045
            ],
            [
              24.246407412120956,
              56.948814229249045
            ],
            [
              24.246407412120956,
              56.93983111749913
            ]
          ]
        ]
      }
    },
    {
      "type": "Feature",
      "properties": {
        "grid_id": "R011C000"
      },
      "geometry": {
        "type": "Polygon",
        "coordinates": [
          [
            [
              23.95,
              56.948814229249045
            ],
            [
              23.966471046090135,
              56.948814229249045
            ],
            [
              23.966471046090135,
              56.95779734099896
            ],
            [
              23.95,
              56.95779734099896
            ],
            [
              23.95,
              56.948814229249045
            ]
          ]
        ]
      }
    },
    {
      "type": "Feature",
      "properties": {
        "grid_id": "R011C001"
      },
      "geometry": {
        "type": "Polygon",
        "coordinates": [
          [
            [
              23.966471046090135,
              56.948814229249045
            ],
            [
              23.98294209218027,
              56.948814229249045
            ],
            [
              23.98294209218027,
              56.95779734099896
            ],
            [
              23.966471046090135,
              56.95779734099896
            ],
            [
              23.966471046090135,
              56.948814229249045
            ]
          ]
        ]
      }
    },
    {
      "type": "Feature",
      "properties": {
        "grid_id": "R011C002"
      },
      "geometry": {
        "type": "Polygon",
        "coordinates": [
          [
            [
              23.98294209218027,
              56.948814229249045
            ],
            [
              23.999413138270405,
              56.948814229249045
            ],
            [
              23.999413138270405,
              56.95779734099896
            ],
            [
              23.98294209218027,
              56.95779734099896
            ],
            [
              23.98294209218027,
              56.948814229249045
            ]
          ]
        ]
      }
    },
    {
      "type": "Feature",
      "properties": {
        "grid_id": "R011C003"
      },
      "geometry": {
        "type": "Polygon",
        "coordinates": [
          [
            [
              23.999413138270405,
              56.948814229249045
            ],
            [
              24.01588418436054,
              56.948814229249045
            ],
            [
              24.01588418436054,
              56.95779734099896
            ],
            [
              23.999413138270405,
              56.95779734099896
            ],
            [
              23.999413138270405,
              56.948814229249045
            ]
          ]
        ]
      }
    },
    {
      "type": "Feature",
      "properties": {
        "grid_id": "R011C004"
      },
      "geometry": {
        "type": "Polygon",
        "coordinates": [
          [
            [
              24.01588418436054,
              56.948814229249045
            ],
            [
              24.032355230450676,
              56.948814229249045
            ],
            [
              24.032355230450676,
              56.95779734099896
            ],
            [
              24.01588418436054,
              56.95779734099896
            ],
            [
              24.01588418436054,
              56.948814229249045
            ]
          ]
        ]
      }
    },
    {
      "type": "Feature",
      "properties": {
        "grid_id": "R011C005"
      },
      "geometry": {
        "type": "Polygon",
        "coordinates": [
          [
            [
              24.032355230450676,
              56.948814229249045
            ],
            [
              24.04882627654081,
              56.948814229249045
            ],
            [
              24.04882627654081,
              56.95779734099896
            ],
            [
              24.032355230450676,
              56.95779734099896
            ],
            [
              24.032355230450676,
              56.948814229249045
            ]
          ]
        ]
      }
    },
    {
      "type": "Feature",
      "properties": {
        "grid_id": "R011C006"
      },
      "geometry": {
        "type": "Polygon",
        "coordinates": [
          [
            [
              24.04882627654081,
              56.948814229249045
            ],
            [
              24.065297322630947,
              56.948814229249045
            ],
            [
              24.065297322630947,
              56.95779734099896
            ],
            [
              24.04882627654081,
              56.95779734099896
            ],
            [
              24.04882627654081,
              56.948814229249045
            ]
          ]
        ]
      }
    },
    {
      "type": "Feature",
      "properties": {
        "grid_id": "R011C007"
      },
      "geometry": {
        "type": "Polygon",
        "coordinates": [
          [
            [
              24.065297322630947,
              56.948814229249045
            ],
            [
              24.081768368721082,
              56.948814229249045
            ],
            [
              24.081768368721082,
              56.95779734099896
            ],
            [
              24.065297322630947,
              56.95779734099896
            ],
            [
              24.065297322630947,
              56.948814229249045
            ]
          ]
        ]
      }
    },
    {
      "type": "Feature",
      "properties": {
        "grid_id": "R011C008"
      },
      "geometry": {
        "type": "Polygon",
        "coordinates": [
          [
            [
              24.081768368721082,
              56.948814229249045
            ],
            [
              24.098239414811218,
              56.948814229249045
            ],
            [
              24.098239414811218,
              56.95779734099896
            ],
            [
              24.081768368721082,
              56.95779734099896
            ],
            [
              24.081768368721082,
              56.948814229249045
            ]
          ]
        ]
      }
    },
    {
      "type": "Feature",
      "properties": {
        "grid_id": "R011C009"
      },
      "geometry": {
        "type": "Polygon",
        "coordinates": [
          [
            [
              24.098239414811218,
              56.948814229249045
            ],
            [
              24.114710460901353,
              56.948814229249045
            ],
            [
              24.114710460901353,
              56.95779734099896
            ],
            [
              24.098239414811218,
              56.95779734099896
            ],
            [
              24.098239414811218,
              56.948814229249045
            ]
          ]
        ]
      }
    },
    {
      "type": "Feature",
      "properties": {
        "grid_id": "R011C010"
      },
      "geometry": {
        "type": "Polygon",
        "coordinates": [
          [
            [
              24.114710460901353,
              56.948814229249045
            ],
            [
              24.13118150699149,
              56.948814229249045
            ],
            [
              24.13118150699149,
              56.95779734099896
            ],
            [
              24.114710460901353,
              56.95779734099896
            ],
            [
              24.114710460901353,
              56.948814229249045
            ]
          ]
        ]
      }
    },
    {
      "type": "Feature",
      "properties": {
        "grid_id": "R011C011"
      },
      "geometry": {
        "type": "Polygon",
        "coordinates": [
          [
            [
              24.13118150699149,
              56.948814229249045
            ],
            [
              24.147652553081624,
              56.948814229249045
            ],
            [
              24.147652553081624,
              56.95779734099896
            ],
            [
              24.13118150699149,
              56.95779734099896
            ],
            [
              24.13118150699149,
              56.948814229249045
            ]
          ]
        ]
      }
    },
    {
      "type": "Feature",
      "properties": {
        "grid_id": "R011C012"
      },
      "geometry": {
        "type": "Polygon",
        "coordinates": [
          [
            [
              24.147652553081624,
              56.948814229249045
            ],
            [
              24.16412359917176,
              56.948814229249045
            ],
            [
              24.16412359917176,
              56.95779734099896
            ],
            [
              24.147652553081624,
              56.95779734099896
            ],
            [
              24.147652553081624,
              56.948814229249045
            ]
          ]
        ]
      }
    },
    {
      "type": "Feature",
      "properties": {
        "grid_id": "R011C013"
      },
      "geometry": {
        "type": "Polygon",
        "coordinates": [
          [
            [
              24.16412359917176,
              56.948814229249045
            ],
            [
              24.180594645261895,
              56.948814229249045
            ],
            [
              24.180594645261895,
              56.95779734099896
            ],
            [
              24.16412359917176,
              56.95779734099896
            ],
            [
              24.16412359917176,
              56.948814229249045
            ]
          ]
        ]
      }
    },
    {
      "type": "Feature",
      "properties": {
        "grid_id": "R011C014"
      },
      "geometry": {
        "type": "Polygon",
        "coordinates": [
          [
            [
              24.180594645261895,
              56.948814229249045
            ],
            [
              24.19706569135203,
              56.948814229249045
            ],
            [
              24.19706569135203,
              56.95779734099896
            ],
            [
              24.180594645261895,
              56.95779734099896
            ],
            [
              24.180594645261895,
              56.948814229249045
            ]
          ]
        ]
      }
    },
    {
      "type": "Feature",
      "properties": {
        "grid_id": "R011C015"
      },
      "geometry": {
        "type": "Polygon",
        "coordinates": [
          [
            [
              24.19706569135203,
              56.948814229249045
            ],
            [
              24.213536737442166,
              56.948814229249045
            ],
            [
              24.213536737442166,
              56.95779734099896
            ],
            [
              24.19706569135203,
              56.95779734099896
            ],
            [
              24.19706569135203,
              56.948814229249045
            ]
          ]
        ]
      }
    },
    {
      "type": "Feature",
      "properties": {
        "grid_id": "R011C016"
      },
      "geometry": {
        "type": "Polygon",
        "coordinates": [
          [
            [
              24.213536737442166,
              56.948814229249045
            ],
            [
              24.2300077835323,
              56.948814229249045
            ],
            [
              24.2300077835323,
              56.95779734099896
            ],
            [
              24.213536737442166,
              56.95779734099896
            ],
            [
              24.213536737442166,
              56.948814229249045
            ]
          ]
        ]
      }
    },
    {
      "type": "Feature",
      "properties": {
        "grid_id": "R011C017"
      },
      "geometry": {
        "type": "Polygon",
        "coordinates": [
          [
            [
              24.2300077835323,
              56.948814229249045
            ],
            [
              24.246478829622436,
              56.948814229249045
            ],
            [
              24.246478829622436,
              56.95779734099896
            ],
            [
              24.2300077835323,
              56.95779734099896
            ],
            [
              24.2300077835323,
              56.948814229249045
            ]
          ]
        ]
      }
    },
    {
      "type": "Feature",
      "properties": {
        "grid_id": "R011C018"
      },
      "geometry": {
        "type": "Polygon",
        "coordinates": [
          [
            [
              24.246478829622436,
              56.948814229249045
            ],
            [
              24.26294987571257,
              56.948814229249045
            ],
            [
              24.26294987571257,
              56.95779734099896
            ],
            [
              24.246478829622436,
              56.95779734099896
            ],
            [
              24.246478829622436,
              56.948814229249045
            ]
          ]
        ]
      }
    },
    {
      "type": "Feature",
      "properties": {
        "grid_id": "R011C019"
      },
      "geometry": {
        "type": "Polygon",
        "coordinates": [
          [
            [
              24.26294987571257,
              56.948814229249045
            ],
            [
              24.279420921802707,
              56.948814229249045
            ],
            [
              24.279420921802707,
              56.95779734099896
            ],
            [
              24.26294987571257,
              56.95779734099896
            ],
            [
              24.26294987571257,
              56.948814229249045
            ]
          ]
        ]
      }
    },
    {
      "type": "Feature",
      "properties": {
        "grid_id": "R012C001"
      },
      "geometry": {
        "type": "Polygon",
        "coordinates": [
          [
            [
              23.9664750160466,
              56.95779734099896
            ],
            [
              23.982950032093203,
              56.95779734099896
            ],
            [
              23.982950032093203,
              56.96678045274887
            ],
            [
              23.9664750160466,
              56.96678045274887
            ],
            [
              23.9664750160466,
              56.95779734099896
            ]
          ]
        ]
      }
    },
    {
      "type": "Feature",
      "properties": {
        "grid_id": "R012C002"
      },
      "geometry": {
        "type": "Polygon",
        "coordinates": [
          [
            [
              23.982950032093203,
              56.95779734099896
            ],
            [
              23.999425048139805,
              56.95779734099896
            ],
            [
              23.999425048139805,
              56.96678045274887
            ],
            [
              23.982950032093203,
              56.96678045274887
            ],
            [
              23.982950032093203,
              56.95779734099896
            ]
          ]
        ]
      }
    },
    {
      "type": "Feature",
      "properties": {
        "grid_id": "R012C003"
      },
      "geometry": {
        "type": "Polygon",
        "coordinates": [
          [
            [
              23.999425048139805,
              56.95779734099896
            ],
            [
              24.015900064186408,
              56.95779734099896
            ],
            [
              24.015900064186408,
              56.96678045274887
            ],
            [
              23.999425048139805,
              56.96678045274887
            ],
            [
              23.999425048139805,
              56.95779734099896
            ]
          ]
        ]
      }
    },
    {
      "type": "Feature",
      "properties": {
        "grid_id": "R012C004"
      },
      "geometry": {
        "type": "Polygon",
        "coordinates": [
          [
            [
              24.015900064186408,
              56.95779734099896
            ],
            [
              24.03237508023301,
              56.95779734099896
            ],
            [
              24.03237508023301,
              56.96678045274887
            ],
            [
              24.015900064186408,
              56.96678045274887
            ],
            [
              24.015900064186408,
              56.95779734099896
            ]
          ]
        ]
      }
    },
    {
      "type": "Feature",
      "properties": {
        "grid_id": "R012C005"
      },
      "geometry": {
        "type": "Polygon",
        "coordinates": [
          [
            [
              24.03237508023301,
              56.95779734099896
            ],
            [
              24.04885009627961,
              56.95779734099896
            ],
            [
              24.04885009627961,
              56.96678045274887
            ],
            [
              24.03237508023301,
              56.96678045274887
            ],
            [
              24.03237508023301,
              56.95779734099896
            ]
          ]
        ]
      }
    },
    {
      "type": "Feature",
      "properties": {
        "grid_id": "R012C006"
      },
      "geometry": {
        "type": "Polygon",
        "coordinates": [
          [
            [
              24.04885009627961,
              56.95779734099896
            ],
            [
              24.065325112326214,
              56.95779734099896
            ],
            [
              24.065325112326214,
              56.96678045274887
            ],
            [
              24.04885009627961,
              56.96678045274887
            ],
            [
              24.04885009627961,
              56.95779734099896
            ]
          ]
        ]
      }
    },
    {
      "type": "Feature",
      "properties": {
        "grid_id": "R012C007"
      },
      "geometry": {
        "type": "Polygon",
        "coordinates": [
          [
            [
              24.065325112326214,
              56.95779734099896
            ],
            [
              24.081800128372816,
              56.95779734099896
            ],
            [
              24.081800128372816,
              56.96678045274887
            ],
            [
              24.065325112326214,
              56.96678045274887
            ],
            [
              24.065325112326214,
              56.95779734099896
            ]
          ]
        ]
      }
    },
    {
      "type": "Feature",
      "properties": {
        "grid_id": "R012C008"
      },
      "geometry": {
        "type": "Polygon",
        "coordinates": [
          [
            [
              24.081800128372816,
              56.95779734099896
            ],
            [
              24.098275144419418,
              56.95779734099896
            ],
            [
              24.098275144419418,
              56.96678045274887
            ],
            [
              24.081800128372816,
              56.96678045274887
            ],
            [
              24.081800128372816,
              56.95779734099896
            ]
          ]
        ]
      }
    },
    {
      "type": "Feature",
      "properties": {
        "grid_id": "R012C009"
      },
      "geometry": {
        "type": "Polygon",
        "coordinates": [
          [
            [
              24.098275144419418,
              56.95779734099896
            ],
            [
              24.11475016046602,
              56.95779734099896
            ],
            [
              24.11475016046602,
              56.96678045274887
            ],
            [
              24.098275144419418,
              56.96678045274887
            ],
            [
              24.098275144419418,
              56.95779734099896
            ]
          ]
        ]
      }
    },
    {
      "type": "Feature",
      "properties": {
        "grid_id": "R012C010"
      },
      "geometry": {
        "type": "Polygon",
        "coordinates": [
          [
            [
              24.11475016046602,
              56.95779734099896
            ],
            [
              24.131225176512622,
              56.95779734099896
            ],
            [
              24.131225176512622,
              56.96678045274887
            ],
            [
              24.11475016046602,
              56.96678045274887
            ],
            [
              24.11475016046602,
              56.95779734099896
            ]
          ]
        ]
      }
    },
    {
      "type": "Feature",
      "properties": {
        "grid_id": "R012C011"
      },
      "geometry": {
        "type": "Polygon",
        "coordinates": [
          [
            [
              24.131225176512622,
              56.95779734099896
            ],
            [
              24.147700192559224,
              56.95779734099896
            ],
            [
              24.147700192559224,
              56.96678045274887
            ],
            [
              24.131225176512622,
              56.96678045274887
            ],
            [
              24.131225176512622,
              56.95779734099896
            ]
          ]
        ]
      }
    },
    {
      "type": "Feature",
      "properties": {
        "grid_id": "R012C012"
      },
      "geometry": {
        "type": "Polygon",
        "coordinates": [
          [
            [
              24.147700192559224,
              56.95779734099896
            ],
            [
              24.164175208605826,
              56.95779734099896
            ],
            [
              24.164175208605826,
              56.96678045274887
            ],
            [
              24.147700192559224,
              56.96678045274887
            ],
            [
              24.147700192559224,
              56.95779734099896
            ]
          ]
        ]
      }
    },
    {
      "type": "Feature",
      "properties": {
        "grid_id": "R012C013"
      },
      "geometry": {
        "type": "Polygon",
        "coordinates": [
          [
            [
              24.164175208605826,
              56.95779734099896
            ],
            [
              24.180650224652428,
              56.95779734099896
            ],
            [
              24.180650224652428,
              56.96678045274887
            ],
            [
              24.164175208605826,
              56.96678045274887
            ],
            [
              24.164175208605826,
              56.95779734099896
            ]
          ]
        ]
      }
    },
    {
      "type": "Feature",
      "properties": {
        "grid_id": "R012C014"
      },
      "geometry": {
        "type": "Polygon",
        "coordinates": [
          [
            [
              24.180650224652428,
              56.95779734099896
            ],
            [
              24.19712524069903,
              56.95779734099896
            ],
            [
              24.19712524069903,
              56.96678045274887
            ],
            [
              24.180650224652428,
              56.96678045274887
            ],
            [
              24.180650224652428,
              56.95779734099896
            ]
          ]
        ]
      }
    },
    {
      "type": "Feature",
      "properties": {
        "grid_id": "R012C015"
      },
      "geometry": {
        "type": "Polygon",
        "coordinates": [
          [
            [
              24.19712524069903,
              56.95779734099896
            ],
            [
              24.213600256745632,
              56.95779734099896
            ],
            [
              24.213600256745632,
              56.96678045274887
            ],
            [
              24.19712524069903,
              56.96678045274887
            ],
            [
              24.19712524069903,
              56.95779734099896
            ]
          ]
        ]
      }
    },
    {
      "type": "Feature",
      "properties": {
        "grid_id": "R012C016"
      },
      "geometry": {
        "type": "Polygon",
        "coordinates": [
          [
            [
              24.213600256745632,
              56.95779734099896
            ],
            [
              24.230075272792234,
              56.95779734099896
            ],
            [
              24.230075272792234,
              56.96678045274887
            ],
            [
              24.213600256745632,
              56.96678045274887
            ],
            [
              24.213600256745632,
              56.95779734099896
            ]
          ]
        ]
      }
    },
    {
      "type": "Feature",
      "properties": {
        "grid_id": "R012C017"
      },
      "geometry": {
        "type": "Polygon",
        "coordinates": [
          [
            [
              24.230075272792234,
              56.95779734099896
            ],
            [
              24.246550288838836,
              56.95779734099896
            ],
            [
              24.246550288838836,
              56.96678045274887
            ],
            [
              24.230075272792234,
              56.96678045274887
            ],
            [
              24.230075272792234,
              56.95779734099896
            ]
          ]
        ]
      }
    },
    {
      "type": "Feature",
      "properties": {
        "grid_id": "R012C018"
      },
      "geometry": {
        "type": "Polygon",
        "coordinates": [
          [
            [
              24.246550288838836,
              56.95779734099896
            ],
            [
              24.26302530488544,
              56.95779734099896
            ],
            [
              24.26302530488544,
              56.96678045274887
            ],
            [
              24.246550288838836,
              56.96678045274887
            ],
            [
              24.246550288838836,
              56.95779734099896
            ]
          ]
        ]
      }
    },
    {
      "type": "Feature",
      "properties": {
        "grid_id": "R012C019"
      },
      "geometry": {
        "type": "Polygon",
        "coordinates": [
          [
            [
              24.26302530488544,
              56.95779734099896
            ],
            [
              24.27950032093204,
              56.95779734099896
            ],
            [
              24.27950032093204,
              56.96678045274887
            ],
            [
              24.26302530488544,
              56.96678045274887
            ],
            [
              24.26302530488544,
              56.95779734099896
            ]
          ]
        ]
      }
    },
    {
      "type": "Feature",
      "properties": {
        "grid_id": "R012C020"
      },
      "geometry": {
        "type": "Polygon",
        "coordinates": [
          [
            [
              24.27950032093204,
              56.95779734099896
            ],
            [
              24.295975336978643,
              56.95779734099896
            ],
            [
              24.295975336978643,
              56.96678045274887
            ],
            [
              24.27950032093204,
              56.96678045274887
            ],
            [
              24.27950032093204,
              56.95779734099896
            ]
          ]
        ]
      }
    },
    {
      "type": "Feature",
      "properties": {
        "grid_id": "R012C021"
      },
      "geometry": {
        "type": "Polygon",
        "coordinates": [
          [
            [
              24.295975336978643,
              56.95779734099896
            ],
            [
              24.312450353025245,
              56.95779734099896
            ],
            [
              24.312450353025245,
              56.96678045274887
            ],
            [
              24.295975336978643,
              56.96678045274887
            ],
            [
              24.295975336978643,
              56.95779734099896
            ]
          ]
        ]
      }
    },
    {
      "type": "Feature",
      "properties": {
        "grid_id": "R013C003"
      },
      "geometry": {
        "type": "Polygon",
        "coordinates": [
          [
            [
              23.9994369649673,
              56.96678045274887
            ],
            [
              24.01591595328973,
              56.96678045274887
            ],
            [
              24.01591595328973,
              56.975763564498784
            ],
            [
              23.9994369649673,
              56.975763564498784
            ],
            [
              23.9994369649673,
              56.96678045274887
            ]
          ]
        ]
      }
    },
    {
      "type": "Feature",
      "properties": {
        "grid_id": "R013C004"
      },
      "geometry": {
        "type": "Polygon",
        "coordinates": [
          [
            [
              24.01591595328973,
              56.96678045274887
            ],
            [
              24.032394941612164,
              56.96678045274887
            ],
            [
              24.032394941612164,
              56.975763564498784
            ],
            [
              24.01591595328973,
              56.975763564498784
            ],
            [
              24.01591595328973,
              56.96678045274887
            ]
          ]
        ]
      }
    },
    {
      "type": "Feature",
      "properties": {
        "grid_id": "R013C005"
      },
      "geometry": {
        "type": "Polygon",
        "coordinates": [
          [
            [
              24.032394941612164,
              56.96678045274887
            ],
            [
              24.048873929934597,
              56.96678045274887
            ],
            [
              24.048873929934597,
              56.975763564498784
            ],
            [
              24.032394941612164,
              56.975763564498784
            ],
            [
              24.032394941612164,
              56.96678045274887
            ]
          ]
        ]
      }
    },
    {
      "type": "Feature",
      "properties": {
        "grid_id": "R013C006"
      },
      "geometry": {
        "type": "Polygon",
        "coordinates": [
          [
            [
              24.048873929934597,
              56.96678045274887
            ],
            [
              24.06535291825703,
              56.96678045274887
            ],
            [
              24.06535291825703,
              56.975763564498784
            ],
            [
              24.048873929934597,
              56.975763564498784
            ],
            [
              24.048873929934597,
              56.96678045274887
            ]
          ]
        ]
      }
    },
    {
      "type": "Feature",
      "properties": {
        "grid_id": "R013C007"
      },
      "geometry": {
        "type": "Polygon",
        "coordinates": [
          [
            [
              24.06535291825703,
              56.96678045274887
            ],
            [
              24.081831906579463,
              56.96678045274887
            ],
            [
              24.081831906579463,
              56.975763564498784
            ],
            [
              24.06535291825703,
              56.975763564498784
            ],
            [
              24.06535291825703,
              56.96678045274887
            ]
          ]
        ]
      }
    },
    {
      "type": "Feature",
      "properties": {
        "grid_id": "R013C008"
      },
      "geometry": {
        "type": "Polygon",
        "coordinates": [
          [
            [
              24.081831906579463,
              56.96678045274887
            ],
            [
              24.098310894901896,
              56.96678045274887
            ],
            [
              24.098310894901896,
              56.975763564498784
            ],
            [
              24.081831906579463,
              56.975763564498784
            ],
            [
              24.081831906579463,
              56.96678045274887
            ]
          ]
        ]
      }
    },
    {
      "type": "Feature",
      "properties": {
        "grid_id": "R013C009"
      },
      "geometry": {
        "type": "Polygon",
        "coordinates": [
          [
            [
              24.098310894901896,
              56.96678045274887
            ],
            [
              24.11478988322433,
              56.96678045274887
            ],
            [
              24.11478988322433,
              56.975763564498784
            ],
            [
              24.098310894901896,
              56.975763564498784
            ],
            [
              24.098310894901896,
              56.96678045274887
            ]
          ]
        ]
      }
    },
    {
      "type": "Feature",
      "properties": {
        "grid_id": "R013C010"
      },
      "geometry": {
        "type": "Polygon",
        "coordinates": [
          [
            [
              24.11478988322433,
              56.96678045274887
            ],
            [
              24.131268871546762,
              56.96678045274887
            ],
            [
              24.131268871546762,
              56.975763564498784
            ],
            [
              24.11478988322433,
              56.975763564498784
            ],
            [
              24.11478988322433,
              56.96678045274887
            ]
          ]
        ]
      }
    },
    {
      "type": "Feature",
      "properties": {
        "grid_id": "R013C011"
      },
      "geometry": {
        "type": "Polygon",
        "coordinates": [
          [
            [
              24.131268871546762,
              56.96678045274887
            ],
            [
              24.147747859869195,
              56.96678045274887
            ],
            [
              24.147747859869195,
              56.975763564498784
            ],
            [
              24.131268871546762,
              56.975763564498784
            ],
            [
              24.131268871546762,
              56.96678045274887
            ]
          ]
        ]
      }
    },
    {
      "type": "Feature",
      "properties": {
        "grid_id": "R013C012"
      },
      "geometry": {
        "type": "Polygon",
        "coordinates": [
          [
            [
              24.147747859869195,
              56.96678045274887
            ],
            [
              24.16422684819163,
              56.96678045274887
            ],
            [
              24.16422684819163,
              56.975763564498784
            ],
            [
              24.147747859869195,
              56.975763564498784
            ],
            [
              24.147747859869195,
              56.96678045274887
            ]
          ]
        ]
      }
    },
    {
      "type": "Feature",
      "properties": {
        "grid_id": "R013C013"
      },
      "geometry": {
        "type": "Polygon",
        "coordinates": [
          [
            [
              24.16422684819163,
              56.96678045274887
            ],
            [
              24.18070583651406,
              56.96678045274887
            ],
            [
              24.18070583651406,
              56.975763564498784
            ],
            [
              24.16422684819163,
              56.975763564498784
            ],
            [
              24.16422684819163,
              56.96678045274887
            ]
          ]
        ]
      }
    },
    {
      "type": "Feature",
      "properties": {
        "grid_id": "R013C014"
      },
      "geometry": {
        "type": "Polygon",
        "coordinates": [
          [
            [
              24.18070583651406,
              56.96678045274887
            ],
            [
              24.197184824836494,
              56.96678045274887
            ],
            [
              24.197184824836494,
              56.975763564498784
            ],
            [
              24.18070583651406,
              56.975763564498784
            ],
            [
              24.18070583651406,
              56.96678045274887
            ]
          ]
        ]
      }
    },
    {
      "type": "Feature",
      "properties": {
        "grid_id": "R013C015"
      },
      "geometry": {
        "type": "Polygon",
        "coordinates": [
          [
            [
              24.197184824836494,
              56.96678045274887
            ],
            [
              24.213663813158927,
              56.96678045274887
            ],
            [
              24.213663813158927,
              56.975763564498784
            ],
            [
              24.197184824836494,
              56.975763564498784
            ],
            [
              24.197184824836494,
              56.96678045274887
            ]
          ]
        ]
      }
    },
    {
      "type": "Feature",
      "properties": {
        "grid_id": "R013C016"
      },
      "geometry": {
        "type": "Polygon",
        "coordinates": [
          [
            [
              24.213663813158927,
              56.96678045274887
            ],
            [
              24.23014280148136,
              56.96678045274887
            ],
            [
              24.23014280148136,
              56.975763564498784
            ],
            [
              24.213663813158927,
              56.975763564498784
            ],
            [
              24.213663813158927,
              56.96678045274887
            ]
          ]
        ]
      }
    },
    {
      "type": "Feature",
      "properties": {
        "grid_id": "R013C017"
      },
      "geometry": {
        "type": "Polygon",
        "coordinates": [
          [
            [
              24.23014280148136,
              56.96678045274887
            ],
            [
              24.246621789803793,
              56.96678045274887
            ],
            [
              24.246621789803793,
              56.975763564498784
            ],
            [
              24.23014280148136,
              56.975763564498784
            ],
            [
              24.23014280148136,
              56.96678045274887
            ]
          ]
        ]
      }
    },
    {
      "type": "Feature",
      "properties": {
        "grid_id": "R013C018"
      },
      "geometry": {
        "type": "Polygon",
        "coordinates": [
          [
            [
              24.246621789803793,
              56.96678045274887
            ],
            [
              24.263100778126226,
              56.96678045274887
            ],
            [
              24.263100778126226,
              56.975763564498784
            ],
            [
              24.246621789803793,
              56.975763564498784
            ],
            [
              24.246621789803793,
              56.96678045274887
            ]
          ]
        ]
      }
    },
    {
      "type": "Feature",
      "properties": {
        "grid_id": "R013C019"
      },
      "geometry": {
        "type": "Polygon",
        "coordinates": [
          [
            [
              24.263100778126226,
              56.96678045274887
            ],
            [
              24.27957976644866,
              56.96678045274887
            ],
            [
              24.27957976644866,
              56.975763564498784
            ],
            [
              24.263100778126226,
              56.975763564498784
            ],
            [
              24.263100778126226,
              56.96678045274887
            ]
          ]
        ]
      }
    },
    {
      "type": "Feature",
      "properties": {
        "grid_id": "R013C020"
      },
      "geometry": {
        "type": "Polygon",
        "coordinates": [
          [
            [
              24.27957976644866,
              56.96678045274887
            ],
            [
              24.296058754771092,
              56.96678045274887
            ],
            [
              24.296058754771092,
              56.975763564498784
            ],
            [
              24.27957976644866,
              56.975763564498784
            ],
            [
              24.27957976644866,
              56.96678045274887
            ]
          ]
        ]
      }
    },
    {
      "type": "Feature",
      "properties": {
        "grid_id": "R013C021"
      },
      "geometry": {
        "type": "Polygon",
        "coordinates": [
          [
            [
              24.296058754771092,
              56.96678045274887
            ],
            [
              24.312537743093525,
              56.96678045274887
            ],
            [
              24.312537743093525,
              56.975763564498784
            ],
            [
              24.296058754771092,
              56.975763564498784
            ],
            [
              24.296058754771092,
              56.96678045274887
            ]
          ]
        ]
      }
    },
    {
      "type": "Feature",
      "properties": {
        "grid_id": "R013C022"
      },
      "geometry": {
        "type": "Polygon",
        "coordinates": [
          [
            [
              24.312537743093525,
              56.96678045274887
            ],
            [
              24.329016731415958,
              56.96678045274887
            ],
            [
              24.329016731415958,
              56.975763564498784
            ],
            [
              24.312537743093525,
              56.975763564498784
            ],
            [
              24.312537743093525,
              56.96678045274887
            ]
          ]
        ]
      }
    },
    {
      "type": "Feature",
      "properties": {
        "grid_id": "R014C002"
      },
      "geometry": {
        "type": "Polygon",
        "coordinates": [
          [
            [
              23.982965925839007,
              56.975763564498784
            ],
            [
              23.99944888875851,
              56.975763564498784
            ],
            [
              23.99944888875851,
              56.9847466762487
            ],
            [
              23.982965925839007,
              56.9847466762487
            ],
            [
              23.982965925839007,
              56.975763564498784
            ]
          ]
        ]
      }
    },
    {
      "type": "Feature",
      "properties": {
        "grid_id": "R014C003"
      },
      "geometry": {
        "type": "Polygon",
        "coordinates": [
          [
            [
              23.99944888875851,
              56.975763564498784
            ],
            [
              24.015931851678015,
              56.975763564498784
            ],
            [
              24.015931851678015,
              56.9847466762487
            ],
            [
              23.99944888875851,
              56.9847466762487
            ],
            [
              23.99944888875851,
              56.975763564498784
            ]
          ]
        ]
      }
    },
    {
      "type": "Feature",
      "properties": {
        "grid_id": "R014C004"
      },
      "geometry": {
        "type": "Polygon",
        "coordinates": [
          [
            [
              24.015931851678015,
              56.975763564498784
            ],
            [
              24.03241481459752,
              56.975763564498784
            ],
            [
              24.03241481459752,
              56.9847466762487
            ],
            [
              24.015931851678015,
              56.9847466762487
            ],
            [
              24.015931851678015,
              56.975763564498784
            ]
          ]
        ]
      }
    },
    {
      "type": "Feature",
      "properties": {
        "grid_id": "R014C005"
      },
      "geometry": {
        "type": "Polygon",
        "coordinates": [
          [
            [
              24.03241481459752,
              56.975763564498784
            ],
            [
              24.048897777517023,
              56.975763564498784
            ],
            [
              24.048897777517023,
              56.9847466762487
            ],
            [
              24.03241481459752,
              56.9847466762487
            ],
            [
              24.03241481459752,
              56.975763564498784
            ]
          ]
        ]
      }
    },
    {
      "type": "Feature",
      "properties": {
        "grid_id": "R014C006"
      },
      "geometry": {
        "type": "Polygon",
        "coordinates": [
          [
            [
              24.048897777517023,
              56.975763564498784
            ],
            [
              24.065380740436527,
              56.975763564498784
            ],
            [
              24.065380740436527,
              56.9847466762487
            ],
            [
              24.048897777517023,
              56.9847466762487
            ],
            [
              24.048897777517023,
              56.975763564498784
            ]
          ]
        ]
      }
    },
    {
      "type": "Feature",
      "properties": {
        "grid_id": "R014C007"
      },
      "geometry": {
        "type": "Polygon",
        "coordinates": [
          [
            [
              24.065380740436527,
              56.975763564498784
            ],
            [
              24.08186370335603,
              56.975763564498784
            ],
            [
              24.08186370335603,
              56.9847466762487
            ],
            [
              24.065380740436527,
              56.9847466762487
            ],
            [
              24.065380740436527,
              56.975763564498784
            ]
          ]
        ]
      }
    },
    {
      "type": "Feature",
      "properties": {
        "grid_id": "R014C008"
      },
      "geometry": {
        "type": "Polygon",
        "coordinates": [
          [
            [
              24.08186370335603,
              56.975763564498784
            ],
            [
              24.098346666275535,
              56.975763564498784
            ],
            [
              24.098346666275535,
              56.9847466762487
            ],
            [
              24.08186370335603,
              56.9847466762487
            ],
            [
              24.08186370335603,
              56.975763564498784
            ]
          ]
        ]
      }
    },
    {
      "type": "Feature",
      "properties": {
        "grid_id": "R014C009"
      },
      "geometry": {
        "type": "Polygon",
        "coordinates": [
          [
            [
              24.098346666275535,
              56.975763564498784
            ],
            [
              24.11482962919504,
              56.975763564498784
            ],
            [
              24.11482962919504,
              56.9847466762487
            ],
            [
              24.098346666275535,
              56.9847466762487
            ],
            [
              24.098346666275535,
              56.975763564498784
            ]
          ]
        ]
      }
    },
    {
      "type": "Feature",
      "properties": {
        "grid_id": "R014C010"
      },
      "geometry": {
        "type": "Polygon",
        "coordinates": [
          [
            [
              24.11482962919504,
              56.975763564498784
            ],
            [
              24.131312592114543,
              56.975763564498784
            ],
            [
              24.131312592114543,
              56.9847466762487
            ],
            [
              24.11482962919504,
              56.9847466762487
            ],
            [
              24.11482962919504,
              56.975763564498784
            ]
          ]
        ]
      }
    },
    {
      "type": "Feature",
      "properties": {
        "grid_id": "R014C011"
      },
      "geometry": {
        "type": "Polygon",
        "coordinates": [
          [
            [
              24.131312592114543,
              56.975763564498784
            ],
            [
              24.147795555034048,
              56.975763564498784
            ],
            [
              24.147795555034048,
              56.9847466762487
            ],
            [
              24.131312592114543,
              56.9847466762487
            ],
            [
              24.131312592114543,
              56.975763564498784
            ]
          ]
        ]
      }
    },
    {
      "type": "Feature",
      "properties": {
        "grid_id": "R014C012"
      },
      "geometry": {
        "type": "Polygon",
        "coordinates": [
          [
            [
              24.147795555034048,
              56.975763564498784
            ],
            [
              24.16427851795355,
              56.975763564498784
            ],
            [
              24.16427851795355,
              56.9847466762487
            ],
            [
              24.147795555034048,
              56.9847466762487
            ],
            [
              24.147795555034048,
              56.975763564498784
            ]
          ]
        ]
      }
    },
    {
      "type": "Feature",
      "properties": {
        "grid_id": "R014C013"
      },
      "geometry": {
        "type": "Polygon",
        "coordinates": [
          [
            [
              24.16427851795355,
              56.975763564498784
            ],
            [
              24.180761480873056,
              56.975763564498784
            ],
            [
              24.180761480873056,
              56.9847466762487
            ],
            [
              24.16427851795355,
              56.9847466762487
            ],
            [
              24.16427851795355,
              56.975763564498784
            ]
          ]
        ]
      }
    },
    {
      "type": "Feature",
      "properties": {
        "grid_id": "R014C014"
      },
      "geometry": {
        "type": "Polygon",
        "coordinates": [
          [
            [
              24.180761480873056,
              56.975763564498784
            ],
            [
              24.19724444379256,
              56.975763564498784
            ],
            [
              24.19724444379256,
              56.9847466762487
            ],
            [
              24.180761480873056,
              56.9847466762487
            ],
            [
              24.180761480873056,
              56.975763564498784
            ]
          ]
        ]
      }
    },
    {
      "type": "Feature",
      "properties": {
        "grid_id": "R014C015"
      },
      "geometry": {
        "type": "Polygon",
        "coordinates": [
          [
            [
              24.19724444379256,
              56.975763564498784
            ],
            [
              24.213727406712064,
              56.975763564498784
            ],
            [
              24.213727406712064,
              56.9847466762487
            ],
            [
              24.19724444379256,
              56.9847466762487
            ],
            [
              24.19724444379256,
              56.975763564498784
            ]
          ]
        ]
      }
    },
    {
      "type": "Feature",
      "properties": {
        "grid_id": "R014C016"
      },
      "geometry": {
        "type": "Polygon",
        "coordinates": [
          [
            [
              24.213727406712064,
              56.975763564498784
            ],
            [
              24.230210369631568,
              56.975763564498784
            ],
            [
              24.230210369631568,
              56.9847466762487
            ],
            [
              24.213727406712064,
              56.9847466762487
            ],
            [
              24.213727406712064,
              56.975763564498784
            ]
          ]
        ]
      }
    },
    {
      "type": "Feature",
      "properties": {
        "grid_id": "R014C017"
      },
      "geometry": {
        "type": "Polygon",
        "coordinates": [
          [
            [
              24.230210369631568,
              56.975763564498784
            ],
            [
              24.24669333255107,
              56.975763564498784
            ],
            [
              24.24669333255107,
              56.9847466762487
            ],
            [
              24.230210369631568,
              56.9847466762487
            ],
            [
              24.230210369631568,
              56.975763564498784
            ]
          ]
        ]
      }
    },
    {
      "type": "Feature",
      "properties": {
        "grid_id": "R014C018"
      },
      "geometry": {
        "type": "Polygon",
        "coordinates": [
          [
            [
              24.24669333255107,
              56.975763564498784
            ],
            [
              24.263176295470576,
              56.975763564498784
            ],
            [
              24.263176295470576,
              56.9847466762487
            ],
            [
              24.24669333255107,
              56.9847466762487
            ],
            [
              24.24669333255107,
              56.975763564498784
            ]
          ]
        ]
      }
    },
    {
      "type": "Feature",
      "properties": {
        "grid_id": "R014C019"
      },
      "geometry": {
        "type": "Polygon",
        "coordinates": [
          [
            [
              24.263176295470576,
              56.975763564498784
            ],
            [
              24.27965925839008,
              56.975763564498784
            ],
            [
              24.27965925839008,
              56.9847466762487
            ],
            [
              24.263176295470576,
              56.9847466762487
            ],
            [
              24.263176295470576,
              56.975763564498784
            ]
          ]
        ]
      }
    },
    {
      "type": "Feature",
      "properties": {
        "grid_id": "R014C020"
      },
      "geometry": {
        "type": "Polygon",
        "coordinates": [
          [
            [
              24.27965925839008,
              56.975763564498784
            ],
            [
              24.296142221309584,
              56.975763564498784
            ],
            [
              24.296142221309584,
              56.9847466762487
            ],
            [
              24.27965925839008,
              56.9847466762487
            ],
            [
              24.27965925839008,
              56.975763564498784
            ]
          ]
        ]
      }
    },
    {
      "type": "Feature",
      "properties": {
        "grid_id": "R014C021"
      },
      "geometry": {
        "type": "Polygon",
        "coordinates": [
          [
            [
              24.296142221309584,
              56.975763564498784
            ],
            [
              24.312625184229088,
              56.975763564498784
            ],
            [
              24.312625184229088,
              56.9847466762487
            ],
            [
              24.296142221309584,
              56.9847466762487
            ],
            [
              24.296142221309584,
              56.975763564498784
            ]
          ]
        ]
      }
    },
    {
      "type": "Feature",
      "properties": {
        "grid_id": "R015C000"
      },
      "geometry": {
        "type": "Polygon",
        "coordinates": [
          [
            [
              23.95,
              56.9847466762487
            ],
            [
              23.966486939839687,
              56.9847466762487
            ],
            [
              23.966486939839687,
              56.99372978799861
            ],
            [
              23.95,
              56.99372978799861
            ],
            [
              23.95,
              56.9847466762487
            ]
          ]
        ]
      }
    },
    {
      "type": "Feature",
      "properties": {
        "grid_id": "R015C001"
      },
      "geometry": {
        "type": "Polygon",
        "coordinates": [
          [
            [
              23.966486939839687,
              56.9847466762487
            ],
            [
              23.982973879679374,
              56.9847466762487
            ],
            [
              23.982973879679374,
              56.99372978799861
            ],
            [
              23.966486939839687,
              56.99372978799861
            ],
            [
              23.966486939839687,
              56.9847466762487
            ]
          ]
        ]
      }
    },
    {
      "type": "Feature",
      "properties": {
        "grid_id": "R015C002"
      },
      "geometry": {
        "type": "Polygon",
        "coordinates": [
          [
            [
              23.982973879679374,
              56.9847466762487
            ],
            [
              23.99946081951906,
              56.9847466762487
            ],
            [
              23.99946081951906,
              56.99372978799861
            ],
            [
              23.982973879679374,
              56.99372978799861
            ],
            [
              23.982973879679374,
              56.9847466762487
            ]
          ]
        ]
      }
    },
    {
      "type": "Feature",
      "properties": {
        "grid_id": "R015C003"
      },
      "geometry": {
        "type": "Polygon",
        "coordinates": [
          [
            [
              23.99946081951906,
              56.9847466762487
            ],
            [
              24.01594775935875,
              56.9847466762487
            ],
            [
              24.01594775935875,
              56.99372978799861
            ],
            [
              23.99946081951906,
              56.99372978799861
            ],
            [
              23.99946081951906,
              56.9847466762487
            ]
          ]
        ]
      }
    },
    {
      "type": "Feature",
      "properties": {
        "grid_id": "R015C004"
      },
      "geometry": {
        "type": "Polygon",
        "coordinates": [
          [
            [
              24.01594775935875,
              56.9847466762487
            ],
            [
              24.032434699198436,
              56.9847466762487
            ],
            [
              24.032434699198436,
              56.99372978799861
            ],
            [
              24.01594775935875,
              56.99372978799861
            ],
            [
              24.01594775935875,
              56.9847466762487
            ]
          ]
        ]
      }
    },
    {
      "type": "Feature",
      "properties": {
        "grid_id": "R015C005"
      },
      "geometry": {
        "type": "Polygon",
        "coordinates": [
          [
            [
              24.032434699198436,
              56.9847466762487
            ],
            [
              24.048921639038124,
              56.9847466762487
            ],
            [
              24.048921639038124,
              56.99372978799861
            ],
            [
              24.032434699198436,
              56.99372978799861
            ],
            [
              24.032434699198436,
              56.9847466762487
            ]
          ]
        ]
      }
    },
    {
      "type": "Feature",
      "properties": {
        "grid_id": "R015C006"
      },
      "geometry": {
        "type": "Polygon",
        "coordinates": [
          [
            [
              24.048921639038124,
              56.9847466762487
            ],
            [
              24.06540857887781,
              56.9847466762487
            ],
            [
              24.06540857887781,
              56.99372978799861
            ],
            [
              24.048921639038124,
              56.99372978799861
            ],
            [
              24.048921639038124,
              56.9847466762487
            ]
          ]
        ]
      }
    },
    {
      "type": "Feature",
      "properties": {
        "grid_id": "R015C007"
      },
      "geometry": {
        "type": "Polygon",
        "coordinates": [
          [
            [
              24.06540857887781,
              56.9847466762487
            ],
            [
              24.0818955187175,
              56.9847466762487
            ],
            [
              24.0818955187175,
              56.99372978799861
            ],
            [
              24.06540857887781,
              56.99372978799861
            ],
            [
              24.06540857887781,
              56.9847466762487
            ]
          ]
        ]
      }
    },
    {
      "type": "Feature",
      "properties": {
        "grid_id": "R015C008"
      },
      "geometry": {
        "type": "Polygon",
        "coordinates": [
          [
            [
              24.0818955187175,
              56.9847466762487
            ],
            [
              24.098382458557186,
              56.9847466762487
            ],
            [
              24.098382458557186,
              56.99372978799861
            ],
            [
              24.0818955187175,
              56.99372978799861
            ],
            [
              24.0818955187175,
              56.9847466762487
            ]
          ]
        ]
      }
    },
    {
      "type": "Feature",
      "properties": {
        "grid_id": "R015C009"
      },
      "geometry": {
        "type": "Polygon",
        "coordinates": [
          [
            [
              24.098382458557186,
              56.9847466762487
            ],
            [
              24.114869398396873,
              56.9847466762487
            ],
            [
              24.114869398396873,
              56.99372978799861
            ],
            [
              24.098382458557186,
              56.99372978799861
            ],
            [
              24.098382458557186,
              56.9847466762487
            ]
          ]
        ]
      }
    },
    {
      "type": "Feature",
      "properties": {
        "grid_id": "R015C010"
      },
      "geometry": {
        "type": "Polygon",
        "coordinates": [
          [
            [
              24.114869398396873,
              56.9847466762487
            ],
            [
              24.13135633823656,
              56.9847466762487
            ],
            [
              24.13135633823656,
              56.99372978799861
            ],
            [
              24.114869398396873,
              56.99372978799861
            ],
            [
              24.114869398396873,
              56.9847466762487
            ]
          ]
        ]
      }
    },
    {
      "type": "Feature",
      "properties": {
        "grid_id": "R015C011"
      },
      "geometry": {
        "type": "Polygon",
        "coordinates": [
          [
            [
              24.13135633823656,
              56.9847466762487
            ],
            [
              24.147843278076248,
              56.9847466762487
            ],
            [
              24.147843278076248,
              56.99372978799861
            ],
            [
              24.13135633823656,
              56.99372978799861
            ],
            [
              24.13135633823656,
              56.9847466762487
            ]
          ]
        ]
      }
    },
    {
      "type": "Feature",
      "properties": {
        "grid_id": "R015C012"
      },
      "geometry": {
        "type": "Polygon",
        "coordinates": [
          [
            [
              24.147843278076248,
              56.9847466762487
            ],
            [
              24.164330217915936,
              56.9847466762487
            ],
            [
              24.164330217915936,
              56.99372978799861
            ],
            [
              24.147843278076248,
              56.99372978799861
            ],
            [
              24.147843278076248,
              56.9847466762487
            ]
          ]
        ]
      }
    },
    {
      "type": "Feature",
      "properties": {
        "grid_id": "R015C013"
      },
      "geometry": {
        "type": "Polygon",
        "coordinates": [
          [
            [
              24.164330217915936,
              56.9847466762487
            ],
            [
              24.180817157755623,
              56.9847466762487
            ],
            [
              24.180817157755623,
              56.99372978799861
            ],
            [
              24.164330217915936,
              56.99372978799861
            ],
            [
              24.164330217915936,
              56.9847466762487
            ]
          ]
        ]
      }
    },
    {
      "type": "Feature",
      "properties": {
        "grid_id": "R015C014"
      },
      "geometry": {
        "type": "Polygon",
        "coordinates": [
          [
            [
              24.180817157755623,
              56.9847466762487
            ],
            [
              24.19730409759531,
              56.9847466762487
            ],
            [
              24.19730409759531,
              56.99372978799861
            ],
            [
              24.180817157755623,
              56.99372978799861
            ],
            [
              24.180817157755623,
              56.9847466762487
            ]
          ]
        ]
      }
    },
    {
      "type": "Feature",
      "properties": {
        "grid_id": "R015C015"
      },
      "geometry": {
        "type": "Polygon",
        "coordinates": [
          [
            [
              24.19730409759531,
              56.9847466762487
            ],
            [
              24.213791037434998,
              56.9847466762487
            ],
            [
              24.213791037434998,
              56.99372978799861
            ],
            [
              24.19730409759531,
              56.99372978799861
            ],
            [
              24.19730409759531,
              56.9847466762487
            ]
          ]
        ]
      }
    },
    {
      "type": "Feature",
      "properties": {
        "grid_id": "R015C016"
      },
      "geometry": {
        "type": "Polygon",
        "coordinates": [
          [
            [
              24.213791037434998,
              56.9847466762487
            ],
            [
              24.230277977274685,
              56.9847466762487
            ],
            [
              24.230277977274685,
              56.99372978799861
            ],
            [
              24.213791037434998,
              56.99372978799861
            ],
            [
              24.213791037434998,
              56.9847466762487
            ]
          ]
        ]
      }
    },
    {
      "type": "Feature",
      "properties": {
        "grid_id": "R015C017"
      },
      "geometry": {
        "type": "Polygon",
        "coordinates": [
          [
            [
              24.230277977274685,
              56.9847466762487
            ],
            [
              24.246764917114373,
              56.9847466762487
            ],
            [
              24.246764917114373,
              56.99372978799861
            ],
            [
              24.230277977274685,
              56.99372978799861
            ],
            [
              24.230277977274685,
              56.9847466762487
            ]
          ]
        ]
      }
    },
    {
      "type": "Feature",
      "properties": {
        "grid_id": "R015C018"
      },
      "geometry": {
        "type": "Polygon",
        "coordinates": [
          [
            [
              24.246764917114373,
              56.9847466762487
            ],
            [
              24.26325185695406,
              56.9847466762487
            ],
            [
              24.26325185695406,
              56.99372978799861
            ],
            [
              24.246764917114373,
              56.99372978799861
            ],
            [
              24.246764917114373,
              56.9847466762487
            ]
          ]
        ]
      }
    },
    {
      "type": "Feature",
      "properties": {
        "grid_id": "R015C019"
      },
      "geometry": {
        "type": "Polygon",
        "coordinates": [
          [
            [
              24.26325185695406,
              56.9847466762487
            ],
            [
              24.279738796793747,
              56.9847466762487
            ],
            [
              24.279738796793747,
              56.99372978799861
            ],
            [
              24.26325185695406,
              56.99372978799861
            ],
            [
              24.26325185695406,
              56.9847466762487
            ]
          ]
        ]
      }
    },
    {
      "type": "Feature",
      "properties": {
        "grid_id": "R015C020"
      },
      "geometry": {
        "type": "Polygon",
        "coordinates": [
          [
            [
              24.279738796793747,
              56.9847466762487
            ],
            [
              24.296225736633435,
              56.9847466762487
            ],
            [
              24.296225736633435,
              56.99372978799861
            ],
            [
              24.279738796793747,
              56.99372978799861
            ],
            [
              24.279738796793747,
              56.9847466762487
            ]
          ]
        ]
      }
    },
    {
      "type": "Feature",
      "properties": {
        "grid_id": "R015C021"
      },
      "geometry": {
        "type": "Polygon",
        "coordinates": [
          [
            [
              24.296225736633435,
              56.9847466762487
            ],
            [
              24.312712676473122,
              56.9847466762487
            ],
            [
              24.312712676473122,
              56.99372978799861
            ],
            [
              24.296225736633435,
              56.99372978799861
            ],
            [
              24.296225736633435,
              56.9847466762487
            ]
          ]
        ]
      }
    },
    {
      "type": "Feature",
      "properties": {
        "grid_id": "R016C000"
      },
      "geometry": {
        "type": "Polygon",
        "coordinates": [
          [
            [
              23.95,
              56.99372978799861
            ],
            [
              23.966490919084862,
              56.99372978799861
            ],
            [
              23.966490919084862,
              57.00271289974852
            ],
            [
              23.95,
              57.00271289974852
            ],
            [
              23.95,
              56.99372978799861
            ]
          ]
        ]
      }
    },
    {
      "type": "Feature",
      "properties": {
        "grid_id": "R016C001"
      },
      "geometry": {
        "type": "Polygon",
        "coordinates": [
          [
            [
              23.966490919084862,
              56.99372978799861
            ],
            [
              23.982981838169724,
              56.99372978799861
            ],
            [
              23.982981838169724,
              57.00271289974852
            ],
            [
              23.966490919084862,
              57.00271289974852
            ],
            [
              23.966490919084862,
              56.99372978799861
            ]
          ]
        ]
      }
    },
    {
      "type": "Feature",
      "properties": {
        "grid_id": "R016C002"
      },
      "geometry": {
        "type": "Polygon",
        "coordinates": [
          [
            [
              23.982981838169724,
              56.99372978799861
            ],
            [
              23.999472757254587,
              56.99372978799861
            ],
            [
              23.999472757254587,
              57.00271289974852
            ],
            [
              23.982981838169724,
              57.00271289974852
            ],
            [
              23.982981838169724,
              56.99372978799861
            ]
          ]
        ]
      }
    },
    {
      "type": "Feature",
      "properties": {
        "grid_id": "R016C003"
      },
      "geometry": {
        "type": "Polygon",
        "coordinates": [
          [
            [
              23.999472757254587,
              56.99372978799861
            ],
            [
              24.01596367633945,
              56.99372978799861
            ],
            [
              24.01596367633945,
              57.00271289974852
            ],
            [
              23.999472757254587,
              57.00271289974852
            ],
            [
              23.999472757254587,
              56.99372978799861
            ]
          ]
        ]
      }
    },
    {
      "type": "Feature",
      "properties": {
        "grid_id": "R016C004"
      },
      "geometry": {
        "type": "Polygon",
        "coordinates": [
          [
            [
              24.01596367633945,
              56.99372978799861
            ],
            [
              24.032454595424312,
              56.99372978799861
            ],
            [
              24.032454595424312,
              57.00271289974852
            ],
            [
              24.01596367633945,
              57.00271289974852
            ],
            [
              24.01596367633945,
              56.99372978799861
            ]
          ]
        ]
      }
    },
    {
      "type": "Feature",
      "properties": {
        "grid_id": "R016C005"
      },
      "geometry": {
        "type": "Polygon",
        "coordinates": [
          [
            [
              24.032454595424312,
              56.99372978799861
            ],
            [
              24.048945514509175,
              56.99372978799861
            ],
            [
              24.048945514509175,
              57.00271289974852
            ],
            [
              24.032454595424312,
              57.00271289974852
            ],
            [
              24.032454595424312,
              56.99372978799861
            ]
          ]
        ]
      }
    },
    {
      "type": "Feature",
      "properties": {
        "grid_id": "R016C006"
      },
      "geometry": {
        "type": "Polygon",
        "coordinates": [
          [
            [
              24.048945514509175,
              56.99372978799861
            ],
            [
              24.065436433594037,
              56.99372978799861
            ],
            [
              24.065436433594037,
              57.00271289974852
            ],
            [
              24.048945514509175,
              57.00271289974852
            ],
            [
              24.048945514509175,
              56.99372978799861
            ]
          ]
        ]
      }
    },
    {
      "type": "Feature",
      "properties": {
        "grid_id": "R016C007"
      },
      "geometry": {
        "type": "Polygon",
        "coordinates": [
          [
            [
              24.065436433594037,
              56.99372978799861
            ],
            [
              24.0819273526789,
              56.99372978799861
            ],
            [
              24.0819273526789,
              57.00271289974852
            ],
            [
              24.065436433594037,
              57.00271289974852
            ],
            [
              24.065436433594037,
              56.99372978799861
            ]
          ]
        ]
      }
    },
    {
      "type": "Feature",
      "properties": {
        "grid_id": "R016C008"
      },
      "geometry": {
        "type": "Polygon",
        "coordinates": [
          [
            [
              24.0819273526789,
              56.99372978799861
            ],
            [
              24.098418271763762,
              56.99372978799861
            ],
            [
              24.098418271763762,
              57.00271289974852
            ],
            [
              24.0819273526789,
              57.00271289974852
            ],
            [
              24.0819273526789,
              56.99372978799861
            ]
          ]
        ]
      }
    },
    {
      "type": "Feature",
      "properties": {
        "grid_id": "R016C009"
      },
      "geometry": {
        "type": "Polygon",
        "coordinates": [
          [
            [
              24.098418271763762,
              56.99372978799861
            ],
            [
              24.114909190848625,
              56.99372978799861
            ],
            [
              24.114909190848625,
              57.00271289974852
            ],
            [
              24.098418271763762,
              57.00271289974852
            ],
            [
              24.098418271763762,
              56.99372978799861
            ]
          ]
        ]
      }
    },
    {
      "type": "Feature",
      "properties": {
        "grid_id": "R016C010"
      },
      "geometry": {
        "type": "Polygon",
        "coordinates": [
          [
            [
              24.114909190848625,
              56.99372978799861
            ],
            [
              24.131400109933487,
              56.99372978799861
            ],
            [
              24.131400109933487,
              57.00271289974852
            ],
            [
              24.114909190848625,
              57.00271289974852
            ],
            [
              24.114909190848625,
              56.99372978799861
            ]
          ]
        ]
      }
    },
    {
      "type": "Feature",
      "properties": {
        "grid_id": "R016C011"
      },
      "geometry": {
        "type": "Polygon",
        "coordinates": [
          [
            [
              24.131400109933487,
              56.99372978799861
            ],
            [
              24.14789102901835,
              56.99372978799861
            ],
            [
              24.14789102901835,
              57.00271289974852
            ],
            [
              24.131400109933487,
              57.00271289974852
            ],
            [
              24.131400109933487,
              56.99372978799861
            ]
          ]
        ]
      }
    },
    {
      "type": "Feature",
      "properties": {
        "grid_id": "R016C012"
      },
      "geometry": {
        "type": "Polygon",
        "coordinates": [
          [
            [
              24.14789102901835,
              56.99372978799861
            ],
            [
              24.164381948103212,
              56.99372978799861
            ],
            [
              24.164381948103212,
              57.00271289974852
            ],
            [
              24.14789102901835,
              57.00271289974852
            ],
            [
              24.14789102901835,
              56.99372978799861
            ]
          ]
        ]
      }
    },
    {
      "type": "Feature",
      "properties": {
        "grid_id": "R016C013"
      },
      "geometry": {
        "type": "Polygon",
        "coordinates": [
          [
            [
              24.164381948103212,
              56.99372978799861
            ],
            [
              24.180872867188075,
              56.99372978799861
            ],
            [
              24.180872867188075,
              57.00271289974852
            ],
            [
              24.164381948103212,
              57.00271289974852
            ],
            [
              24.164381948103212,
              56.99372978799861
            ]
          ]
        ]
      }
    },
    {
      "type": "Feature",
      "properties": {
        "grid_id": "R016C014"
      },
      "geometry": {
        "type": "Polygon",
        "coordinates": [
          [
            [
              24.180872867188075,
              56.99372978799861
            ],
            [
              24.197363786272938,
              56.99372978799861
            ],
            [
              24.197363786272938,
              57.00271289974852
            ],
            [
              24.180872867188075,
              57.00271289974852
            ],
            [
              24.180872867188075,
              56.99372978799861
            ]
          ]
        ]
      }
    },
    {
      "type": "Feature",
      "properties": {
        "grid_id": "R016C015"
      },
      "geometry": {
        "type": "Polygon",
        "coordinates": [
          [
            [
              24.197363786272938,
              56.99372978799861
            ],
            [
              24.2138547053578,
              56.99372978799861
            ],
            [
              24.2138547053578,
              57.00271289974852
            ],
            [
              24.197363786272938,
              57.00271289974852
            ],
            [
              24.197363786272938,
              56.99372978799861
            ]
          ]
        ]
      }
    },
    {
      "type": "Feature",
      "properties": {
        "grid_id": "R016C016"
      },
      "geometry": {
        "type": "Polygon",
        "coordinates": [
          [
            [
              24.2138547053578,
              56.99372978799861
            ],
            [
              24.230345624442663,
              56.99372978799861
            ],
            [
              24.230345624442663,
              57.00271289974852
            ],
            [
              24.2138547053578,
              57.00271289974852
            ],
            [
              24.2138547053578,
              56.99372978799861
            ]
          ]
        ]
      }
    },
    {
      "type": "Feature",
      "properties": {
        "grid_id": "R016C017"
      },
      "geometry": {
        "type": "Polygon",
        "coordinates": [
          [
            [
              24.230345624442663,
              56.99372978799861
            ],
            [
              24.246836543527525,
              56.99372978799861
            ],
            [
              24.246836543527525,
              57.00271289974852
            ],
            [
              24.230345624442663,
              57.00271289974852
            ],
            [
              24.230345624442663,
              56.99372978799861
            ]
          ]
        ]
      }
    },
    {
      "type": "Feature",
      "properties": {
        "grid_id": "R016C018"
      },
      "geometry": {
        "type": "Polygon",
        "coordinates": [
          [
            [
              24.246836543527525,
              56.99372978799861
            ],
            [
              24.263327462612388,
              56.99372978799861
            ],
            [
              24.263327462612388,
              57.00271289974852
            ],
            [
              24.246836543527525,
              57.00271289974852
            ],
            [
              24.246836543527525,
              56.99372978799861
            ]
          ]
        ]
      }
    },
    {
      "type": "Feature",
      "properties": {
        "grid_id": "R016C019"
      },
      "geometry": {
        "type": "Polygon",
        "coordinates": [
          [
            [
              24.263327462612388,
              56.99372978799861
            ],
            [
              24.27981838169725,
              56.99372978799861
            ],
            [
              24.27981838169725,
              57.00271289974852
            ],
            [
              24.263327462612388,
              57.00271289974852
            ],
            [
              24.263327462612388,
              56.99372978799861
            ]
          ]
        ]
      }
    },
    {
      "type": "Feature",
      "properties": {
        "grid_id": "R016C020"
      },
      "geometry": {
        "type": "Polygon",
        "coordinates": [
          [
            [
              24.27981838169725,
              56.99372978799861
            ],
            [
              24.296309300782113,
              56.99372978799861
            ],
            [
              24.296309300782113,
              57.00271289974852
            ],
            [
              24.27981838169725,
              57.00271289974852
            ],
            [
              24.27981838169725,
              56.99372978799861
            ]
          ]
        ]
      }
    },
    {
      "type": "Feature",
      "properties": {
        "grid_id": "R017C000"
      },
      "geometry": {
        "type": "Polygon",
        "coordinates": [
          [
            [
              23.95,
              57.00271289974852
            ],
            [
              23.96649490065691,
              57.00271289974852
            ],
            [
              23.96649490065691,
              57.01169601149844
            ],
            [
              23.95,
              57.01169601149844
            ],
            [
              23.95,
              57.00271289974852
            ]
          ]
        ]
      }
    },
    {
      "type": "Feature",
      "properties": {
        "grid_id": "R017C001"
      },
      "geometry": {
        "type": "Polygon",
        "coordinates": [
          [
            [
              23.96649490065691,
              57.00271289974852
            ],
            [
              23.982989801313824,
              57.00271289974852
            ],
            [
              23.982989801313824,
              57.01169601149844
            ],
            [
              23.96649490065691,
              57.01169601149844
            ],
            [
              23.96649490065691,
              57.00271289974852
            ]
          ]
        ]
      }
    },
    {
      "type": "Feature",
      "properties": {
        "grid_id": "R017C002"
      },
      "geometry": {
        "type": "Polygon",
        "coordinates": [
          [
            [
              23.982989801313824,
              57.00271289974852
            ],
            [
              23.999484701970736,
              57.00271289974852
            ],
            [
              23.999484701970736,
              57.01169601149844
            ],
            [
              23.982989801313824,
              57.01169601149844
            ],
            [
              23.982989801313824,
              57.00271289974852
            ]
          ]
        ]
      }
    },
    {
      "type": "Feature",
      "properties": {
        "grid_id": "R017C003"
      },
      "geometry": {
        "type": "Polygon",
        "coordinates": [
          [
            [
              23.999484701970736,
              57.00271289974852
            ],
            [
              24.01597960262765,
              57.00271289974852
            ],
            [
              24.01597960262765,
              57.01169601149844
            ],
            [
              23.999484701970736,
              57.01169601149844
            ],
            [
              23.999484701970736,
              57.00271289974852
            ]
          ]
        ]
      }
    },
    {
      "type": "Feature",
      "properties": {
        "grid_id": "R017C004"
      },
      "geometry": {
        "type": "Polygon",
        "coordinates": [
          [
            [
              24.01597960262765,
              57.00271289974852
            ],
            [
              24.03247450328456,
              57.00271289974852
            ],
            [
              24.03247450328456,
              57.01169601149844
            ],
            [
              24.01597960262765,
              57.01169601149844
            ],
            [
              24.01597960262765,
              57.00271289974852
            ]
          ]
        ]
      }
    },
    {
      "type": "Feature",
      "properties": {
        "grid_id": "R017C005"
      },
      "geometry": {
        "type": "Polygon",
        "coordinates": [
          [
            [
              24.03247450328456,
              57.00271289974852
            ],
            [
              24.048969403941474,
              57.00271289974852
            ],
            [
              24.048969403941474,
              57.01169601149844
            ],
            [
              24.03247450328456,
              57.01169601149844
            ],
            [
              24.03247450328456,
              57.00271289974852
            ]
          ]
        ]
      }
    },
    {
      "type": "Feature",
      "properties": {
        "grid_id": "R017C006"
      },
      "geometry": {
        "type": "Polygon",
        "coordinates": [
          [
            [
              24.048969403941474,
              57.00271289974852
            ],
            [
              24.065464304598386,
              57.00271289974852
            ],
            [
              24.065464304598386,
              57.01169601149844
            ],
            [
              24.048969403941474,
              57.01169601149844
            ],
            [
              24.048969403941474,
              57.00271289974852
            ]
          ]
        ]
      }
    },
    {
      "type": "Feature",
      "properties": {
        "grid_id": "R017C007"
      },
      "geometry": {
        "type": "Polygon",
        "coordinates": [
          [
            [
              24.065464304598386,
              57.00271289974852
            ],
            [
              24.0819592052553,
              57.00271289974852
            ],
            [
              24.0819592052553,
              57.01169601149844
            ],
            [
              24.065464304598386,
              57.01169601149844
            ],
            [
              24.065464304598386,
              57.00271289974852
            ]
          ]
        ]
      }
    },
    {
      "type": "Feature",
      "properties": {
        "grid_id": "R017C008"
      },
      "geometry": {
        "type": "Polygon",
        "coordinates": [
          [
            [
              24.0819592052553,
              57.00271289974852
            ],
            [
              24.09845410591221,
              57.00271289974852
            ],
            [
              24.09845410591221,
              57.01169601149844
            ],
            [
              24.0819592052553,
              57.01169601149844
            ],
            [
              24.0819592052553,
              57.00271289974852
            ]
          ]
        ]
      }
    },
    {
      "type": "Feature",
      "properties": {
        "grid_id": "R017C009"
      },
      "geometry": {
        "type": "Polygon",
        "coordinates": [
          [
            [
              24.09845410591221,
              57.00271289974852
            ],
            [
              24.114949006569123,
              57.00271289974852
            ],
            [
              24.114949006569123,
              57.01169601149844
            ],
            [
              24.09845410591221,
              57.01169601149844
            ],
            [
              24.09845410591221,
              57.00271289974852
            ]
          ]
        ]
      }
    },
    {
      "type": "Feature",
      "properties": {
        "grid_id": "R017C010"
      },
      "geometry": {
        "type": "Polygon",
        "coordinates": [
          [
            [
              24.114949006569123,
              57.00271289974852
            ],
            [
              24.131443907226036,
              57.00271289974852
            ],
            [
              24.131443907226036,
              57.01169601149844
            ],
            [
              24.114949006569123,
              57.01169601149844
            ],
            [
              24.114949006569123,
              57.00271289974852
            ]
          ]
        ]
      }
    },
    {
      "type": "Feature",
      "properties": {
        "grid_id": "R017C011"
      },
      "geometry": {
        "type": "Polygon",
        "coordinates": [
          [
            [
              24.131443907226036,
              57.00271289974852
            ],
            [
              24.147938807882948,
              57.00271289974852
            ],
            [
              24.147938807882948,
              57.01169601149844
            ],
            [
              24.131443907226036,
              57.01169601149844
            ],
            [
              24.131443907226036,
              57.00271289974852
            ]
          ]
        ]
      }
    },
    {
      "type": "Feature",
      "properties": {
        "grid_id": "R017C012"
      },
      "geometry": {
        "type": "Polygon",
        "coordinates": [
          [
            [
              24.147938807882948,
              57.00271289974852
            ],
            [
              24.16443370853986,
              57.00271289974852
            ],
            [
              24.16443370853986,
              57.01169601149844
            ],
            [
              24.147938807882948,
              57.01169601149844
            ],
            [
              24.147938807882948,
              57.00271289974852
            ]
          ]
        ]
      }
    },
    {
      "type": "Feature",
      "properties": {
        "grid_id": "R017C013"
      },
      "geometry": {
        "type": "Polygon",
        "coordinates": [
          [
            [
              24.16443370853986,
              57.00271289974852
            ],
            [
              24.180928609196773,
              57.00271289974852
            ],
            [
              24.180928609196773,
              57.01169601149844
            ],
            [
              24.16443370853986,
              57.01169601149844
            ],
            [
              24.16443370853986,
              57.00271289974852
            ]
          ]
        ]
      }
    },
    {
      "type": "Feature",
      "properties": {
        "grid_id": "R017C014"
      },
      "geometry": {
        "type": "Polygon",
        "coordinates": [
          [
            [
              24.180928609196773,
              57.00271289974852
            ],
            [
              24.197423509853685,
              57.00271289974852
            ],
            [
              24.197423509853685,
              57.01169601149844
            ],
            [
              24.180928609196773,
              57.01169601149844
            ],
            [
              24.180928609196773,
              57.00271289974852
            ]
          ]
        ]
      }
    },
    {
      "type": "Feature",
      "properties": {
        "grid_id": "R017C015"
      },
      "geometry": {
        "type": "Polygon",
        "coordinates": [
          [
            [
              24.197423509853685,
              57.00271289974852
            ],
            [
              24.213918410510598,
              57.00271289974852
            ],
            [
              24.213918410510598,
              57.01169601149844
            ],
            [
              24.197423509853685,
              57.01169601149844
            ],
            [
              24.197423509853685,
              57.00271289974852
            ]
          ]
        ]
      }
    },
    {
      "type": "Feature",
      "properties": {
        "grid_id": "R017C016"
      },
      "geometry": {
        "type": "Polygon",
        "coordinates": [
          [
            [
              24.213918410510598,
              57.00271289974852
            ],
            [
              24.23041331116751,
              57.00271289974852
            ],
            [
              24.23041331116751,
              57.01169601149844
            ],
            [
              24.213918410510598,
              57.01169601149844
            ],
            [
              24.213918410510598,
              57.00271289974852
            ]
          ]
        ]
      }
    },
    {
      "type": "Feature",
      "properties": {
        "grid_id": "R017C017"
      },
      "geometry": {
        "type": "Polygon",
        "coordinates": [
          [
            [
              24.23041331116751,
              57.00271289974852
            ],
            [
              24.246908211824422,
              57.00271289974852
            ],
            [
              24.246908211824422,
              57.01169601149844
            ],
            [
              24.23041331116751,
              57.01169601149844
            ],
            [
              24.23041331116751,
              57.00271289974852
            ]
          ]
        ]
      }
    },
    {
      "type": "Feature",
      "properties": {
        "grid_id": "R017C018"
      },
      "geometry": {
        "type": "Polygon",
        "coordinates": [
          [
            [
              24.246908211824422,
              57.00271289974852
            ],
            [
              24.263403112481335,
              57.00271289974852
            ],
            [
              24.263403112481335,
              57.01169601149844
            ],
            [
              24.246908211824422,
              57.01169601149844
            ],
            [
              24.246908211824422,
              57.00271289974852
            ]
          ]
        ]
      }
    },
    {
      "type": "Feature",
      "properties": {
        "grid_id": "R017C019"
      },
      "geometry": {
        "type": "Polygon",
        "coordinates": [
          [
            [
              24.263403112481335,
              57.00271289974852
            ],
            [
              24.279898013138247,
              57.00271289974852
            ],
            [
              24.279898013138247,
              57.01169601149844
            ],
            [
              24.263403112481335,
              57.01169601149844
            ],
            [
              24.263403112481335,
              57.00271289974852
            ]
          ]
        ]
      }
    },
    {
      "type": "Feature",
      "properties": {
        "grid_id": "R018C000"
      },
      "geometry": {
        "type": "Polygon",
        "coordinates": [
          [
            [
              23.95,
              57.01169601149844
            ],
            [
              23.966498884557712,
              57.01169601149844
            ],
            [
              23.966498884557712,
              57.02067912324835
            ],
            [
              23.95,
              57.02067912324835
            ],
            [
              23.95,
              57.01169601149844
            ]
          ]
        ]
      }
    },
    {
      "type": "Feature",
      "properties": {
        "grid_id": "R018C001"
      },
      "geometry": {
        "type": "Polygon",
        "coordinates": [
          [
            [
              23.966498884557712,
              57.01169601149844
            ],
            [
              23.982997769115425,
              57.01169601149844
            ],
            [
              23.982997769115425,
              57.02067912324835
            ],
            [
              23.966498884557712,
              57.02067912324835
            ],
            [
              23.966498884557712,
              57.01169601149844
            ]
          ]
        ]
      }
    },
    {
      "type": "Feature",
      "properties": {
        "grid_id": "R018C002"
      },
      "geometry": {
        "type": "Polygon",
        "coordinates": [
          [
            [
              23.982997769115425,
              57.01169601149844
            ],
            [
              23.999496653673138,
              57.01169601149844
            ],
            [
              23.999496653673138,
              57.02067912324835
            ],
            [
              23.982997769115425,
              57.02067912324835
            ],
            [
              23.982997769115425,
              57.01169601149844
            ]
          ]
        ]
      }
    },
    {
      "type": "Feature",
      "properties": {
        "grid_id": "R018C003"
      },
      "geometry": {
        "type": "Polygon",
        "coordinates": [
          [
            [
              23.999496653673138,
              57.01169601149844
            ],
            [
              24.01599553823085,
              57.01169601149844
            ],
            [
              24.01599553823085,
              57.02067912324835
            ],
            [
              23.999496653673138,
              57.02067912324835
            ],
            [
              23.999496653673138,
              57.01169601149844
            ]
          ]
        ]
      }
    },
    {
      "type": "Feature",
      "properties": {
        "grid_id": "R018C004"
      },
      "geometry": {
        "type": "Polygon",
        "coordinates": [
          [
            [
              24.01599553823085,
              57.01169601149844
            ],
            [
              24.032494422788563,
              57.01169601149844
            ],
            [
              24.032494422788563,
              57.02067912324835
            ],
            [
              24.01599553823085,
              57.02067912324835
            ],
            [
              24.01599553823085,
              57.01169601149844
            ]
          ]
        ]
      }
    },
    {
      "type": "Feature",
      "properties": {
        "grid_id": "R018C005"
      },
      "geometry": {
        "type": "Polygon",
        "coordinates": [
          [
            [
              24.032494422788563,
              57.01169601149844
            ],
            [
              24.048993307346276,
              57.01169601149844
            ],
            [
              24.048993307346276,
              57.02067912324835
            ],
            [
              24.032494422788563,
              57.02067912324835
            ],
            [
              24.032494422788563,
              57.01169601149844
            ]
          ]
        ]
      }
    },
    {
      "type": "Feature",
      "properties": {
        "grid_id": "R018C006"
      },
      "geometry": {
        "type": "Polygon",
        "coordinates": [
          [
            [
              24.048993307346276,
              57.01169601149844
            ],
            [
              24.06549219190399,
              57.01169601149844
            ],
            [
              24.06549219190399,
              57.02067912324835
            ],
            [
              24.048993307346276,
              57.02067912324835
            ],
            [
              24.048993307346276,
              57.01169601149844
            ]
          ]
        ]
      }
    },
    {
      "type": "Feature",
      "properties": {
        "grid_id": "R018C007"
      },
      "geometry": {
        "type": "Polygon",
        "coordinates": [
          [
            [
              24.06549219190399,
              57.01169601149844
            ],
            [
              24.0819910764617,
              57.01169601149844
            ],
            [
              24.0819910764617,
              57.02067912324835
            ],
            [
              24.06549219190399,
              57.02067912324835
            ],
            [
              24.06549219190399,
              57.01169601149844
            ]
          ]
        ]
      }
    },
    {
      "type": "Feature",
      "properties": {
        "grid_id": "R018C008"
      },
      "geometry": {
        "type": "Polygon",
        "coordinates": [
          [
            [
              24.0819910764617,
              57.01169601149844
            ],
            [
              24.098489961019414,
              57.01169601149844
            ],
            [
              24.098489961019414,
              57.02067912324835
            ],
            [
              24.0819910764617,
              57.02067912324835
            ],
            [
              24.0819910764617,
              57.01169601149844
            ]
          ]
        ]
      }
    },
    {
      "type": "Feature",
      "properties": {
        "grid_id": "R018C009"
      },
      "geometry": {
        "type": "Polygon",
        "coordinates": [
          [
            [
              24.098489961019414,
              57.01169601149844
            ],
            [
              24.114988845577127,
              57.01169601149844
            ],
            [
              24.114988845577127,
              57.02067912324835
            ],
            [
              24.098489961019414,
              57.02067912324835
            ],
            [
              24.098489961019414,
              57.01169601149844
            ]
          ]
        ]
      }
    },
    {
      "type": "Feature",
      "properties": {
        "grid_id": "R018C010"
      },
      "geometry": {
        "type": "Polygon",
        "coordinates": [
          [
            [
              24.114988845577127,
              57.01169601149844
            ],
            [
              24.13148773013484,
              57.01169601149844
            ],
            [
              24.13148773013484,
              57.02067912324835
            ],
            [
              24.114988845577127,
              57.02067912324835
            ],
            [
              24.114988845577127,
              57.01169601149844
            ]
          ]
        ]
      }
    },
    {
      "type": "Feature",
      "properties": {
        "grid_id": "R018C011"
      },
      "geometry": {
        "type": "Polygon",
        "coordinates": [
          [
            [
              24.13148773013484,
              57.01169601149844
            ],
            [
              24.147986614692552,
              57.01169601149844
            ],
            [
              24.147986614692552,
              57.02067912324835
            ],
            [
              24.13148773013484,
              57.02067912324835
            ],
            [
              24.13148773013484,
              57.01169601149844
            ]
          ]
        ]
      }
    },
    {
      "type": "Feature",
      "properties": {
        "grid_id": "R018C012"
      },
      "geometry": {
        "type": "Polygon",
        "coordinates": [
          [
            [
              24.147986614692552,
              57.01169601149844
            ],
            [
              24.164485499250265,
              57.01169601149844
            ],
            [
              24.164485499250265,
              57.02067912324835
            ],
            [
              24.147986614692552,
              57.02067912324835
            ],
            [
              24.147986614692552,
              57.01169601149844
            ]
          ]
        ]
      }
    },
    {
      "type": "Feature",
      "properties": {
        "grid_id": "R018C013"
      },
      "geometry": {
        "type": "Polygon",
        "coordinates": [
          [
            [
              24.164485499250265,
              57.01169601149844
            ],
            [
              24.180984383807978,
              57.01169601149844
            ],
            [
              24.180984383807978,
              57.02067912324835
            ],
            [
              24.164485499250265,
              57.02067912324835
            ],
            [
              24.164485499250265,
              57.01169601149844
            ]
          ]
        ]
      }
    },
    {
      "type": "Feature",
      "properties": {
        "grid_id": "R018C014"
      },
      "geometry": {
        "type": "Polygon",
        "coordinates": [
          [
            [
              24.180984383807978,
              57.01169601149844
            ],
            [
              24.19748326836569,
              57.01169601149844
            ],
            [
              24.19748326836569,
              57.02067912324835
            ],
            [
              24.180984383807978,
              57.02067912324835
            ],
            [
              24.180984383807978,
              57.01169601149844
            ]
          ]
        ]
      }
    },
    {
      "type": "Feature",
      "properties": {
        "grid_id": "R018C015"
      },
      "geometry": {
        "type": "Polygon",
        "coordinates": [
          [
            [
              24.19748326836569,
              57.01169601149844
            ],
            [
              24.213982152923403,
              57.01169601149844
            ],
            [
              24.213982152923403,
              57.02067912324835
            ],
            [
              24.19748326836569,
              57.02067912324835
            ],
            [
              24.19748326836569,
              57.01169601149844
            ]
          ]
        ]
      }
    },
    {
      "type": "Feature",
      "properties": {
        "grid_id": "R018C016"
      },
      "geometry": {
        "type": "Polygon",
        "coordinates": [
          [
            [
              24.213982152923403,
              57.01169601149844
            ],
            [
              24.230481037481116,
              57.01169601149844
            ],
            [
              24.230481037481116,
              57.02067912324835
            ],
            [
              24.213982152923403,
              57.02067912324835
            ],
            [
              24.213982152923403,
              57.01169601149844
            ]
          ]
        ]
      }
    },
    {
      "type": "Feature",
      "properties": {
        "grid_id": "R018C017"
      },
      "geometry": {
        "type": "Polygon",
        "coordinates": [
          [
            [
              24.230481037481116,
              57.01169601149844
            ],
            [
              24.24697992203883,
              57.01169601149844
            ],
            [
              24.24697992203883,
              57.02067912324835
            ],
            [
              24.230481037481116,
              57.02067912324835
            ],
            [
              24.230481037481116,
              57.01169601149844
            ]
          ]
        ]
      }
    },
    {
      "type": "Feature",
      "properties": {
        "grid_id": "R019C001"
      },
      "geometry": {
        "type": "Polygon",
        "coordinates": [
          [
            [
              23.966502870789153,
              57.02067912324835
            ],
            [
              23.983005741578307,
              57.02067912324835
            ],
            [
              23.983005741578307,
              57.02966223499826
            ],
            [
              23.966502870789153,
              57.02966223499826
            ],
            [
              23.966502870789153,
              57.02067912324835
            ]
          ]
        ]
      }
    },
    {
      "type": "Feature",
      "properties": {
        "grid_id": "R019C002"
      },
      "geometry": {
        "type": "Polygon",
        "coordinates": [
          [
            [
              23.983005741578307,
              57.02067912324835
            ],
            [
              23.99950861236746,
              57.02067912324835
            ],
            [
              23.99950861236746,
              57.02966223499826
            ],
            [
              23.983005741578307,
              57.02966223499826
            ],
            [
              23.983005741578307,
              57.02067912324835
            ]
          ]
        ]
      }
    },
    {
      "type": "Feature",
      "properties": {
        "grid_id": "R019C003"
      },
      "geometry": {
        "type": "Polygon",
        "coordinates": [
          [
            [
              23.99950861236746,
              57.02067912324835
            ],
            [
              24.016011483156614,
              57.02067912324835
            ],
            [
              24.016011483156614,
              57.02966223499826
            ],
            [
              23.99950861236746,
              57.02966223499826
            ],
            [
              23.99950861236746,
              57.02067912324835
            ]
          ]
        ]
      }
    },
    {
      "type": "Feature",
      "properties": {
        "grid_id": "R019C004"
      },
      "geometry": {
        "type": "Polygon",
        "coordinates": [
          [
            [
              24.016011483156614,
              57.02067912324835
            ],
            [
              24.032514353945768,
              57.02067912324835
            ],
            [
              24.032514353945768,
              57.02966223499826
            ],
            [
              24.016011483156614,
              57.02966223499826
            ],
            [
              24.016011483156614,
              57.02067912324835
            ]
          ]
        ]
      }
    },
    {
      "type": "Feature",
      "properties": {
        "grid_id": "R019C005"
      },
      "geometry": {
        "type": "Polygon",
        "coordinates": [
          [
            [
              24.032514353945768,
              57.02067912324835
            ],
            [
              24.04901722473492,
              57.02067912324835
            ],
            [
              24.04901722473492,
              57.02966223499826
            ],
            [
              24.032514353945768,
              57.02966223499826
            ],
            [
              24.032514353945768,
              57.02067912324835
            ]
          ]
        ]
      }
    },
    {
      "type": "Feature",
      "properties": {
        "grid_id": "R019C006"
      },
      "geometry": {
        "type": "Polygon",
        "coordinates": [
          [
            [
              24.04901722473492,
              57.02067912324835
            ],
            [
              24.065520095524075,
              57.02067912324835
            ],
            [
              24.065520095524075,
              57.02966223499826
            ],
            [
              24.04901722473492,
              57.02966223499826
            ],
            [
              24.04901722473492,
              57.02067912324835
            ]
          ]
        ]
      }
    },
    {
      "type": "Feature",
      "properties": {
        "grid_id": "R019C007"
      },
      "geometry": {
        "type": "Polygon",
        "coordinates": [
          [
            [
              24.065520095524075,
              57.02067912324835
            ],
            [
              24.08202296631323,
              57.02067912324835
            ],
            [
              24.08202296631323,
              57.02966223499826
            ],
            [
              24.065520095524075,
              57.02966223499826
            ],
            [
              24.065520095524075,
              57.02067912324835
            ]
          ]
        ]
      }
    },
    {
      "type": "Feature",
      "properties": {
        "grid_id": "R019C008"
      },
      "geometry": {
        "type": "Polygon",
        "coordinates": [
          [
            [
              24.08202296631323,
              57.02067912324835
            ],
            [
              24.098525837102382,
              57.02067912324835
            ],
            [
              24.098525837102382,
              57.02966223499826
            ],
            [
              24.08202296631323,
              57.02966223499826
            ],
            [
              24.08202296631323,
              57.02067912324835
            ]
          ]
        ]
      }
    },
    {
      "type": "Feature",
      "properties": {
        "grid_id": "R019C009"
      },
      "geometry": {
        "type": "Polygon",
        "coordinates": [
          [
            [
              24.098525837102382,
              57.02067912324835
            ],
            [
              24.115028707891536,
              57.02067912324835
            ],
            [
              24.115028707891536,
              57.02966223499826
            ],
            [
              24.098525837102382,
              57.02966223499826
            ],
            [
              24.098525837102382,
              57.02067912324835
            ]
          ]
        ]
      }
    },
    {
      "type": "Feature",
      "properties": {
        "grid_id": "R019C010"
      },
      "geometry": {
        "type": "Polygon",
        "coordinates": [
          [
            [
              24.115028707891536,
              57.02067912324835
            ],
            [
              24.13153157868069,
              57.02067912324835
            ],
            [
              24.13153157868069,
              57.02966223499826
            ],
            [
              24.115028707891536,
              57.02966223499826
            ],
            [
              24.115028707891536,
              57.02067912324835
            ]
          ]
        ]
      }
    },
    {
      "type": "Feature",
      "properties": {
        "grid_id": "R019C011"
      },
      "geometry": {
        "type": "Polygon",
        "coordinates": [
          [
            [
              24.13153157868069,
              57.02067912324835
            ],
            [
              24.148034449469844,
              57.02067912324835
            ],
            [
              24.148034449469844,
              57.02966223499826
            ],
            [
              24.13153157868069,
              57.02966223499826
            ],
            [
              24.13153157868069,
              57.02067912324835
            ]
          ]
        ]
      }
    },
    {
      "type": "Feature",
      "properties": {
        "grid_id": "R019C012"
      },
      "geometry": {
        "type": "Polygon",
        "coordinates": [
          [
            [
              24.148034449469844,
              57.02067912324835
            ],
            [
              24.164537320258997,
              57.02067912324835
            ],
            [
              24.164537320258997,
              57.02966223499826
            ],
            [
              24.148034449469844,
              57.02966223499826
            ],
            [
              24.148034449469844,
              57.02067912324835
            ]
          ]
        ]
      }
    },
    {
      "type": "Feature",
      "properties": {
        "grid_id": "R019C013"
      },
      "geometry": {
        "type": "Polygon",
        "coordinates": [
          [
            [
              24.164537320258997,
              57.02067912324835
            ],
            [
              24.18104019104815,
              57.02067912324835
            ],
            [
              24.18104019104815,
              57.02966223499826
            ],
            [
              24.164537320258997,
              57.02966223499826
            ],
            [
              24.164537320258997,
              57.02067912324835
            ]
          ]
        ]
      }
    },
    {
      "type": "Feature",
      "properties": {
        "grid_id": "R019C014"
      },
      "geometry": {
        "type": "Polygon",
        "coordinates": [
          [
            [
              24.18104019104815,
              57.02067912324835
            ],
            [
              24.197543061837305,
              57.02067912324835
            ],
            [
              24.197543061837305,
              57.02966223499826
            ],
            [
              24.18104019104815,
              57.02966223499826
            ],
            [
              24.18104019104815,
              57.02067912324835
            ]
          ]
        ]
      }
    },
    {
      "type": "Feature",
      "properties": {
        "grid_id": "R019C015"
      },
      "geometry": {
        "type": "Polygon",
        "coordinates": [
          [
            [
              24.197543061837305,
              57.02067912324835
            ],
            [
              24.21404593262646,
              57.02067912324835
            ],
            [
              24.21404593262646,
              57.02966223499826
            ],
            [
              24.197543061837305,
              57.02966223499826
            ],
            [
              24.197543061837305,
              57.02067912324835
            ]
          ]
        ]
      }
    },
    {
      "type": "Feature",
      "properties": {
        "grid_id": "R020C002"
      },
      "geometry": {
        "type": "Polygon",
        "coordinates": [
          [
            [
              23.98301371870623,
              57.02966223499826
            ],
            [
              23.999520578059343,
              57.02966223499826
            ],
            [
              23.999520578059343,
              57.038645346748176
            ],
            [
              23.98301371870623,
              57.038645346748176
            ],
            [
              23.98301371870623,
              57.02966223499826
            ]
          ]
        ]
      }
    },
    {
      "type": "Feature",
      "properties": {
        "grid_id": "R020C003"
      },
      "geometry": {
        "type": "Polygon",
        "coordinates": [
          [
            [
              23.999520578059343,
              57.02966223499826
            ],
            [
              24.016027437412458,
              57.02966223499826
            ],
            [
              24.016027437412458,
              57.038645346748176
            ],
            [
              23.999520578059343,
              57.038645346748176
            ],
            [
              23.999520578059343,
              57.02966223499826
            ]
          ]
        ]
      }
    },
    {
      "type": "Feature",
      "properties": {
        "grid_id": "R020C004"
      },
      "geometry": {
        "type": "Polygon",
        "coordinates": [
          [
            [
              24.016027437412458,
              57.02966223499826
            ],
            [
              24.032534296765572,
              57.02966223499826
            ],
            [
              24.032534296765572,
              57.038645346748176
            ],
            [
              24.016027437412458,
              57.038645346748176
            ],
            [
              24.016027437412458,
              57.02966223499826
            ]
          ]
        ]
      }
    },
    {
      "type": "Feature",
      "properties": {
        "grid_id": "R020C005"
      },
      "geometry": {
        "type": "Polygon",
        "coordinates": [
          [
            [
              24.032534296765572,
              57.02966223499826
            ],
            [
              24.049041156118687,
              57.02966223499826
            ],
            [
              24.049041156118687,
              57.038645346748176
            ],
            [
              24.032534296765572,
              57.038645346748176
            ],
            [
              24.032534296765572,
              57.02966223499826
            ]
          ]
        ]
      }
    },
    {
      "type": "Feature",
      "properties": {
        "grid_id": "R020C006"
      },
      "geometry": {
        "type": "Polygon",
        "coordinates": [
          [
            [
              24.049041156118687,
              57.02966223499826
            ],
            [
              24.0655480154718,
              57.02966223499826
            ],
            [
              24.0655480154718,
              57.038645346748176
            ],
            [
              24.049041156118687,
              57.038645346748176
            ],
            [
              24.049041156118687,
              57.02966223499826
            ]
          ]
        ]
      }
    },
    {
      "type": "Feature",
      "properties": {
        "grid_id": "R020C007"
      },
      "geometry": {
        "type": "Polygon",
        "coordinates": [
          [
            [
              24.0655480154718,
              57.02966223499826
            ],
            [
              24.082054874824916,
              57.02966223499826
            ],
            [
              24.082054874824916,
              57.038645346748176
            ],
            [
              24.0655480154718,
              57.038645346748176
            ],
            [
              24.0655480154718,
              57.02966223499826
            ]
          ]
        ]
      }
    },
    {
      "type": "Feature",
      "properties": {
        "grid_id": "R020C008"
      },
      "geometry": {
        "type": "Polygon",
        "coordinates": [
          [
            [
              24.082054874824916,
              57.02966223499826
            ],
            [
              24.09856173417803,
              57.02966223499826
            ],
            [
              24.09856173417803,
              57.038645346748176
            ],
            [
              24.082054874824916,
              57.038645346748176
            ],
            [
              24.082054874824916,
              57.02966223499826
            ]
          ]
        ]
      }
    },
    {
      "type": "Feature",
      "properties": {
        "grid_id": "R020C009"
      },
      "geometry": {
        "type": "Polygon",
        "coordinates": [
          [
            [
              24.09856173417803,
              57.02966223499826
            ],
            [
              24.115068593531145,
              57.02966223499826
            ],
            [
              24.115068593531145,
              57.038645346748176
            ],
            [
              24.09856173417803,
              57.038645346748176
            ],
            [
              24.09856173417803,
              57.02966223499826
            ]
          ]
        ]
      }
    },
    {
      "type": "Feature",
      "properties": {
        "grid_id": "R020C010"
      },
      "geometry": {
        "type": "Polygon",
        "coordinates": [
          [
            [
              24.115068593531145,
              57.02966223499826
            ],
            [
              24.13157545288426,
              57.02966223499826
            ],
            [
              24.13157545288426,
              57.038645346748176
            ],
            [
              24.115068593531145,
              57.038645346748176
            ],
            [
              24.115068593531145,
              57.02966223499826
            ]
          ]
        ]
      }
    },
    {
      "type": "Feature",
      "properties": {
        "grid_id": "R020C011"
      },
      "geometry": {
        "type": "Polygon",
        "coordinates": [
          [
            [
              24.13157545288426,
              57.02966223499826
            ],
            [
              24.148082312237374,
              57.02966223499826
            ],
            [
              24.148082312237374,
              57.038645346748176
            ],
            [
              24.13157545288426,
              57.038645346748176
            ],
            [
              24.13157545288426,
              57.02966223499826
            ]
          ]
        ]
      }
    },
    {
      "type": "Feature",
      "properties": {
        "grid_id": "R020C012"
      },
      "geometry": {
        "type": "Polygon",
        "coordinates": [
          [
            [
              24.148082312237374,
              57.02966223499826
            ],
            [
              24.16458917159049,
              57.02966223499826
            ],
            [
              24.16458917159049,
              57.038645346748176
            ],
            [
              24.148082312237374,
              57.038645346748176
            ],
            [
              24.148082312237374,
              57.02966223499826
            ]
          ]
        ]
      }
    },
    {
      "type": "Feature",
      "properties": {
        "grid_id": "R020C013"
      },
      "geometry": {
        "type": "Polygon",
        "coordinates": [
          [
            [
              24.16458917159049,
              57.02966223499826
            ],
            [
              24.181096030943603,
              57.02966223499826
            ],
            [
              24.181096030943603,
              57.038645346748176
            ],
            [
              24.16458917159049,
              57.038645346748176
            ],
            [
              24.16458917159049,
              57.02966223499826
            ]
          ]
        ]
      }
    },
    {
      "type": "Feature",
      "properties": {
        "grid_id": "R020C014"
      },
      "geometry": {
        "type": "Polygon",
        "coordinates": [
          [
            [
              24.181096030943603,
              57.02966223499826
            ],
            [
              24.197602890296718,
              57.02966223499826
            ],
            [
              24.197602890296718,
              57.038645346748176
            ],
            [
              24.181096030943603,
              57.038645346748176
            ],
            [
              24.181096030943603,
              57.02966223499826
            ]
          ]
        ]
      }
    },
    {
      "type": "Feature",
      "properties": {
        "grid_id": "R020C015"
      },
      "geometry": {
        "type": "Polygon",
        "coordinates": [
          [
            [
              24.197602890296718,
              57.02966223499826
            ],
            [
              24.214109749649833,
              57.02966223499826
            ],
            [
              24.214109749649833,
              57.038645346748176
            ],
            [
              24.197602890296718,
              57.038645346748176
            ],
            [
              24.197602890296718,
              57.02966223499826
            ]
          ]
        ]
      }
    },
    {
      "type": "Feature",
      "properties": {
        "grid_id": "R021C002"
      },
      "geometry": {
        "type": "Polygon",
        "coordinates": [
          [
            [
              23.98302170050297,
              57.038645346748176
            ],
            [
              23.999532550754456,
              57.038645346748176
            ],
            [
              23.999532550754456,
              57.04762845849809
            ],
            [
              23.98302170050297,
              57.04762845849809
            ],
            [
              23.98302170050297,
              57.038645346748176
            ]
          ]
        ]
      }
    },
    {
      "type": "Feature",
      "properties": {
        "grid_id": "R021C003"
      },
      "geometry": {
        "type": "Polygon",
        "coordinates": [
          [
            [
              23.999532550754456,
              57.038645346748176
            ],
            [
              24.01604340100594,
              57.038645346748176
            ],
            [
              24.01604340100594,
              57.04762845849809
            ],
            [
              23.999532550754456,
              57.04762845849809
            ],
            [
              23.999532550754456,
              57.038645346748176
            ]
          ]
        ]
      }
    },
    {
      "type": "Feature",
      "properties": {
        "grid_id": "R021C004"
      },
      "geometry": {
        "type": "Polygon",
        "coordinates": [
          [
            [
              24.01604340100594,
              57.038645346748176
            ],
            [
              24.032554251257427,
              57.038645346748176
            ],
            [
              24.032554251257427,
              57.04762845849809
            ],
            [
              24.01604340100594,
              57.04762845849809
            ],
            [
              24.01604340100594,
              57.038645346748176
            ]
          ]
        ]
      }
    },
    {
      "type": "Feature",
      "properties": {
        "grid_id": "R021C005"
      },
      "geometry": {
        "type": "Polygon",
        "coordinates": [
          [
            [
              24.032554251257427,
              57.038645346748176
            ],
            [
              24.049065101508912,
              57.038645346748176
            ],
            [
              24.049065101508912,
              57.04762845849809
            ],
            [
              24.032554251257427,
              57.04762845849809
            ],
            [
              24.032554251257427,
              57.038645346748176
            ]
          ]
        ]
      }
    },
    {
      "type": "Feature",
      "properties": {
        "grid_id": "R021C006"
      },
      "geometry": {
        "type": "Polygon",
        "coordinates": [
          [
            [
              24.049065101508912,
              57.038645346748176
            ],
            [
              24.065575951760398,
              57.038645346748176
            ],
            [
              24.065575951760398,
              57.04762845849809
            ],
            [
              24.049065101508912,
              57.04762845849809
            ],
            [
              24.049065101508912,
              57.038645346748176
            ]
          ]
        ]
      }
    },
    {
      "type": "Feature",
      "properties": {
        "grid_id": "R021C007"
      },
      "geometry": {
        "type": "Polygon",
        "coordinates": [
          [
            [
              24.065575951760398,
              57.038645346748176
            ],
            [
              24.082086802011883,
              57.038645346748176
            ],
            [
              24.082086802011883,
              57.04762845849809
            ],
            [
              24.065575951760398,
              57.04762845849809
            ],
            [
              24.065575951760398,
              57.038645346748176
            ]
          ]
        ]
      }
    },
    {
      "type": "Feature",
      "properties": {
        "grid_id": "R021C008"
      },
      "geometry": {
        "type": "Polygon",
        "coordinates": [
          [
            [
              24.082086802011883,
              57.038645346748176
            ],
            [
              24.09859765226337,
              57.038645346748176
            ],
            [
              24.09859765226337,
              57.04762845849809
            ],
            [
              24.082086802011883,
              57.04762845849809
            ],
            [
              24.082086802011883,
              57.038645346748176
            ]
          ]
        ]
      }
    },
    {
      "type": "Feature",
      "properties": {
        "grid_id": "R021C009"
      },
      "geometry": {
        "type": "Polygon",
        "coordinates": [
          [
            [
              24.09859765226337,
              57.038645346748176
            ],
            [
              24.115108502514854,
              57.038645346748176
            ],
            [
              24.115108502514854,
              57.04762845849809
            ],
            [
              24.09859765226337,
              57.04762845849809
            ],
            [
              24.09859765226337,
              57.038645346748176
            ]
          ]
        ]
      }
    },
    {
      "type": "Feature",
      "properties": {
        "grid_id": "R021C010"
      },
      "geometry": {
        "type": "Polygon",
        "coordinates": [
          [
            [
              24.115108502514854,
              57.038645346748176
            ],
            [
              24.13161935276634,
              57.038645346748176
            ],
            [
              24.13161935276634,
              57.04762845849809
            ],
            [
              24.115108502514854,
              57.04762845849809
            ],
            [
              24.115108502514854,
              57.038645346748176
            ]
          ]
        ]
      }
    },
    {
      "type": "Feature",
      "properties": {
        "grid_id": "R021C011"
      },
      "geometry": {
        "type": "Polygon",
        "coordinates": [
          [
            [
              24.13161935276634,
              57.038645346748176
            ],
            [
              24.148130203017825,
              57.038645346748176
            ],
            [
              24.148130203017825,
              57.04762845849809
            ],
            [
              24.13161935276634,
              57.04762845849809
            ],
            [
              24.13161935276634,
              57.038645346748176
            ]
          ]
        ]
      }
    },
    {
      "type": "Feature",
      "properties": {
        "grid_id": "R021C012"
      },
      "geometry": {
        "type": "Polygon",
        "coordinates": [
          [
            [
              24.148130203017825,
              57.038645346748176
            ],
            [
              24.16464105326931,
              57.038645346748176
            ],
            [
              24.16464105326931,
              57.04762845849809
            ],
            [
              24.148130203017825,
              57.04762845849809
            ],
            [
              24.148130203017825,
              57.038645346748176
            ]
          ]
        ]
      }
    },
    {
      "type": "Feature",
      "properties": {
        "grid_id": "R021C013"
      },
      "geometry": {
        "type": "Polygon",
        "coordinates": [
          [
            [
              24.16464105326931,
              57.038645346748176
            ],
            [
              24.181151903520796,
              57.038645346748176
            ],
            [
              24.181151903520796,
              57.04762845849809
            ],
            [
              24.16464105326931,
              57.04762845849809
            ],
            [
              24.16464105326931,
              57.038645346748176
            ]
          ]
        ]
      }
    },
    {
      "type": "Feature",
      "properties": {
        "grid_id": "R021C014"
      },
      "geometry": {
        "type": "Polygon",
        "coordinates": [
          [
            [
              24.181151903520796,
              57.038645346748176
            ],
            [
              24.19766275377228,
              57.038645346748176
            ],
            [
              24.19766275377228,
              57.04762845849809
            ],
            [
              24.181151903520796,
              57.04762845849809
            ],
            [
              24.181151903520796,
              57.038645346748176
            ]
          ]
        ]
      }
    },
    {
      "type": "Feature",
      "properties": {
        "grid_id": "R021C015"
      },
      "geometry": {
        "type": "Polygon",
        "coordinates": [
          [
            [
              24.19766275377228,
              57.038645346748176
            ],
            [
              24.214173604023767,
              57.038645346748176
            ],
            [
              24.214173604023767,
              57.04762845849809
            ],
            [
              24.19766275377228,
              57.04762845849809
            ],
            [
              24.19766275377228,
              57.038645346748176
            ]
          ]
        ]
      }
    },
    {
      "type": "Feature",
      "properties": {
        "grid_id": "R022C003"
      },
      "geometry": {
        "type": "Polygon",
        "coordinates": [
          [
            [
              23.99954453045847,
              57.04762845849809
            ],
            [
              24.016059373944625,
              57.04762845849809
            ],
            [
              24.016059373944625,
              57.056611570248
            ],
            [
              23.99954453045847,
              57.056611570248
            ],
            [
              23.99954453045847,
              57.04762845849809
            ]
          ]
        ]
      }
    },
    {
      "type": "Feature",
      "properties": {
        "grid_id": "R022C004"
      },
      "geometry": {
        "type": "Polygon",
        "coordinates": [
          [
            [
              24.016059373944625,
              57.04762845849809
            ],
            [
              24.03257421743078,
              57.04762845849809
            ],
            [
              24.03257421743078,
              57.056611570248
            ],
            [
              24.016059373944625,
              57.056611570248
            ],
            [
              24.016059373944625,
              57.04762845849809
            ]
          ]
        ]
      }
    },
    {
      "type": "Feature",
      "properties": {
        "grid_id": "R022C005"
      },
      "geometry": {
        "type": "Polygon",
        "coordinates": [
          [
            [
              24.03257421743078,
              57.04762845849809
            ],
            [
              24.049089060916938,
              57.04762845849809
            ],
            [
              24.049089060916938,
              57.056611570248
            ],
            [
              24.03257421743078,
              57.056611570248
            ],
            [
              24.03257421743078,
              57.04762845849809
            ]
          ]
        ]
      }
    },
    {
      "type": "Feature",
      "properties": {
        "grid_id": "R022C006"
      },
      "geometry": {
        "type": "Polygon",
        "coordinates": [
          [
            [
              24.049089060916938,
              57.04762845849809
            ],
            [
              24.065603904403094,
              57.04762845849809
            ],
            [
              24.065603904403094,
              57.056611570248
            ],
            [
              24.049089060916938,
              57.056611570248
            ],
            [
              24.049089060916938,
              57.04762845849809
            ]
          ]
        ]
      }
    },
    {
      "type": "Feature",
      "properties": {
        "grid_id": "R022C007"
      },
      "geometry": {
        "type": "Polygon",
        "coordinates": [
          [
            [
              24.065603904403094,
              57.04762845849809
            ],
            [
              24.08211874788925,
              57.04762845849809
            ],
            [
              24.08211874788925,
              57.056611570248
            ],
            [
              24.065603904403094,
              57.056611570248
            ],
            [
              24.065603904403094,
              57.04762845849809
            ]
          ]
        ]
      }
    },
    {
      "type": "Feature",
      "properties": {
        "grid_id": "R022C008"
      },
      "geometry": {
        "type": "Polygon",
        "coordinates": [
          [
            [
              24.08211874788925,
              57.04762845849809
            ],
            [
              24.098633591375407,
              57.04762845849809
            ],
            [
              24.098633591375407,
              57.056611570248
            ],
            [
              24.08211874788925,
              57.056611570248
            ],
            [
              24.08211874788925,
              57.04762845849809
            ]
          ]
        ]
      }
    },
    {
      "type": "Feature",
      "properties": {
        "grid_id": "R022C009"
      },
      "geometry": {
        "type": "Polygon",
        "coordinates": [
          [
            [
              24.098633591375407,
              57.04762845849809
            ],
            [
              24.115148434861563,
              57.04762845849809
            ],
            [
              24.115148434861563,
              57.056611570248
            ],
            [
              24.098633591375407,
              57.056611570248
            ],
            [
              24.098633591375407,
              57.04762845849809
            ]
          ]
        ]
      }
    },
    {
      "type": "Feature",
      "properties": {
        "grid_id": "R022C010"
      },
      "geometry": {
        "type": "Polygon",
        "coordinates": [
          [
            [
              24.115148434861563,
              57.04762845849809
            ],
            [
              24.13166327834772,
              57.04762845849809
            ],
            [
              24.13166327834772,
              57.056611570248
            ],
            [
              24.115148434861563,
              57.056611570248
            ],
            [
              24.115148434861563,
              57.04762845849809
            ]
          ]
        ]
      }
    },
    {
      "type": "Feature",
      "properties": {
        "grid_id": "R022C011"
      },
      "geometry": {
        "type": "Polygon",
        "coordinates": [
          [
            [
              24.13166327834772,
              57.04762845849809
            ],
            [
              24.148178121833876,
              57.04762845849809
            ],
            [
              24.148178121833876,
              57.056611570248
            ],
            [
              24.13166327834772,
              57.056611570248
            ],
            [
              24.13166327834772,
              57.04762845849809
            ]
          ]
        ]
      }
    },
    {
      "type": "Feature",
      "properties": {
        "grid_id": "R022C012"
      },
      "geometry": {
        "type": "Polygon",
        "coordinates": [
          [
            [
              24.148178121833876,
              57.04762845849809
            ],
            [
              24.164692965320032,
              57.04762845849809
            ],
            [
              24.164692965320032,
              57.056611570248
            ],
            [
              24.148178121833876,
              57.056611570248
            ],
            [
              24.148178121833876,
              57.04762845849809
            ]
          ]
        ]
      }
    },
    {
      "type": "Feature",
      "properties": {
        "grid_id": "R022C013"
      },
      "geometry": {
        "type": "Polygon",
        "coordinates": [
          [
            [
              24.164692965320032,
              57.04762845849809
            ],
            [
              24.18120780880619,
              57.04762845849809
            ],
            [
              24.18120780880619,
              57.056611570248
            ],
            [
              24.164692965320032,
              57.056611570248
            ],
            [
              24.164692965320032,
              57.04762845849809
            ]
          ]
        ]
      }
    },
    {
      "type": "Feature",
      "properties": {
        "grid_id": "R022C014"
      },
      "geometry": {
        "type": "Polygon",
        "coordinates": [
          [
            [
              24.18120780880619,
              57.04762845849809
            ],
            [
              24.197722652292345,
              57.04762845849809
            ],
            [
              24.197722652292345,
              57.056611570248
            ],
            [
              24.18120780880619,
              57.056611570248
            ],
            [
              24.18120780880619,
              57.04762845849809
            ]
          ]
        ]
      }
    },
    {
      "type": "Feature",
      "properties": {
        "grid_id": "R023C003"
      },
      "geometry": {
        "type": "Polygon",
        "coordinates": [
          [
            [
              23.999556517177062,
              57.056611570248
            ],
            [
              24.016075356236083,
              57.056611570248
            ],
            [
              24.016075356236083,
              57.065594681997915
            ],
            [
              23.999556517177062,
              57.065594681997915
            ],
            [
              23.999556517177062,
              57.056611570248
            ]
          ]
        ]
      }
    },
    {
      "type": "Feature",
      "properties": {
        "grid_id": "R023C004"
      },
      "geometry": {
        "type": "Polygon",
        "coordinates": [
          [
            [
              24.016075356236083,
              57.056611570248
            ],
            [
              24.032594195295104,
              57.056611570248
            ],
            [
              24.032594195295104,
              57.065594681997915
            ],
            [
              24.016075356236083,
              57.065594681997915
            ],
            [
              24.016075356236083,
              57.056611570248
            ]
          ]
        ]
      }
    },
    {
      "type": "Feature",
      "properties": {
        "grid_id": "R023C005"
      },
      "geometry": {
        "type": "Polygon",
        "coordinates": [
          [
            [
              24.032594195295104,
              57.056611570248
            ],
            [
              24.049113034354125,
              57.056611570248
            ],
            [
              24.049113034354125,
              57.065594681997915
            ],
            [
              24.032594195295104,
              57.065594681997915
            ],
            [
              24.032594195295104,
              57.056611570248
            ]
          ]
        ]
      }
    },
    {
      "type": "Feature",
      "properties": {
        "grid_id": "R023C006"
      },
      "geometry": {
        "type": "Polygon",
        "coordinates": [
          [
            [
              24.049113034354125,
              57.056611570248
            ],
            [
              24.065631873413146,
              57.056611570248
            ],
            [
              24.065631873413146,
              57.065594681997915
            ],
            [
              24.049113034354125,
              57.065594681997915
            ],
            [
              24.049113034354125,
              57.056611570248
            ]
          ]
        ]
      }
    },
    {
      "type": "Feature",
      "properties": {
        "grid_id": "R023C007"
      },
      "geometry": {
        "type": "Polygon",
        "coordinates": [
          [
            [
              24.065631873413146,
              57.056611570248
            ],
            [
              24.082150712472167,
              57.056611570248
            ],
            [
              24.082150712472167,
              57.065594681997915
            ],
            [
              24.065631873413146,
              57.065594681997915
            ],
            [
              24.065631873413146,
              57.056611570248
            ]
          ]
        ]
      }
    },
    {
      "type": "Feature",
      "properties": {
        "grid_id": "R023C008"
      },
      "geometry": {
        "type": "Polygon",
        "coordinates": [
          [
            [
              24.082150712472167,
              57.056611570248
            ],
            [
              24.098669551531188,
              57.056611570248
            ],
            [
              24.098669551531188,
              57.065594681997915
            ],
            [
              24.082150712472167,
              57.065594681997915
            ],
            [
              24.082150712472167,
              57.056611570248
            ]
          ]
        ]
      }
    },
    {
      "type": "Feature",
      "properties": {
        "grid_id": "R023C009"
      },
      "geometry": {
        "type": "Polygon",
        "coordinates": [
          [
            [
              24.098669551531188,
              57.056611570248
            ],
            [
              24.11518839059021,
              57.056611570248
            ],
            [
              24.11518839059021,
              57.065594681997915
            ],
            [
              24.098669551531188,
              57.065594681997915
            ],
            [
              24.098669551531188,
              57.056611570248
            ]
          ]
        ]
      }
    },
    {
      "type": "Feature",
      "properties": {
        "grid_id": "R023C010"
      },
      "geometry": {
        "type": "Polygon",
        "coordinates": [
          [
            [
              24.11518839059021,
              57.056611570248
            ],
            [
              24.13170722964923,
              57.056611570248
            ],
            [
              24.13170722964923,
              57.065594681997915
            ],
            [
              24.11518839059021,
              57.065594681997915
            ],
            [
              24.11518839059021,
              57.056611570248
            ]
          ]
        ]
      }
    },
    {
      "type": "Feature",
      "properties": {
        "grid_id": "R023C011"
      },
      "geometry": {
        "type": "Polygon",
        "coordinates": [
          [
            [
              24.13170722964923,
              57.056611570248
            ],
            [
              24.14822606870825,
              57.056611570248
            ],
            [
              24.14822606870825,
              57.065594681997915
            ],
            [
              24.13170722964923,
              57.065594681997915
            ],
            [
              24.13170722964923,
              57.056611570248
            ]
          ]
        ]
      }
    },
    {
      "type": "Feature",
      "properties": {
        "grid_id": "R023C012"
      },
      "geometry": {
        "type": "Polygon",
        "coordinates": [
          [
            [
              24.14822606870825,
              57.056611570248
            ],
            [
              24.164744907767272,
              57.056611570248
            ],
            [
              24.164744907767272,
              57.065594681997915
            ],
            [
              24.14822606870825,
              57.065594681997915
            ],
            [
              24.14822606870825,
              57.056611570248
            ]
          ]
        ]
      }
    },
    {
      "type": "Feature",
      "properties": {
        "grid_id": "R024C004"
      },
      "geometry": {
        "type": "Polygon",
        "coordinates": [
          [
            [
              24.01609134788789,
              57.065594681997915
            ],
            [
              24.032614184859863,
              57.065594681997915
            ],
            [
              24.032614184859863,
              57.07457779374783
            ],
            [
              24.01609134788789,
              57.07457779374783
            ],
            [
              24.01609134788789,
              57.065594681997915
            ]
          ]
        ]
      }
    },
    {
      "type": "Feature",
      "properties": {
        "grid_id": "R024C005"
      },
      "geometry": {
        "type": "Polygon",
        "coordinates": [
          [
            [
              24.032614184859863,
              57.065594681997915
            ],
            [
              24.049137021831836,
              57.065594681997915
            ],
            [
              24.049137021831836,
              57.07457779374783
            ],
            [
              24.032614184859863,
              57.07457779374783
            ],
            [
              24.032614184859863,
              57.065594681997915
            ]
          ]
        ]
      }
    },
    {
      "type": "Feature",
      "properties": {
        "grid_id": "R024C006"
      },
      "geometry": {
        "type": "Polygon",
        "coordinates": [
          [
            [
              24.049137021831836,
              57.065594681997915
            ],
            [
              24.06565985880381,
              57.065594681997915
            ],
            [
              24.06565985880381,
              57.07457779374783
            ],
            [
              24.049137021831836,
              57.07457779374783
            ],
            [
              24.049137021831836,
              57.065594681997915
            ]
          ]
        ]
      }
    },
    {
      "type": "Feature",
      "properties": {
        "grid_id": "R024C007"
      },
      "geometry": {
        "type": "Polygon",
        "coordinates": [
          [
            [
              24.06565985880381,
              57.065594681997915
            ],
            [
              24.08218269577578,
              57.065594681997915
            ],
            [
              24.08218269577578,
              57.07457779374783
            ],
            [
              24.06565985880381,
              57.07457779374783
            ],
            [
              24.06565985880381,
              57.065594681997915
            ]
          ]
        ]
      }
    },
    {
      "type": "Feature",
      "properties": {
        "grid_id": "R024C008"
      },
      "geometry": {
        "type": "Polygon",
        "coordinates": [
          [
            [
              24.08218269577578,
              57.065594681997915
            ],
            [
              24.098705532747754,
              57.065594681997915
            ],
            [
              24.098705532747754,
              57.07457779374783
            ],
            [
              24.08218269577578,
              57.07457779374783
            ],
            [
              24.08218269577578,
              57.065594681997915
            ]
          ]
        ]
      }
    },
    {
      "type": "Feature",
      "properties": {
        "grid_id": "R024C009"
      },
      "geometry": {
        "type": "Polygon",
        "coordinates": [
          [
            [
              24.098705532747754,
              57.065594681997915
            ],
            [
              24.115228369719727,
              57.065594681997915
            ],
            [
              24.115228369719727,
              57.07457779374783
            ],
            [
              24.098705532747754,
              57.07457779374783
            ],
            [
              24.098705532747754,
              57.065594681997915
            ]
          ]
        ]
      }
    },
    {
      "type": "Feature",
      "properties": {
        "grid_id": "R024C010"
      },
      "geometry": {
        "type": "Polygon",
        "coordinates": [
          [
            [
              24.115228369719727,
              57.065594681997915
            ],
            [
              24.1317512066917,
              57.065594681997915
            ],
            [
              24.1317512066917,
              57.07457779374783
            ],
            [
              24.115228369719727,
              57.07457779374783
            ],
            [
              24.115228369719727,
              57.065594681997915
            ]
          ]
        ]
      }
    },
    {
      "type": "Feature",
      "properties": {
        "grid_id": "R024C011"
      },
      "geometry": {
        "type": "Polygon",
        "coordinates": [
          [
            [
              24.1317512066917,
              57.065594681997915
            ],
            [
              24.148274043663672,
              57.065594681997915
            ],
            [
              24.148274043663672,
              57.07457779374783
            ],
            [
              24.1317512066917,
              57.07457779374783
            ],
            [
              24.1317512066917,
              57.065594681997915
            ]
          ]
        ]
      }
    },
    {
      "type": "Feature",
      "properties": {
        "grid_id": "R025C007"
      },
      "geometry": {
        "type": "Polygon",
        "coordinates": [
          [
            [
              24.065687860588337,
              57.07457779374783
            ],
            [
              24.082214697815242,
              57.07457779374783
            ],
            [
              24.082214697815242,
              57.08356090549774
            ],
            [
              24.065687860588337,
              57.08356090549774
            ],
            [
              24.065687860588337,
              57.07457779374783
            ]
          ]
        ]
      }
    },
    {
      "type": "Feature",
      "properties": {
        "grid_id": "R025C008"
      },
      "geometry": {
        "type": "Polygon",
        "coordinates": [
          [
            [
              24.082214697815242,
              57.07457779374783
            ],
            [
              24.098741535042148,
              57.07457779374783
            ],
            [
              24.098741535042148,
              57.08356090549774
            ],
            [
              24.082214697815242,
              57.08356090549774
            ],
            [
              24.082214697815242,
              57.07457779374783
            ]
          ]
        ]
      }
    },
    {
      "type": "Feature",
      "properties": {
        "grid_id": "R025C009"
      },
      "geometry": {
        "type": "Polygon",
        "coordinates": [
          [
            [
              24.098741535042148,
              57.07457779374783
            ],
            [
              24.115268372269053,
              57.07457779374783
            ],
            [
              24.115268372269053,
              57.08356090549774
            ],
            [
              24.098741535042148,
              57.08356090549774
            ],
            [
              24.098741535042148,
              57.07457779374783
            ]
          ]
        ]
      }
    },
    {
      "type": "Feature",
      "properties": {
        "grid_id": "R025C010"
      },
      "geometry": {
        "type": "Polygon",
        "coordinates": [
          [
            [
              24.115268372269053,
              57.07457779374783
            ],
            [
              24.13179520949596,
              57.07457779374783
            ],
            [
              24.13179520949596,
              57.08356090549774
            ],
            [
              24.115268372269053,
              57.08356090549774
            ],
            [
              24.115268372269053,
              57.07457779374783
            ]
          ]
        ]
      }
    },
    {
      "type": "Feature",
      "properties": {
        "grid_id": "R025C011"
      },
      "geometry": {
        "type": "Polygon",
        "coordinates": [
          [
            [
              24.13179520949596,
              57.07457779374783
            ],
            [
              24.148322046722864,
              57.07457779374783
            ],
            [
              24.148322046722864,
              57.08356090549774
            ],
            [
              24.13179520949596,
              57.08356090549774
            ],
            [
              24.13179520949596,
              57.07457779374783
            ]
          ]
        ]
      }
    }
  ]
}