area_id,date,time_slice,passers_by,unique_passers_by
R011C010,2026-09-21,"[15:00,16:00)",282223,170846
R018C005,2026-09-21,"[22:00,23:00)",298,256
R012C017,2026-09-21,"[13:00,14:00)",40493,27958
R012C015,2026-09-21,"[06:00,07:00)",8029,7239
R014C007,2026-09-21,"[07:00,08:00)",9187,7564
R010C006,2026-09-21,"[23:00,00:00)",11190,8925
R018C002,2026-09-21,"[23:00,00:00)",186,127
R010C003,2026-09-21,"[14:00,15:00)",42769,33222
R013C021,2026-09-21,"[11:00,12:00)",1559,1401
R015C018,2026-09-21,"[15:00,16:00)",27202,23403
R019C011,2026-09-21,"[22:00,23:00)",5874,4107
R017C015,2026-09-21,"[18:00,19:00)",1978,1785
R007C009,2026-09-21,"[23:00,00:00)",8353,7105
R011C014,2026-09-21,"[16:00,17:00)",78126,58510
R017C001,2026-09-21,"[21:00,22:00)",12,12
R011C017,2026-09-21,"[16:00,17:00)",44256,35498
R018C013,2026-09-21,"[14:00,15:00)",2054,1480
R006C017,2026-09-21,"[15:00,16:00)",10594,7014
R009C017,2026-09-21,"[17:00,18:00)",27880,22913
R012C006,2026-09-21,"[22:00,23:00)",7448,5220
R024C011,2026-09-21,"[20:00,21:00)",854,714
R013C007,2026-09-21,"[06:00,07:00)",8813,7193
R022C010,2026-09-21,"[05:00,06:00)",461,461
R016C016,2026-09-21,"[08:00,09:00)",5467,4505
R017C007,2026-09-21,"[18:00,19:00)",4681,4049
R007C014,2026-09-21,"[22:00,23:00)",9134,7399
R019C009,2026-09-21,"[05:00,06:00)",2016,1533
R003C010,2026-09-21,"[05:00,06:00)",899,641
R010C016,2026-09-21,"[23:00,00:00)",6550,5094
R015C009,2026-09-21,"[10:00,11:00)",6973,3979
R015C000,2026-09-21,"[09:00,10:00)",231,186
R003C009,2026-09-21,"[19:00,20:00)",447,447
R002C018,2026-09-21,"[06:00,07:00)",8101,7140
R025C010,2026-09-21,"[03:00,04:00)",71,24
R022C004,2026-09-21,"[05:00,06:00)",20,20
R005C015,2026-09-21,"[20:00,21:00)",17565,12456
R018C011,2026-09-21,"[02:00,03:00)",126,90
R018C011,2026-09-21,"[19:00,20:00)",7227,6231
R015C003,2026-09-21,"[03:00,04:00)",42,42
R015C013,2026-09-21,"[17:00,18:00)",28862,22456
R010C000,2026-09-21,"[05:00,06:00)",2253,2071
R016C016,2026-09-21,"[09:00,10:00)",4071,3275
R022C008,2026-09-21,"[17:00,18:00)",10118,7122
R014C009,2026-09-21,"[08:00,09:00)",31207,24887
R013C008,2026-09-21,"[04:00,05:00)",214,191
R018C007,2026-09-21,"[20:00,21:00)",2467,2141
R020C010,2026-09-21,"[22:00,23:00)",6520,4425
R013C004,2026-09-21,"[16:00,17:00)",14235,11387
R014C018,2026-09-21,"[10:00,11:00)",17803,13751
R015C005,2026-09-21,"[08:00,09:00)",1215,1086
R007C007,2026-09-21,"[18:00,19:00)",64324,50469
R009C000,2026-09-21,"[08:00,09:00)",1673,1661
R007C008,2026-09-21,"[14:00,15:00)",72927,56993
R018C017,2026-09-21,"[10:00,11:00)",393,337
R018C008,2026-09-21,"[13:00,14:00)",2246,1671
R009C001,2026-09-21,"[16:00,17:00)",4000,3848
R010C007,2026-09-21,"[22:00,23:00)",23547,19570
R005C013,2026-09-21,"[10:00,11:00)",2995,2289
R016C010,2026-09-21,"[12:00,13:00)",30191,21405
R018C012,2026-09-21,"[09:00,10:00)",2057,1451
R007C014,2026-09-21,"[06:00,07:00)",24510,20076
R004C018,2026-09-21,"[21:00,22:00)",4638,3968
R012C009,2026-09-21,"[15:00,16:00)",131891,89142
R014C008,2026-09-21,"[03:00,04:00)",272,141
R012C017,2026-09-21,"[05:00,06:00)",4463,3399
R016C010,2026-09-21,"[21:00,22:00)",13653,10180
R009C011,2026-09-21,"[13:00,14:00)",91884,70553
R024C007,2026-09-21,"[04:00,05:00)",44,44
R013C010,2026-09-21,"[06:00,07:00)",11867,10068
R010C013,2026-09-21,"[11:00,12:00)",39853,31714
R023C012,2026-09-21,"[16:00,17:00)",4541,4326
R017C005,2026-09-21,"[15:00,16:00)",1313,1103
R008C015,2026-09-21,"[15:00,16:00)",18122,13824
R004C017,2026-09-21,"[17:00,18:00)",35075,28720
R018C014,2026-09-21,"[22:00,23:00)",561,410
R008C004,2026-09-21,"[04:00,05:00)",8439,6165
R015C021,2026-09-21,"[07:00,08:00)",13850,11640
R018C013,2026-09-21,"[22:00,23:00)",213,177
R013C007,2026-09-21,"[10:00,11:00)",10497,7645
R016C019,2026-09-21,"[07:00,08:00)",44946,39580
R021C014,2026-09-21,"[08:00,09:00)",1024,946
R014C017,2026-09-21,"[10:00,11:00)",15878,12747
R014C005,2026-09-21,"[13:00,14:00)",6314,4563
R010C006,2026-09-21,"[12:00,13:00)",63290,48995
R010C011,2026-09-21,"[05:00,06:00)",11381,8311
R012C009,2026-09-21,"[13:00,14:00)",115063,76259
R003C009,2026-09-21,"[15:00,16:00)",352,352
R011C000,2026-09-21,"[16:00,17:00)",38953,37603
R010C011,2026-09-21,"[08:00,09:00)",122685,90602
R016C007,2026-09-21,"[07:00,08:00)",4678,4438
R013C009,2026-09-21,"[03:00,04:00)",740,554
R014C016,2026-09-21,"[16:00,17:00)",21803,19035
R013C015,2026-09-21,"[07:00,08:00)",21554,18963
R001C019,2026-09-21,"[05:00,06:00)",3415,2851
R009C008,2026-09-21,"[06:00,07:00)",20189,17193
R009C001,2026-09-21,"[20:00,21:00)",1394,1337
R018C014,2026-09-21,"[07:00,08:00)",1849,1637
R008C017,2026-09-21,"[10:00,11:00)",1306,1057
R008C007,2026-09-21,"[10:00,11:00)",55973,43318
R017C018,2026-09-21,"[05:00,06:00)",472,424
R014C002,2026-09-21,"[07:00,08:00)",4412,3027
R009C004,2026-09-21,"[14:00,15:00)",57804,45723
R013C003,2026-09-21,"[03:00,04:00)",388,293
R015C003,2026-09-21,"[17:00,18:00)",2963,2807
R011C014,2026-09-21,"[07:00,08:00)",67137,54033
R015C004,2026-09-21,"[12:00,13:00)",6303,4084
R009C006,2026-09-21,"[18:00,19:00)",57480,48815
R016C020,2026-09-21,"[12:00,13:00)",25717,19512
R010C005,2026-09-21,"[02:00,03:00)",1317,807
R016C014,2026-09-21,"[05:00,06:00)",139,139
R023C008,2026-09-21,"[05:00,06:00)",432,361
R011C019,2026-09-21,"[09:00,10:00)",2175,2119
R014C015,2026-09-21,"[23:00,00:00)",4839,4108
R010C010,2026-09-21,"[14:00,15:00)",187989,128194
R004C007,2026-09-21,"[18:00,19:00)",24111,19862
R011C005,2026-09-21,"[21:00,22:00)",14642,11764
R003C013,2026-09-21,"[23:00,00:00)",2100,1797
R017C006,2026-09-21,"[20:00,21:00)",479,456
R009C002,2026-09-21,"[22:00,23:00)",4910,4252
R014C010,2026-09-21,"[07:00,08:00)",40286,33569
R009C016,2026-09-21,"[20:00,21:00)",16656,13911
R020C008,2026-09-21,"[10:00,11:00)",12936,7707
R010C002,2026-09-21,"[06:00,07:00)",14862,12976
R012C013,2026-09-21,"[17:00,18:00)",94391,68003
R005C009,2026-09-21,"[15:00,16:00)",5668,4287
R023C003,2026-09-21,"[17:00,18:00)",81,81
R014C017,2026-09-21,"[14:00,15:00)",21201,17107
R012C013,2026-09-21,"[09:00,10:00)",56401,41984
R013C005,2026-09-21,"[22:00,23:00)",1770,1321
R009C004,2026-09-21,"[09:00,10:00)",48344,41030
R013C004,2026-09-21,"[10:00,11:00)",10543,8327
R006C014,2026-09-21,"[20:00,21:00)",26336,19470
R017C010,2026-09-21,"[19:00,20:00)",19524,16666
R009C013,2026-09-21,"[09:00,10:00)",64998,52783
R019C012,2026-09-21,"[07:00,08:00)",3727,3059
R010C011,2026-09-21,"[16:00,17:00)",119437,85158
R013C007,2026-09-21,"[02:00,03:00)",864,499
R011C012,2026-09-21,"[04:00,05:00)",2437,1949
R008C006,2026-09-21,"[19:00,20:00)",35246,30181
R016C016,2026-09-21,"[11:00,12:00)",3483,2697
R014C004,2026-09-21,"[14:00,15:00)",6387,4914
R017C019,2026-09-21,"[20:00,21:00)",10434,9102
R007C012,2026-09-21,"[15:00,16:00)",40038,33160
R014C009,2026-09-21,"[16:00,17:00)",33118,25421
R013C017,2026-09-21,"[17:00,18:00)",32747,24719
R023C012,2026-09-21,"[07:00,08:00)",8637,7962
R006C006,2026-09-21,"[06:00,07:00)",3266,2813
R018C000,2026-09-21,"[13:00,14:00)",132,121
R012C012,2026-09-21,"[22:00,23:00)",18430,14902
R008C012,2026-09-21,"[19:00,20:00)",43996,37453
R009C006,2026-09-21,"[07:00,08:00)",66183,54750
R011C009,2026-09-21,"[17:00,18:00)",237507,161619
R005C014,2026-09-21,"[21:00,22:00)",8103,6133
R013C003,2026-09-21,"[18:00,19:00)",11556,9326
R013C003,2026-09-21,"[14:00,15:00)",9185,7465
R024C007,2026-09-21,"[22:00,23:00)",286,187
R006C011,2026-09-21,"[12:00,13:00)",31212,24720
R013C007,2026-09-21,"[04:00,05:00)",872,491
R020C010,2026-09-21,"[14:00,15:00)",22235,16225
R020C012,2026-09-21,"[15:00,16:00)",3314,2412
R004C007,2026-09-21,"[10:00,11:00)",19579,14091
R024C009,2026-09-21,"[22:00,23:00)",897,697
R011C006,2026-09-21,"[17:00,18:00)",73399,55547
R015C011,2026-09-21,"[11:00,12:00)",16809,12358
R012C015,2026-09-21,"[03:00,04:00)",619,528
R003C008,2026-09-21,"[06:00,07:00)",365,365
R009C005,2026-09-21,"[15:00,16:00)",73571,51172
R001C020,2026-09-21,"[08:00,09:00)",16872,15563
R014C021,2026-09-21,"[09:00,10:00)",2820,2232
R016C016,2026-09-21,"[21:00,22:00)",1570,1243
R012C015,2026-09-21,"[07:00,08:00)",31441,27144
R020C006,2026-09-21,"[22:00,23:00)",1557,962
R012C020,2026-09-21,"[05:00,06:00)",314,314
R007C007,2026-09-21,"[13:00,14:00)",55650,42338
R010C007,2026-09-21,"[03:00,04:00)",2769,2226
R014C003,2026-09-21,"[18:00,19:00)",1424,1413
R015C005,2026-09-21,"[12:00,13:00)",1235,1037
R011C003,2026-09-21,"[19:00,20:00)",26997,19108
R001C021,2026-09-21,"[22:00,23:00)",4223,3507
R017C005,2026-09-21,"[20:00,21:00)",742,566
R004C007,2026-09-21,"[07:00,08:00)",30913,25094
R007C012,2026-09-21,"[02:00,03:00)",1276,864
R017C010,2026-09-21,"[04:00,05:00)",1069,848
R009C007,2026-09-21,"[02:00,03:00)",2081,1107
R015C021,2026-09-21,"[03:00,04:00)",721,636
R013C016,2026-09-21,"[11:00,12:00)",8230,6672
R018C000,2026-09-21,"[17:00,18:00)",1585,1317
R012C019,2026-09-21,"[17:00,18:00)",6191,6010
R014C004,2026-09-21,"[23:00,00:00)",518,442
R023C005,2026-09-21,"[14:00,15:00)",88,68
R016C019,2026-09-21,"[19:00,20:00)",27868,23966
R008C014,2026-09-21,"[11:00,12:00)",60761,49275
R009C006,2026-09-21,"[14:00,15:00)",59444,47146
R017C000,2026-09-21,"[12:00,13:00)",235,214
R009C011,2026-09-21,"[18:00,19:00)",102550,82619
R012C020,2026-09-21,"[14:00,15:00)",3548,3389
R023C008,2026-09-21,"[03:00,04:00)",146,90
R015C018,2026-09-21,"[23:00,00:00)",2893,2671
R024C006,2026-09-21,"[14:00,15:00)",531,292
R011C013,2026-09-21,"[04:00,05:00)",2655,2107
R010C000,2026-09-21,"[22:00,23:00)",3109,2816
R012C004,2026-09-21,"[13:00,14:00)",32158,21151
R017C011,2026-09-21,"[06:00,07:00)",4102,3812
R012C010,2026-09-21,"[06:00,07:00)",32667,25705
R008C008,2026-09-21,"[15:00,16:00)",51953,42662
R024C006,2026-09-21,"[16:00,17:00)",1000,734
R006C012,2026-09-21,"[14:00,15:00)",22869,20829
R012C013,2026-09-21,"[05:00,06:00)",6162,4864
R023C011,2026-09-21,"[14:00,15:00)",3059,2461
R016C012,2026-09-21,"[06:00,07:00)",6798,5580
R016C008,2026-09-21,"[07:00,08:00)",7136,5599
R012C011,2026-09-21,"[08:00,09:00)",151761,119239
R011C000,2026-09-21,"[13:00,14:00)",26213,25279
R009C001,2026-09-21,"[18:00,19:00)",3010,2831
R015C007,2026-09-21,"[21:00,22:00)",1762,1633
R014C011,2026-09-21,"[03:00,04:00)",648,494
R020C009,2026-09-21,"[23:00,00:00)",1961,1348
R013C008,2026-09-21,"[22:00,23:00)",1913,1540
R007C005,2026-09-21,"[04:00,05:00)",1246,800
R008C011,2026-09-21,"[16:00,17:00)",19320,18332
R006C010,2026-09-21,"[17:00,18:00)",35737,28845
R016C019,2026-09-21,"[02:00,03:00)",1404,1220
R010C006,2026-09-21,"[08:00,09:00)",98847,76614
R024C005,2026-09-21,"[05:00,06:00)",32,32
R020C009,2026-09-21,"[12:00,13:00)",15052,9540
R005C015,2026-09-21,"[18:00,19:00)",34233,24620
R020C006,2026-09-21,"[03:00,04:00)",599,285
R022C007,2026-09-21,"[16:00,17:00)",4884,3786
R013C012,2026-09-21,"[13:00,14:00)",99570,71344
R023C008,2026-09-21,"[07:00,08:00)",3490,3098
R014C003,2026-09-21,"[09:00,10:00)",723,680
R011C009,2026-09-21,"[19:00,20:00)",136348,94516
R008C013,2026-09-21,"[06:00,07:00)",44330,35860
R021C006,2026-09-21,"[16:00,17:00)",898,805
R007C011,2026-09-21,"[15:00,16:00)",12481,10001
R007C007,2026-09-21,"[10:00,11:00)",50263,38813
R020C011,2026-09-21,"[10:00,11:00)",11038,8604
R009C010,2026-09-21,"[14:00,15:00)",109404,82197
R012C008,2026-09-21,"[18:00,19:00)",48909,39992
R009C004,2026-09-21,"[05:00,06:00)",7988,6809
R010C000,2026-09-21,"[17:00,18:00)",18784,17369
R003C019,2026-09-21,"[23:00,00:00)",506,506
R008C008,2026-09-21,"[04:00,05:00)",2115,1953
R009C013,2026-09-21,"[12:00,13:00)",67470,50830
R012C012,2026-09-21,"[13:00,14:00)",68667,52273
R003C014,2026-09-21,"[09:00,10:00)",1471,1004
R006C013,2026-09-21,"[15:00,16:00)",18964,16191
R007C016,2026-09-21,"[15:00,16:00)",4255,3625
R010C018,2026-09-21,"[11:00,12:00)",27327,20836
R011C013,2026-09-21,"[21:00,22:00)",31459,25288
R016C016,2026-09-21,"[07:00,08:00)",4298,3696
R022C006,2026-09-21,"[06:00,07:00)",816,653
R018C010,2026-09-21,"[11:00,12:00)",15877,12712
R006C017,2026-09-21,"[20:00,21:00)",3387,2548
R018C015,2026-09-21,"[21:00,22:00)",2139,1470
R025C008,2026-09-21,"[09:00,10:00)",270,235
R011C005,2026-09-21,"[18:00,19:00)",50729,35604
R003C008,2026-09-21,"[05:00,06:00)",201,201
R003C009,2026-09-21,"[11:00,12:00)",308,308
R006C009,2026-09-21,"[11:00,12:00)",14696,10951
R018C011,2026-09-21,"[04:00,05:00)",274,274
R014C003,2026-09-21,"[14:00,15:00)",770,758
R005C009,2026-09-21,"[17:00,18:00)",9233,7054
R002C018,2026-09-21,"[12:00,13:00)",16623,12517
R017C010,2026-09-21,"[17:00,18:00)",31734,27525
R007C009,2026-09-21,"[16:00,17:00)",85794,64656
R016C011,2026-09-21,"[10:00,11:00)",15425,12907
R006C012,2026-09-21,"[16:00,17:00)",31623,29811
R012C008,2026-09-21,"[04:00,05:00)",1384,895
R002C018,2026-09-21,"[08:00,09:00)",19362,16481
R013C004,2026-09-21,"[13:00,14:00)",12251,9272
R004C018,2026-09-21,"[02:00,03:00)",337,214
R020C003,2026-09-21,"[06:00,07:00)",174,162
R019C009,2026-09-21,"[22:00,23:00)",2169,1675
R003C017,2026-09-21,"[07:00,08:00)",23679,21945
R018C015,2026-09-21,"[02:00,03:00)",507,228
R014C012,2026-09-21,"[17:00,18:00)",92485,71922
R019C013,2026-09-21,"[13:00,14:00)",3514,2334
R004C007,2026-09-21,"[14:00,15:00)",22199,16802
R010C017,2026-09-21,"[18:00,19:00)",48477,36638
R020C007,2026-09-21,"[15:00,16:00)",5594,3066
R018C004,2026-09-21,"[02:00,03:00)",44,44
R007C015,2026-09-21,"[04:00,05:00)",1444,953
R017C010,2026-09-21,"[23:00,00:00)",2711,2212
R011C013,2026-09-21,"[22:00,23:00)",17565,13874
R009C018,2026-09-21,"[19:00,20:00)",5775,5028
R011C002,2026-09-21,"[11:00,12:00)",31454,24319
R019C002,2026-09-21,"[18:00,19:00)",1454,1014
R021C007,2026-09-21,"[09:00,10:00)",933,591
R014C007,2026-09-21,"[21:00,22:00)",3115,2308
R008C006,2026-09-21,"[12:00,13:00)",47410,39088
R016C015,2026-09-21,"[13:00,14:00)",581,534
R013C012,2026-09-21,"[04:00,05:00)",3896,2884
R015C016,2026-09-21,"[16:00,17:00)",46312,36615
R007C006,2026-09-21,"[06:00,07:00)",6098,5115
R010C010,2026-09-21,"[19:00,20:00)",144866,101828
R009C000,2026-09-21,"[18:00,19:00)",1412,1373
R022C012,2026-09-21,"[16:00,17:00)",5993,5175
R022C008,2026-09-21,"[20:00,21:00)",5235,3534
R024C007,2026-09-21,"[05:00,06:00)",64,64
R019C005,2026-09-21,"[09:00,10:00)",7362,5380
R011C009,2026-09-21,"[09:00,10:00)",182531,125567
R017C018,2026-09-21,"[19:00,20:00)",3350,3121
R021C011,2026-09-21,"[05:00,06:00)",248,248
R014C013,2026-09-21,"[04:00,05:00)",2751,2309
R014C013,2026-09-21,"[20:00,21:00)",36937,31323
R007C012,2026-09-21,"[22:00,23:00)",8631,6976
R025C009,2026-09-21,"[12:00,13:00)",1277,902
R013C016,2026-09-21,"[05:00,06:00)",1125,975
R006C010,2026-09-21,"[18:00,19:00)",27571,22347
R004C011,2026-09-21,"[18:00,19:00)",29069,22235
R006C017,2026-09-21,"[10:00,11:00)",8855,5680
R020C012,2026-09-21,"[20:00,21:00)",2165,1461
R010C009,2026-09-21,"[20:00,21:00)",96807,69962
R024C008,2026-09-21,"[10:00,11:00)",2261,1537
R020C014,2026-09-21,"[22:00,23:00)",614,489
R019C010,2026-09-21,"[17:00,18:00)",33031,25811
R008C004,2026-09-21,"[20:00,21:00)",42076,31246
R025C007,2026-09-21,"[05:00,06:00)",20,20
R008C010,2026-09-21,"[09:00,10:00)",18573,17190
R003C016,2026-09-21,"[14:00,15:00)",2511,1932
R008C005,2026-09-21,"[02:00,03:00)",2864,2215
R008C010,2026-09-21,"[13:00,14:00)",19684,17795
R013C020,2026-09-21,"[07:00,08:00)",2769,2014
R003C015,2026-09-21,"[15:00,16:00)",1315,934
R024C011,2026-09-21,"[14:00,15:00)",939,809
R018C002,2026-09-21,"[03:00,04:00)",24,12
R009C011,2026-09-21,"[21:00,22:00)",38890,31924
R011C017,2026-09-21,"[13:00,14:00)",37405,28535
R020C014,2026-09-21,"[15:00,16:00)",2566,1966
R005C009,2026-09-21,"[19:00,20:00)",5596,4223
R019C004,2026-09-21,"[07:00,08:00)",5476,3955
R003C012,2026-09-21,"[09:00,10:00)",19938,18062
R015C004,2026-09-21,"[15:00,16:00)",6372,4542
R013C013,2026-09-21,"[10:00,11:00)",59349,46369
R017C007,2026-09-21,"[22:00,23:00)",1041,818
R013C010,2026-09-21,"[23:00,00:00)",7796,5913
R015C013,2026-09-21,"[20:00,21:00)",12433,9535
R011C006,2026-09-21,"[22:00,23:00)",12495,9582
R013C020,2026-09-21,"[12:00,13:00)",2288,1381
R016C004,2026-09-21,"[05:00,06:00)",482,423
R012C013,2026-09-21,"[03:00,04:00)",2074,1342
R010C001,2026-09-21,"[19:00,20:00)",15351,14348
R015C019,2026-09-21,"[04:00,05:00)",980,891
R015C019,2026-09-21,"[15:00,16:00)",12994,12080
R019C005,2026-09-21,"[03:00,04:00)",393,258
R004C012,2026-09-21,"[22:00,23:00)",6523,5488
R020C010,2026-09-21,"[17:00,18:00)",34807,25793
R005C009,2026-09-21,"[21:00,22:00)",2694,2132
R012C001,2026-09-21,"[05:00,06:00)",936,832
R015C008,2026-09-21,"[19:00,20:00)",2685,2230
R017C008,2026-09-21,"[14:00,15:00)",2170,1861
R004C012,2026-09-21,"[15:00,16:00)",27802,23119
R004C007,2026-09-21,"[13:00,14:00)",22915,16484
R016C000,2026-09-21,"[07:00,08:00)",88,88
R012C009,2026-09-21,"[19:00,20:00)",86562,61789
R010C002,2026-09-21,"[17:00,18:00)",62551,51974
R018C002,2026-09-21,"[02:00,03:00)",83,47
R011C003,2026-09-21,"[21:00,22:00)",13057,9333
R006C011,2026-09-21,"[13:00,14:00)",30453,24270
R006C010,2026-09-21,"[05:00,06:00)",2526,2204
R007C008,2026-09-21,"[21:00,22:00)",27506,22534
R005C017,2026-09-21,"[21:00,22:00)",3609,3053
R005C009,2026-09-21,"[07:00,08:00)",7400,6228
R019C010,2026-09-21,"[06:00,07:00)",11955,9224
R003C014,2026-09-21,"[11:00,12:00)",1827,1040
R019C009,2026-09-21,"[17:00,18:00)",10206,7977
R010C000,2026-09-21,"[08:00,09:00)",24940,23569
R011C004,2026-09-21,"[09:00,10:00)",24657,19340
R006C013,2026-09-21,"[06:00,07:00)",8514,7903
R002C018,2026-09-21,"[20:00,21:00)",9699,7778
R003C017,2026-09-21,"[04:00,05:00)",805,640
R016C012,2026-09-21,"[16:00,17:00)",27943,21078
R018C012,2026-09-21,"[22:00,23:00)",1099,751
R010C013,2026-09-21,"[12:00,13:00)",44453,34206
R006C008,2026-09-21,"[11:00,12:00)",30129,21612
R004C013,2026-09-21,"[21:00,22:00)",3259,2364
R004C014,2026-09-21,"[13:00,14:00)",1225,907
R013C015,2026-09-21,"[11:00,12:00)",14198,12660
R009C000,2026-09-21,"[06:00,07:00)",641,617
R014C002,2026-09-21,"[02:00,03:00)",199,102
R011C000,2026-09-21,"[15:00,16:00)",35605,33925
R009C000,2026-09-21,"[14:00,15:00)",1252,1241
R019C007,2026-09-21,"[16:00,17:00)",9413,6958
R015C009,2026-09-21,"[02:00,03:00)",166,119
R008C015,2026-09-21,"[18:00,19:00)",13887,11533
R021C007,2026-09-21,"[22:00,23:00)",443,349
R012C005,2026-09-21,"[16:00,17:00)",31440,21404
R017C017,2026-09-21,"[22:00,23:00)",411,375
R012C014,2026-09-21,"[07:00,08:00)",64712,50351
R017C012,2026-09-21,"[13:00,14:00)",7589,4879
R009C005,2026-09-21,"[23:00,00:00)",8784,7015
R003C011,2026-09-21,"[10:00,11:00)",7286,5778
R016C003,2026-09-21,"[04:00,05:00)",35,35
R015C002,2026-09-21,"[10:00,11:00)",2136,1523
R008C016,2026-09-21,"[18:00,19:00)",5752,4831
R019C009,2026-09-21,"[21:00,22:00)",3327,2559
R015C008,2026-09-21,"[10:00,11:00)",4087,3020
R019C011,2026-09-21,"[12:00,13:00)",19596,13487
R008C018,2026-09-21,"[02:00,03:00)",408,194
R018C013,2026-09-21,"[23:00,00:00)",130,86
R006C014,2026-09-21,"[19:00,20:00)",37205,27441
R007C011,2026-09-21,"[20:00,21:00)",6095,4918
R021C009,2026-09-21,"[03:00,04:00)",648,415
R013C006,2026-09-21,"[07:00,08:00)",18419,14444
R015C019,2026-09-21,"[19:00,20:00)",9736,9137
R018C008,2026-09-21,"[02:00,03:00)",336,194
R019C005,2026-09-21,"[06:00,07:00)",6213,4953
R014C006,2026-09-21,"[18:00,19:00)",3360,2558
R008C017,2026-09-21,"[22:00,23:00)",385,353
R017C010,2026-09-21,"[13:00,14:00)",20588,16615
R017C017,2026-09-21,"[15:00,16:00)",2808,2598
R016C013,2026-09-21,"[08:00,09:00)",8017,6392
R015C004,2026-09-21,"[02:00,03:00)",285,107
R010C018,2026-09-21,"[06:00,07:00)",9940,8609
R003C014,2026-09-21,"[23:00,00:00)",338,245
R011C011,2026-09-21,"[02:00,03:00)",6049,3375
R022C009,2026-09-21,"[18:00,19:00)",12910,10220
R015C009,2026-09-21,"[05:00,06:00)",624,506
R012C001,2026-09-21,"[04:00,05:00)",318,271
R012C016,2026-09-21,"[05:00,06:00)",1752,1511
R013C006,2026-09-21,"[18:00,19:00)",16672,12550
R017C011,2026-09-21,"[21:00,22:00)",3736,3368
R022C011,2026-09-21,"[20:00,21:00)",3168,2785
R010C002,2026-09-21,"[02:00,03:00)",1823,1259
R021C004,2026-09-21,"[19:00,20:00)",1022,726
R014C015,2026-09-21,"[10:00,11:00)",39414,28919
R020C012,2026-09-21,"[14:00,15:00)",2667,1946
R014C021,2026-09-21,"[17:00,18:00)",3084,2591
R019C004,2026-09-21,"[03:00,04:00)",272,139
R003C011,2026-09-21,"[21:00,22:00)",4900,3779
R009C012,2026-09-21,"[17:00,18:00)",82313,71127
R011C015,2026-09-21,"[15:00,16:00)",36690,27587
R017C003,2026-09-21,"[08:00,09:00)",368,368
R010C002,2026-09-21,"[07:00,08:00)",48459,42958
R019C003,2026-09-21,"[21:00,22:00)",323,300
R010C003,2026-09-21,"[12:00,13:00)",39754,28273
R004C007,2026-09-21,"[04:00,05:00)",1134,871
R006C006,2026-09-21,"[09:00,10:00)",10946,8578
R012C008,2026-09-21,"[20:00,21:00)",22072,17827
R005C009,2026-09-21,"[13:00,14:00)",5381,3953
R011C005,2026-09-21,"[11:00,12:00)",37281,25143
R012C003,2026-09-21,"[06:00,07:00)",11583,8881
R003C019,2026-09-21,"[10:00,11:00)",3279,3268
R023C007,2026-09-21,"[12:00,13:00)",2106,1382
R021C009,2026-09-21,"[19:00,20:00)",13036,10406
R017C009,2026-09-21,"[08:00,09:00)",5918,4685
R020C008,2026-09-21,"[04:00,05:00)",1098,623
R013C005,2026-09-21,"[23:00,00:00)",940,774
R016C010,2026-09-21,"[23:00,00:00)",4557,3372
R014C019,2026-09-21,"[05:00,06:00)",427,324
R001C019,2026-09-21,"[17:00,18:00)",30714,24722
R013C022,2026-09-21,"[08:00,09:00)",7340,6343
R013C009,2026-09-21,"[11:00,12:00)",31969,22700
R006C010,2026-09-21,"[06:00,07:00)",9132,7969
R008C011,2026-09-21,"[22:00,23:00)",4675,4237
R018C016,2026-09-21,"[08:00,09:00)",2632,2249
R019C010,2026-09-21,"[23:00,00:00)",2756,2098
R018C000,2026-09-21,"[20:00,21:00)",86,62
R018C008,2026-09-21,"[05:00,06:00)",445,318
R008C006,2026-09-21,"[04:00,05:00)",3945,3146
R015C011,2026-09-21,"[19:00,20:00)",14081,11446
R022C009,2026-09-21,"[16:00,17:00)",11998,9195
R017C007,2026-09-21,"[23:00,00:00)",670,546
R005C006,2026-09-21,"[16:00,17:00)",17910,12823
R007C013,2026-09-21,"[07:00,08:00)",71728,61399
R003C011,2026-09-21,"[08:00,09:00)",14191,11448
R013C015,2026-09-21,"[20:00,21:00)",8585,7851
R007C010,2026-09-21,"[21:00,22:00)",9729,7856
R007C014,2026-09-21,"[09:00,10:00)",39533,31041
R012C012,2026-09-21,"[23:00,00:00)",9821,8145
R003C013,2026-09-21,"[17:00,18:00)",22774,20103
R022C010,2026-09-21,"[23:00,00:00)",359,347
R025C010,2026-09-21,"[11:00,12:00)",1880,1343
R010C004,2026-09-21,"[10:00,11:00)",21907,15271
R012C010,2026-09-21,"[04:00,05:00)",5559,3742
R016C019,2026-09-21,"[06:00,07:00)",13463,12023
R015C010,2026-09-21,"[07:00,08:00)",33100,26038
R018C011,2026-09-21,"[17:00,18:00)",10914,9838
R010C013,2026-09-21,"[15:00,16:00)",48689,38820
R009C014,2026-09-21,"[03:00,04:00)",4027,2959
R005C008,2026-09-21,"[21:00,22:00)",10516,8214
R008C011,2026-09-21,"[14:00,15:00)",17887,16716
R016C014,2026-09-21,"[09:00,10:00)",964,918
R017C013,2026-09-21,"[11:00,12:00)",5537,3863
R012C010,2026-09-21,"[12:00,13:00)",143149,95561
R013C004,2026-09-21,"[22:00,23:00)",2250,1704
R025C010,2026-09-21,"[23:00,00:00)",192,126
R006C007,2026-09-21,"[06:00,07:00)",10387,8513
R014C012,2026-09-21,"[22:00,23:00)",14600,12112
R020C007,2026-09-21,"[02:00,03:00)",731,325
R011C012,2026-09-21,"[09:00,10:00)",48941,39672
R010C011,2026-09-21,"[04:00,05:00)",4877,3519
R017C018,2026-09-21,"[03:00,04:00)",63,63
R013C015,2026-09-21,"[16:00,17:00)",20844,18758
R003C013,2026-09-21,"[18:00,19:00)",19132,16669
R014C009,2026-09-21,"[05:00,06:00)",1954,1702
R017C015,2026-09-21,"[07:00,08:00)",1784,1702
R021C005,2026-09-21,"[06:00,07:00)",920,623
R012C010,2026-09-21,"[02:00,03:00)",6642,3659
R012C005,2026-09-21,"[18:00,19:00)",29039,20060
R004C012,2026-09-21,"[16:00,17:00)",33232,27677
R017C004,2026-09-21,"[15:00,16:00)",2118,2059
R009C001,2026-09-21,"[14:00,15:00)",3168,3056
R014C019,2026-09-21,"[23:00,00:00)",1139,733
R011C019,2026-09-21,"[08:00,09:00)",4628,4454
R011C019,2026-09-21,"[06:00,07:00)",855,836
R016C015,2026-09-21,"[18:00,19:00)",646,610
R003C015,2026-09-21,"[13:00,14:00)",1251,824
R017C015,2026-09-21,"[14:00,15:00)",1481,1354
R017C017,2026-09-21,"[11:00,12:00)",2616,2298
R009C004,2026-09-21,"[22:00,23:00)",12268,10294
R010C006,2026-09-21,"[21:00,22:00)",29347,23938
R022C010,2026-09-21,"[02:00,03:00)",32,32
R017C005,2026-09-21,"[14:00,15:00)",1531,1134
R010C017,2026-09-21,"[02:00,03:00)",2388,1585
R020C005,2026-09-21,"[05:00,06:00)",2228,1646
R007C008,2026-09-21,"[12:00,13:00)",65702,52171
R011C019,2026-09-21,"[17:00,18:00)",4481,4253
R004C013,2026-09-21,"[08:00,09:00)",7092,5757
R003C009,2026-09-21,"[23:00,00:00)",107,107
R015C014,2026-09-21,"[04:00,05:00)",172,149
R008C015,2026-09-21,"[17:00,18:00)",19514,15882
R004C016,2026-09-21,"[21:00,22:00)",6389,5607
R010C013,2026-09-21,"[14:00,15:00)",45744,36214
R020C002,2026-09-21,"[05:00,06:00)",40,20
R017C018,2026-09-21,"[22:00,23:00)",924,854
R024C010,2026-09-21,"[12:00,13:00)",614,535
R003C012,2026-09-21,"[08:00,09:00)",28286,25445
R013C014,2026-09-21,"[21:00,22:00)",15727,12654
R008C015,2026-09-21,"[09:00,10:00)",19942,14306
R008C009,2026-09-21,"[16:00,17:00)",90804,72296
R015C002,2026-09-21,"[05:00,06:00)",247,202
R015C015,2026-09-21,"[22:00,23:00)",7871,6988
R016C018,2026-09-21,"[09:00,10:00)",22792,20622
R019C012,2026-09-21,"[14:00,15:00)",3920,2746
R008C003,2026-09-21,"[22:00,23:00)",13245,10638
R023C010,2026-09-21,"[11:00,12:00)",1033,830
R016C002,2026-09-21,"[12:00,13:00)",188,153
R010C004,2026-09-21,"[21:00,22:00)",11264,8702
R021C009,2026-09-21,"[13:00,14:00)",11029,8684
R017C005,2026-09-21,"[18:00,19:00)",1486,1253
R006C016,2026-09-21,"[19:00,20:00)",9475,8571
R009C016,2026-09-21,"[17:00,18:00)",32668,27807
R015C005,2026-09-21,"[20:00,21:00)",544,481
R005C017,2026-09-21,"[11:00,12:00)",7811,6096
R007C012,2026-09-21,"[23:00,00:00)",4502,3594
R015C009,2026-09-21,"[23:00,00:00)",634,426
R023C009,2026-09-21,"[03:00,04:00)",276,185
R015C020,2026-09-21,"[22:00,23:00)",781,643
R007C010,2026-09-21,"[04:00,05:00)",1224,978
R013C005,2026-09-21,"[10:00,11:00)",11862,8248
R016C011,2026-09-21,"[15:00,16:00)",20387,17272
R012C015,2026-09-21,"[02:00,03:00)",822,593
R003C012,2026-09-21,"[04:00,05:00)",1143,981
R022C011,2026-09-21,"[21:00,22:00)",2074,1852
R014C011,2026-09-21,"[07:00,08:00)",47292,39626
R010C017,2026-09-21,"[09:00,10:00)",40654,30284
R012C017,2026-09-21,"[15:00,16:00)",47115,33635
R020C008,2026-09-21,"[06:00,07:00)",7600,5679
R013C021,2026-09-21,"[14:00,15:00)",2118,1902
R016C002,2026-09-21,"[07:00,08:00)",108,108
R021C008,2026-09-21,"[09:00,10:00)",4186,3086
R015C014,2026-09-21,"[09:00,10:00)",7025,6826
R017C018,2026-09-21,"[12:00,13:00)",4083,3717
R004C009,2026-09-21,"[04:00,05:00)",52,52
R003C014,2026-09-21,"[06:00,07:00)",727,468
R008C005,2026-09-21,"[21:00,22:00)",25616,20832
R010C016,2026-09-21,"[21:00,22:00)",19066,14099
R004C016,2026-09-21,"[22:00,23:00)",3330,2934
R016C003,2026-09-21,"[03:00,04:00)",23,23
R003C014,2026-09-21,"[02:00,03:00)",54,45
R012C002,2026-09-21,"[05:00,06:00)",1468,1288
R016C007,2026-09-21,"[22:00,23:00)",860,756
R014C008,2026-09-21,"[06:00,07:00)",6164,4931
R007C016,2026-09-21,"[22:00,23:00)",487,452
R016C018,2026-09-21,"[05:00,06:00)",2763,2481
R011C009,2026-09-21,"[11:00,12:00)",175050,107768
R014C005,2026-09-21,"[03:00,04:00)",216,181
R007C009,2026-09-21,"[10:00,11:00)",57357,44113
R019C014,2026-09-21,"[02:00,03:00)",172,116
R024C006,2026-09-21,"[21:00,22:00)",274,175
R021C013,2026-09-21,"[22:00,23:00)",1370,900
R016C001,2026-09-21,"[14:00,15:00)",51,51
R017C019,2026-09-21,"[12:00,13:00)",14609,11802
R002C018,2026-09-21,"[19:00,20:00)",14001,11009
R016C004,2026-09-21,"[02:00,03:00)",198,103
R009C013,2026-09-21,"[22:00,23:00)",13223,11164
R013C005,2026-09-21,"[17:00,18:00)",14699,11344
R004C007,2026-09-21,"[16:00,17:00)",29399,23027
R018C016,2026-09-21,"[13:00,14:00)",1620,1452
R012C008,2026-09-21,"[14:00,15:00)",49785,38022
R004C009,2026-09-21,"[08:00,09:00)",1019,807
R009C017,2026-09-21,"[20:00,21:00)",12909,10501
R015C005,2026-09-21,"[04:00,05:00)",67,67
R022C005,2026-09-21,"[09:00,10:00)",52,52
R008C010,2026-09-21,"[02:00,03:00)",932,861
R011C001,2026-09-21,"[21:00,22:00)",13616,12284
R013C012,2026-09-21,"[17:00,18:00)",153225,113725
R016C012,2026-09-21,"[02:00,03:00)",492,337
R014C008,2026-09-21,"[05:00,06:00)",1179,893
R014C013,2026-09-21,"[05:00,06:00)",5764,4970
R005C014,2026-09-21,"[08:00,09:00)",20690,16935
R014C019,2026-09-21,"[16:00,17:00)",4883,3572
R012C013,2026-09-21,"[07:00,08:00)",69745,53195
R003C011,2026-09-21,"[04:00,05:00)",633,435
R012C010,2026-09-21,"[09:00,10:00)",148709,105543
R006C011,2026-09-21,"[19:00,20:00)",25079,20909
R024C010,2026-09-21,"[03:00,04:00)",40,20
R014C009,2026-09-21,"[11:00,12:00)",21644,15242
R022C004,2026-09-21,"[11:00,12:00)",20,20
R009C004,2026-09-21,"[08:00,09:00)",66523,55166
R008C008,2026-09-21,"[06:00,07:00)",16504,14954
R003C007,2026-09-21,"[20:00,21:00)",7702,7155
R014C010,2026-09-21,"[15:00,16:00)",46530,34506
R012C017,2026-09-21,"[14:00,15:00)",43263,29938
R013C006,2026-09-21,"[19:00,20:00)",12964,9268
R019C004,2026-09-21,"[05:00,06:00)",1203,766
R020C015,2026-09-21,"[13:00,14:00)",144,144
R001C020,2026-09-21,"[19:00,20:00)",10860,10088
R012C013,2026-09-21,"[11:00,12:00)",52984,38027
R019C003,2026-09-21,"[03:00,04:00)",94,47
R011C001,2026-09-21,"[12:00,13:00)",30138,25955
R012C019,2026-09-21,"[03:00,04:00)",269,269
R013C019,2026-09-21,"[05:00,06:00)",206,170
R007C017,2026-09-21,"[08:00,09:00)",8661,6899
R021C005,2026-09-21,"[13:00,14:00)",1019,763
R015C004,2026-09-21,"[04:00,05:00)",431,304
R009C018,2026-09-21,"[15:00,16:00)",6762,5840
R017C016,2026-09-21,"[06:00,07:00)",1781,1331
R008C009,2026-09-21,"[10:00,11:00)",66292,51969
R010C007,2026-09-21,"[14:00,15:00)",99192,78936
R009C005,2026-09-21,"[12:00,13:00)",67160,44456
R014C010,2026-09-21,"[18:00,19:00)",43343,34030
R006C007,2026-09-21,"[05:00,06:00)",2187,1847
R011C002,2026-09-21,"[12:00,13:00)",35320,26116
R013C003,2026-09-21,"[09:00,10:00)",8176,6687
R018C001,2026-09-21,"[18:00,19:00)",611,426
R007C014,2026-09-21,"[21:00,22:00)",16447,13838
R009C012,2026-09-21,"[02:00,03:00)",2533,1857
R020C002,2026-09-21,"[04:00,05:00)",20,20
R005C016,2026-09-21,"[16:00,17:00)",28654,24414
R005C015,2026-09-21,"[10:00,11:00)",24315,16933
R019C003,2026-09-21,"[08:00,09:00)",1773,1616
R016C018,2026-09-21,"[17:00,18:00)",32425,29144
R014C004,2026-09-21,"[09:00,10:00)",6089,4700
R016C004,2026-09-21,"[14:00,15:00)",3703,2776
R010C013,2026-09-21,"[21:00,22:00)",16018,13472
R019C004,2026-09-21,"[19:00,20:00)",4343,2928
R019C011,2026-09-21,"[11:00,12:00)",18541,12777
R009C003,2026-09-21,"[20:00,21:00)",26128,23161
R018C009,2026-09-21,"[09:00,10:00)",7701,5441
R020C006,2026-09-21,"[17:00,18:00)",8440,6235
R014C015,2026-09-21,"[15:00,16:00)",55656,40569
R008C004,2026-09-21,"[10:00,11:00)",72008,51927
R021C012,2026-09-21,"[13:00,14:00)",1606,1415
R015C000,2026-09-21,"[22:00,23:00)",24,24
R016C008,2026-09-21,"[03:00,04:00)",280,173
R017C011,2026-09-21,"[03:00,04:00)",214,182
R025C007,2026-09-21,"[19:00,20:00)",120,60
R018C000,2026-09-21,"[21:00,22:00)",44,32
R016C004,2026-09-21,"[15:00,16:00)",3769,3111
R011C007,2026-09-21,"[10:00,11:00)",71666,54420
R023C004,2026-09-21,"[13:00,14:00)",28,28
R017C012,2026-09-21,"[19:00,20:00)",8189,5514
R012C017,2026-09-21,"[12:00,13:00)",38178,26265
R009C003,2026-09-21,"[16:00,17:00)",58742,51704
R009C014,2026-09-21,"[08:00,09:00)",99626,79778
R011C015,2026-09-21,"[02:00,03:00)",1603,937
R016C020,2026-09-21,"[11:00,12:00)",25838,19633
R013C013,2026-09-21,"[14:00,15:00)",73709,56574
R016C015,2026-09-21,"[12:00,13:00)",503,419
R012C019,2026-09-21,"[06:00,07:00)",1624,1616
R017C017,2026-09-21,"[17:00,18:00)",3934,3706
R014C002,2026-09-21,"[23:00,00:00)",695,459
R003C012,2026-09-21,"[05:00,06:00)",2428,2156
R012C018,2026-09-21,"[08:00,09:00)",27136,22196
R015C002,2026-09-21,"[03:00,04:00)",125,94
R019C012,2026-09-21,"[13:00,14:00)",3593,2572
R014C018,2026-09-21,"[15:00,16:00)",27870,21842
R015C004,2026-09-21,"[06:00,07:00)",2972,2237
R019C003,2026-09-21,"[18:00,19:00)",1288,1058
R025C009,2026-09-21,"[18:00,19:00)",2307,1731
R021C007,2026-09-21,"[11:00,12:00)",1237,906
R015C008,2026-09-21,"[17:00,18:00)",3954,3391
R022C006,2026-09-21,"[17:00,18:00)",4261,2968
R018C013,2026-09-21,"[07:00,08:00)",1092,1003
R008C007,2026-09-21,"[04:00,05:00)",3973,3187
R003C015,2026-09-21,"[18:00,19:00)",1590,1181
R019C013,2026-09-21,"[20:00,21:00)",503,471
R015C001,2026-09-21,"[13:00,14:00)",567,451
R023C007,2026-09-21,"[23:00,00:00)",236,165
R014C021,2026-09-21,"[22:00,23:00)",457,417
R005C011,2026-09-21,"[06:00,07:00)",13203,11319
R007C013,2026-09-21,"[02:00,03:00)",2236,1726
R019C001,2026-09-21,"[04:00,05:00)",20,20
R016C012,2026-09-21,"[15:00,16:00)",24635,18885
R018C011,2026-09-21,"[05:00,06:00)",790,746
R025C007,2026-09-21,"[07:00,08:00)",100,100
R015C008,2026-09-21,"[22:00,23:00)",896,761
R009C010,2026-09-21,"[19:00,20:00)",82783,63278
R015C003,2026-09-21,"[05:00,06:00)",172,137
R023C009,2026-09-21,"[15:00,16:00)",6722,5210
R011C009,2026-09-21,"[06:00,07:00)",39319,31356
R018C009,2026-09-21,"[08:00,09:00)",9171,6000
R004C015,2026-09-21,"[05:00,06:00)",886,528
R023C008,2026-09-21,"[19:00,20:00)",3491,2786
R014C013,2026-09-21,"[13:00,14:00)",53302,43044
R015C017,2026-09-21,"[16:00,17:00)",59006,44907
R018C012,2026-09-21,"[02:00,03:00)",202,95
R016C016,2026-09-21,"[19:00,20:00)",3805,3002
R018C009,2026-09-21,"[13:00,14:00)",6511,3856
R009C013,2026-09-21,"[18:00,19:00)",70069,59021
R012C017,2026-09-21,"[08:00,09:00)",60062,43308
R003C019,2026-09-21,"[20:00,21:00)",2167,2147
R020C010,2026-09-21,"[09:00,10:00)",22518,16599
R006C012,2026-09-21,"[04:00,05:00)",1049,966
R013C009,2026-09-21,"[10:00,11:00)",31447,22027
R007C015,2026-09-21,"[21:00,22:00)",6762,5564
R017C004,2026-09-21,"[10:00,11:00)",1702,1656
R017C003,2026-09-21,"[20:00,21:00)",217,205
R014C002,2026-09-21,"[15:00,16:00)",3503,2513
R022C009,2026-09-21,"[22:00,23:00)",2653,1930
R014C008,2026-09-21,"[23:00,00:00)",1130,771
R013C014,2026-09-21,"[14:00,15:00)",37536,29742
R015C019,2026-09-21,"[21:00,22:00)",5076,4721
R019C008,2026-09-21,"[02:00,03:00)",174,103
R008C018,2026-09-21,"[22:00,23:00)",1576,1028
R004C007,2026-09-21,"[12:00,13:00)",21236,15361
R017C017,2026-09-21,"[04:00,05:00)",101,101
R008C015,2026-09-21,"[23:00,00:00)",1952,1668
R019C011,2026-09-21,"[21:00,22:00)",10813,7596
R005C006,2026-09-21,"[05:00,06:00)",699,563
R009C007,2026-09-21,"[20:00,21:00)",34703,26105
R012C007,2026-09-21,"[09:00,10:00)",36746,24801
R006C016,2026-09-21,"[13:00,14:00)",12554,10770
R007C014,2026-09-21,"[17:00,18:00)",56895,47603
R012C006,2026-09-21,"[14:00,15:00)",26244,18939
R016C007,2026-09-21,"[15:00,16:00)",3993,3511
R016C007,2026-09-21,"[08:00,09:00)",3597,3321
R007C012,2026-09-21,"[21:00,22:00)",13131,10861
R020C012,2026-09-21,"[09:00,10:00)",2852,2059
R011C000,2026-09-21,"[03:00,04:00)",1274,1159
R005C017,2026-09-21,"[13:00,14:00)",8965,6880
R013C022,2026-09-21,"[23:00,00:00)",591,493
R006C008,2026-09-21,"[22:00,23:00)",9409,6851
R010C001,2026-09-21,"[18:00,19:00)",21210,19550
R021C009,2026-09-21,"[05:00,06:00)",1813,1530
R013C006,2026-09-21,"[15:00,16:00)",18094,12743
R008C013,2026-09-21,"[20:00,21:00)",71281,52200
R020C013,2026-09-21,"[11:00,12:00)",2188,1824
R011C000,2026-09-21,"[18:00,19:00)",34373,33003
R020C015,2026-09-21,"[07:00,08:00)",130,130
R015C011,2026-09-21,"[04:00,05:00)",513,398
R019C014,2026-09-21,"[04:00,05:00)",147,127
R010C004,2026-09-21,"[02:00,03:00)",1041,647
R011C016,2026-09-21,"[23:00,00:00)",3413,2463
R015C006,2026-09-21,"[10:00,11:00)",886,838
R009C004,2026-09-21,"[18:00,19:00)",53669,43534
R012C018,2026-09-21,"[02:00,03:00)",859,756
R014C008,2026-09-21,"[22:00,23:00)",1628,1054
R006C011,2026-09-21,"[21:00,22:00)",11380,10072
R011C003,2026-09-21,"[13:00,14:00)",22033,16025
R013C006,2026-09-21,"[09:00,10:00)",15937,12128
R011C000,2026-09-21,"[17:00,18:00)",45316,43603
R020C011,2026-09-21,"[03:00,04:00)",587,449
R013C011,2026-09-21,"[11:00,12:00)",77322,57913
R016C010,2026-09-21,"[03:00,04:00)",994,725
R020C013,2026-09-21,"[03:00,04:00)",142,83
R011C005,2026-09-21,"[19:00,20:00)",36617,25969
R016C019,2026-09-21,"[11:00,12:00)",30837,24707
R010C009,2026-09-21,"[10:00,11:00)",163161,108334
R025C008,2026-09-21,"[19:00,20:00)",1061,669
R013C019,2026-09-21,"[03:00,04:00)",198,162
R011C019,2026-09-21,"[22:00,23:00)",343,326
R014C012,2026-09-21,"[07:00,08:00)",74730,60920
R014C014,2026-09-21,"[10:00,11:00)",43725,33557
R011C011,2026-09-21,"[11:00,12:00)",93408,67898
R013C022,2026-09-21,"[17:00,18:00)",8387,6791
R007C015,2026-09-21,"[07:00,08:00)",27730,23614
R020C008,2026-09-21,"[19:00,20:00)",13363,8246
R021C005,2026-09-21,"[11:00,12:00)",967,631
R016C001,2026-09-21,"[08:00,09:00)",42,42
R012C002,2026-09-21,"[12:00,13:00)",12468,9651
R017C016,2026-09-21,"[16:00,17:00)",3897,3159
R012C001,2026-09-21,"[23:00,00:00)",1176,1018
R019C006,2026-09-21,"[07:00,08:00)",9321,6997
R012C013,2026-09-21,"[23:00,00:00)",8430,6666
R015C002,2026-09-21,"[09:00,10:00)",2765,2133
R008C014,2026-09-21,"[03:00,04:00)",2437,2160
R017C008,2026-09-21,"[22:00,23:00)",471,397
R005C008,2026-09-21,"[18:00,19:00)",27079,20634
R012C007,2026-09-21,"[05:00,06:00)",3688,2776
R020C007,2026-09-21,"[06:00,07:00)",3586,2456
R016C014,2026-09-21,"[19:00,20:00)",930,898
R011C010,2026-09-21,"[14:00,15:00)",261876,157071
R009C010,2026-09-21,"[15:00,16:00)",114148,87536
R015C010,2026-09-21,"[09:00,10:00)",30631,22715
R003C013,2026-09-21,"[12:00,13:00)",13902,11556
R018C016,2026-09-21,"[22:00,23:00)",498,347
R020C013,2026-09-21,"[12:00,13:00)",2295,1837
R010C007,2026-09-21,"[23:00,00:00)",14432,12109
R005C015,2026-09-21,"[04:00,05:00)",1756,1187
R015C012,2026-09-21,"[05:00,06:00)",2254,1955
R014C015,2026-09-21,"[18:00,19:00)",59796,42968
R015C003,2026-09-21,"[10:00,11:00)",1504,1388
R005C017,2026-09-21,"[12:00,13:00)",8913,6702
R018C015,2026-09-21,"[16:00,17:00)",4728,3705
R006C015,2026-09-21,"[20:00,21:00)",16584,13322
R006C006,2026-09-21,"[14:00,15:00)",13244,9824
R023C010,2026-09-21,"[14:00,15:00)",916,845
R018C009,2026-09-21,"[21:00,22:00)",1651,1140
R017C009,2026-09-21,"[06:00,07:00)",3210,2483
R017C006,2026-09-21,"[19:00,20:00)",780,713
R018C006,2026-09-21,"[15:00,16:00)",5357,4115
R005C017,2026-09-21,"[05:00,06:00)",1125,829
R007C006,2026-09-21,"[03:00,04:00)",922,595
R007C012,2026-09-21,"[04:00,05:00)",1829,1420
R017C019,2026-09-21,"[05:00,06:00)",1680,1350
R007C011,2026-09-21,"[12:00,13:00)",14122,9956
R023C004,2026-09-21,"[05:00,06:00)",20,20
R018C008,2026-09-21,"[22:00,23:00)",658,501
R011C014,2026-09-21,"[10:00,11:00)",46026,34683
R015C016,2026-09-21,"[21:00,22:00)",17102,13519
R011C016,2026-09-21,"[15:00,16:00)",27655,20273
R022C010,2026-09-21,"[06:00,07:00)",2085,2073
R015C007,2026-09-21,"[14:00,15:00)",4226,3764
R019C007,2026-09-21,"[20:00,21:00)",2983,1956
R021C014,2026-09-21,"[12:00,13:00)",1183,913
R016C007,2026-09-21,"[21:00,22:00)",1843,1600
R006C008,2026-09-21,"[21:00,22:00)",16693,12655
R009C017,2026-09-21,"[02:00,03:00)",869,650
R010C012,2026-09-21,"[20:00,21:00)",21432,18550
R007C005,2026-09-21,"[07:00,08:00)",19120,14941
R017C010,2026-09-21,"[22:00,23:00)",5187,4092
R015C001,2026-09-21,"[22:00,23:00)",197,165
R014C009,2026-09-21,"[07:00,08:00)",22976,18677
R016C006,2026-09-21,"[19:00,20:00)",636,568
R006C006,2026-09-21,"[02:00,03:00)",634,359
R009C017,2026-09-21,"[05:00,06:00)",2341,1916
R020C009,2026-09-21,"[21:00,22:00)",7627,5249
R007C005,2026-09-21,"[17:00,18:00)",31734,22331
R016C003,2026-09-21,"[08:00,09:00)",569,557
R009C018,2026-09-21,"[22:00,23:00)",1348,1144
R009C015,2026-09-21,"[14:00,15:00)",47390,36048
R020C013,2026-09-21,"[15:00,16:00)",2480,1974
R013C011,2026-09-21,"[03:00,04:00)",2942,2150
R021C002,2026-09-21,"[09:00,10:00)",20,20
R020C003,2026-09-21,"[15:00,16:00)",302,274
R007C017,2026-09-21,"[02:00,03:00)",313,238
R015C015,2026-09-21,"[13:00,14:00)",35185,26368
R013C003,2026-09-21,"[20:00,21:00)",6360,5058
R014C005,2026-09-21,"[21:00,22:00)",1151,992
R005C014,2026-09-21,"[09:00,10:00)",16442,12356
R020C007,2026-09-21,"[18:00,19:00)",3389,2161
R024C006,2026-09-21,"[22:00,23:00)",278,163
R011C008,2026-09-21,"[06:00,07:00)",28244,23655
R017C010,2026-09-21,"[15:00,16:00)",23419,19561
R017C017,2026-09-21,"[05:00,06:00)",292,257
R014C009,2026-09-21,"[03:00,04:00)",375,281
R023C006,2026-09-21,"[12:00,13:00)",1719,1117
R015C017,2026-09-21,"[11:00,12:00)",38685,29480
R015C001,2026-09-21,"[03:00,04:00)",36,36
R014C020,2026-09-21,"[12:00,13:00)",985,732
R016C012,2026-09-21,"[22:00,23:00)",5621,4448
R006C008,2026-09-21,"[08:00,09:00)",44880,34251
R015C015,2026-09-21,"[05:00,06:00)",3484,2996
R013C004,2026-09-21,"[03:00,04:00)",453,358
R003C011,2026-09-21,"[14:00,15:00)",9441,7171
R001C020,2026-09-21,"[09:00,10:00)",13203,11944
R005C011,2026-09-21,"[19:00,20:00)",29731,23086
R016C014,2026-09-21,"[22:00,23:00)",133,121
R013C015,2026-09-21,"[04:00,05:00)",469,421
R011C012,2026-09-21,"[20:00,21:00)",34316,28130
R024C005,2026-09-21,"[14:00,15:00)",68,68
R014C018,2026-09-21,"[11:00,12:00)",19853,15283
R005C013,2026-09-21,"[15:00,16:00)",3447,2872
R003C012,2026-09-21,"[17:00,18:00)",30738,27811
R019C015,2026-09-21,"[21:00,22:00)",725,637
R009C007,2026-09-21,"[10:00,11:00)",52480,37984
R014C020,2026-09-21,"[18:00,19:00)",1404,1033
R001C021,2026-09-21,"[09:00,10:00)",19355,16970
R017C006,2026-09-21,"[10:00,11:00)",1041,1012
R009C002,2026-09-21,"[11:00,12:00)",23154,20299
R003C019,2026-09-21,"[13:00,14:00)",2943,2935
R006C015,2026-09-21,"[04:00,05:00)",1935,1378
R021C007,2026-09-21,"[17:00,18:00)",3071,2737
R008C015,2026-09-21,"[22:00,23:00)",2861,2288
R016C007,2026-09-21,"[03:00,04:00)",71,59
R009C006,2026-09-21,"[16:00,17:00)",68800,57409
R018C009,2026-09-21,"[18:00,19:00)",4214,3205
R011C019,2026-09-21,"[10:00,11:00)",1853,1755
R024C005,2026-09-21,"[18:00,19:00)",77,65
R015C019,2026-09-21,"[16:00,17:00)",15094,14180
R022C013,2026-09-21,"[14:00,15:00)",2359,2126
R018C009,2026-09-21,"[22:00,23:00)",1139,825
R013C010,2026-09-21,"[05:00,06:00)",3401,2659
R011C010,2026-09-21,"[20:00,21:00)",153738,99461
R016C018,2026-09-21,"[15:00,16:00)",25201,23015
R014C012,2026-09-21,"[20:00,21:00)",34429,28009
R017C003,2026-09-21,"[23:00,00:00)",12,12
R023C010,2026-09-21,"[17:00,18:00)",1579,1480
R007C016,2026-09-21,"[12:00,13:00)",5721,4345
R025C009,2026-09-21,"[02:00,03:00)",59,47
R013C006,2026-09-21,"[22:00,23:00)",4926,3328
R012C010,2026-09-21,"[21:00,22:00)",68289,48980
R009C008,2026-09-21,"[21:00,22:00)",21793,18042
R025C010,2026-09-21,"[22:00,23:00)",535,378
R007C013,2026-09-21,"[18:00,19:00)",66144,53495
R004C009,2026-09-21,"[22:00,23:00)",281,223
R010C006,2026-09-21,"[19:00,20:00)",55813,44500
R014C009,2026-09-21,"[09:00,10:00)",26666,20063
R016C003,2026-09-21,"[15:00,16:00)",325,314
R022C013,2026-09-21,"[22:00,23:00)",643,454
R008C011,2026-09-21,"[10:00,11:00)",14650,13813
R012C020,2026-09-21,"[17:00,18:00)",5660,5499
R015C018,2026-09-21,"[20:00,21:00)",14652,13059
R008C009,2026-09-21,"[22:00,23:00)",15282,12704
R025C007,2026-09-21,"[21:00,22:00)",152,72
R011C012,2026-09-21,"[06:00,07:00)",18581,15158
R011C004,2026-09-21,"[03:00,04:00)",774,521
R007C012,2026-09-21,"[08:00,09:00)",50699,42895
R022C011,2026-09-21,"[11:00,12:00)",3983,3653
R014C018,2026-09-21,"[14:00,15:00)",25937,19181
R015C021,2026-09-21,"[20:00,21:00)",7240,5675
R010C014,2026-09-21,"[18:00,19:00)",65814,48803
R019C003,2026-09-21,"[05:00,06:00)",199,167
R018C003,2026-09-21,"[12:00,13:00)",403,364
R018C005,2026-09-21,"[03:00,04:00)",105,81
R010C014,2026-09-21,"[19:00,20:00)",47390,35061
R017C005,2026-09-21,"[05:00,06:00)",493,381
R017C007,2026-09-21,"[11:00,12:00)",4824,4007
R023C004,2026-09-21,"[16:00,17:00)",361,361
R005C011,2026-09-21,"[09:00,10:00)",33168,26589
R017C004,2026-09-21,"[11:00,12:00)",1584,1533
R023C005,2026-09-21,"[07:00,08:00)",72,72
R008C005,2026-09-21,"[19:00,20:00)",54294,40725
R012C002,2026-09-21,"[10:00,11:00)",11280,8895
R010C016,2026-09-21,"[10:00,11:00)",31516,23978
R014C007,2026-09-21,"[08:00,09:00)",8093,6088
R016C000,2026-09-21,"[20:00,21:00)",86,62
R014C011,2026-09-21,"[16:00,17:00)",54764,43626
R009C017,2026-09-21,"[04:00,05:00)",1236,972
R009C011,2026-09-21,"[16:00,17:00)",115587,91688
R019C010,2026-09-21,"[14:00,15:00)",22468,16431
R014C016,2026-09-21,"[04:00,05:00)",790,723
R020C003,2026-09-21,"[07:00,08:00)",414,414
R003C016,2026-09-21,"[17:00,18:00)",3136,2628
R019C002,2026-09-21,"[12:00,13:00)",966,630
R007C006,2026-09-21,"[18:00,19:00)",27316,20622
R013C009,2026-09-21,"[22:00,23:00)",7622,5825
R011C017,2026-09-21,"[22:00,23:00)",7664,6144
R016C011,2026-09-21,"[21:00,22:00)",8495,7196
R012C008,2026-09-21,"[17:00,18:00)",63893,50242
R020C008,2026-09-21,"[22:00,23:00)",3776,2580
R014C017,2026-09-21,"[06:00,07:00)",8234,6965
R004C009,2026-09-21,"[23:00,00:00)",164,140
R001C021,2026-09-21,"[20:00,21:00)",12156,10482
R019C008,2026-09-21,"[23:00,00:00)",336,265
R009C011,2026-09-21,"[14:00,15:00)",97602,75964
R020C002,2026-09-21,"[03:00,04:00)",20,20
R012C007,2026-09-21,"[12:00,13:00)",30780,21827
R008C008,2026-09-21,"[23:00,00:00)",5953,5101
R008C017,2026-09-21,"[21:00,22:00)",470,453
R009C017,2026-09-21,"[23:00,00:00)",2365,1980
R020C008,2026-09-21,"[09:00,10:00)",11863,7871
R015C006,2026-09-21,"[07:00,08:00)",984,984
R021C010,2026-09-21,"[16:00,17:00)",13007,11303
R016C010,2026-09-21,"[02:00,03:00)",1327,689
R006C016,2026-09-21,"[16:00,17:00)",15902,14584
R022C009,2026-09-21,"[14:00,15:00)",8978,6439
R003C017,2026-09-21,"[16:00,17:00)",18646,16379
R018C005,2026-09-21,"[09:00,10:00)",1791,1435
R010C014,2026-09-21,"[02:00,03:00)",2719,1522
R021C014,2026-09-21,"[14:00,15:00)",1080,852
R023C005,2026-09-21,"[08:00,09:00)",737,705
R018C012,2026-09-21,"[10:00,11:00)",2368,1511
R012C005,2026-09-21,"[02:00,03:00)",1079,612
R018C009,2026-09-21,"[19:00,20:00)",3384,2268
R021C013,2026-09-21,"[16:00,17:00)",5692,3932
R007C007,2026-09-21,"[12:00,13:00)",55708,42426
R021C013,2026-09-21,"[15:00,16:00)",4902,3333
R020C006,2026-09-21,"[12:00,13:00)",3657,2403
R009C002,2026-09-21,"[20:00,21:00)",10898,10054
R003C008,2026-09-21,"[13:00,14:00)",541,530
R014C004,2026-09-21,"[06:00,07:00)",2626,2036
R008C018,2026-09-21,"[09:00,10:00)",4488,2695
R013C019,2026-09-21,"[04:00,05:00)",119,107
R003C009,2026-09-21,"[20:00,21:00)",407,367
R017C005,2026-09-21,"[09:00,10:00)",1416,1134
R011C018,2026-09-21,"[18:00,19:00)",48559,33817
R005C006,2026-09-21,"[15:00,16:00)",13943,9772
R009C011,2026-09-21,"[19:00,20:00)",73862,58924
R004C016,2026-09-21,"[04:00,05:00)",817,698
R009C005,2026-09-21,"[18:00,19:00)",71540,50728
R013C009,2026-09-21,"[07:00,08:00)",34752,27558
R017C016,2026-09-21,"[17:00,18:00)",5018,4121
R022C006,2026-09-21,"[20:00,21:00)",1109,577
R002C018,2026-09-21,"[09:00,10:00)",15743,12610
R024C005,2026-09-21,"[17:00,18:00)",2050,1975
R019C003,2026-09-21,"[23:00,00:00)",186,162
R012C011,2026-09-21,"[23:00,00:00)",17704,14043
R004C012,2026-09-21,"[12:00,13:00)",23964,18721
R006C013,2026-09-21,"[14:00,15:00)",17920,15187
R012C008,2026-09-21,"[15:00,16:00)",56867,42585
R007C017,2026-09-21,"[07:00,08:00)",8131,7130
R021C009,2026-09-21,"[12:00,13:00)",10633,8198
R015C009,2026-09-21,"[22:00,23:00)",885,714
R008C008,2026-09-21,"[10:00,11:00)",39394,32254
R019C002,2026-09-21,"[14:00,15:00)",1032,773
R013C008,2026-09-21,"[02:00,03:00)",300,256
R016C020,2026-09-21,"[20:00,21:00)",17059,13949
R014C011,2026-09-21,"[17:00,18:00)",59529,46866
R010C013,2026-09-21,"[18:00,19:00)",45989,38813
R006C015,2026-09-21,"[09:00,10:00)",31290,23630
R024C006,2026-09-21,"[05:00,06:00)",91,56
R014C012,2026-09-21,"[08:00,09:00)",93944,75299
R016C018,2026-09-21,"[08:00,09:00)",30181,27726
R018C008,2026-09-21,"[20:00,21:00)",1233,956
R002C018,2026-09-21,"[16:00,17:00)",22049,17255
R014C006,2026-09-21,"[07:00,08:00)",3484,3005
R018C008,2026-09-21,"[15:00,16:00)",2945,2310
R003C009,2026-09-21,"[14:00,15:00)",480,480
R010C002,2026-09-21,"[16:00,17:00)",57741,47745
R007C017,2026-09-21,"[18:00,19:00)",3885,3501
R020C002,2026-09-21,"[19:00,20:00)",140,100
R015C008,2026-09-21,"[21:00,22:00)",1470,1259
R013C011,2026-09-21,"[21:00,22:00)",44785,34701
R023C009,2026-09-21,"[18:00,19:00)",9240,6757
R019C004,2026-09-21,"[23:00,00:00)",673,428
R004C008,2026-09-21,"[23:00,00:00)",760,658
R015C008,2026-09-21,"[13:00,14:00)",3934,3188
R019C011,2026-09-21,"[05:00,06:00)",2841,2101
R019C015,2026-09-21,"[06:00,07:00)",929,869
R011C011,2026-09-21,"[14:00,15:00)",111222,80701
R011C008,2026-09-21,"[16:00,17:00)",120436,87849
R005C008,2026-09-21,"[05:00,06:00)",3454,2650
R018C003,2026-09-21,"[17:00,18:00)",765,765
R012C010,2026-09-21,"[18:00,19:00)",175513,121804
R013C020,2026-09-21,"[09:00,10:00)",2537,1685
R010C001,2026-09-21,"[12:00,13:00)",20921,19660
R009C013,2026-09-21,"[10:00,11:00)",54697,42617
R014C021,2026-09-21,"[21:00,22:00)",875,715
R025C008,2026-09-21,"[07:00,08:00)",190,115
R011C019,2026-09-21,"[02:00,03:00)",55,44
R007C012,2026-09-21,"[09:00,10:00)",36254,30286
R014C016,2026-09-21,"[22:00,23:00)",4611,4068
R019C014,2026-09-21,"[08:00,09:00)",3149,2857
R016C001,2026-09-21,"[11:00,12:00)",31,31
R009C014,2026-09-21,"[16:00,17:00)",95386,73917
R005C016,2026-09-21,"[21:00,22:00)",7928,7029
R021C008,2026-09-21,"[20:00,21:00)",3408,2594
R017C003,2026-09-21,"[18:00,19:00)",209,197
R015C020,2026-09-21,"[02:00,03:00)",271,102
R016C008,2026-09-21,"[14:00,15:00)",6733,4332
R008C012,2026-09-21,"[03:00,04:00)",2210,2029
R004C018,2026-09-21,"[10:00,11:00)",12445,8248
R003C008,2026-09-21,"[12:00,13:00)",657,629
R014C004,2026-09-21,"[15:00,16:00)",6834,5290
R015C015,2026-09-21,"[02:00,03:00)",1012,898
R010C014,2026-09-21,"[07:00,08:00)",61265,48840
R010C009,2026-09-21,"[12:00,13:00)",189405,123352
R020C012,2026-09-21,"[19:00,20:00)",2331,1829
R017C011,2026-09-21,"[09:00,10:00)",8137,7585
R009C007,2026-09-21,"[15:00,16:00)",70447,51075
R012C001,2026-09-21,"[11:00,12:00)",7503,6368
R006C007,2026-09-21,"[09:00,10:00)",27173,20667
R015C017,2026-09-21,"[12:00,13:00)",39962,29469
R021C015,2026-09-21,"[17:00,18:00)",135,123
R009C000,2026-09-21,"[07:00,08:00)",1664,1664
R014C019,2026-09-21,"[15:00,16:00)",3873,2946
R018C016,2026-09-21,"[18:00,19:00)",2340,2072
R004C018,2026-09-21,"[13:00,14:00)",12330,8905
R017C010,2026-09-21,"[16:00,17:00)",27495,23185
R013C021,2026-09-21,"[10:00,11:00)",1681,1480
R015C011,2026-09-21,"[10:00,11:00)",15146,11527
R012C002,2026-09-21,"[17:00,18:00)",20313,15659
R005C010,2026-09-21,"[06:00,07:00)",3945,3687
R004C018,2026-09-21,"[12:00,13:00)",13120,9201
R016C001,2026-09-21,"[03:00,04:00)",36,36
R012C016,2026-09-21,"[02:00,03:00)",620,411
R012C014,2026-09-21,"[04:00,05:00)",1858,1409
R004C013,2026-09-21,"[02:00,03:00)",423,261
R005C016,2026-09-21,"[19:00,20:00)",16883,14396
R014C011,2026-09-21,"[10:00,11:00)",35525,27344
R008C016,2026-09-21,"[11:00,12:00)",5952,4708
R019C002,2026-09-21,"[10:00,11:00)",785,510
R013C009,2026-09-21,"[18:00,19:00)",36312,27914
R015C021,2026-09-21,"[17:00,18:00)",15734,13300
R018C004,2026-09-21,"[07:00,08:00)",2643,2574
R020C008,2026-09-21,"[12:00,13:00)",13502,8005
R003C009,2026-09-21,"[05:00,06:00)",107,107
R015C010,2026-09-21,"[11:00,12:00)",25938,18112
R008C018,2026-09-21,"[23:00,00:00)",816,582
R009C017,2026-09-21,"[12:00,13:00)",19640,15536
R022C004,2026-09-21,"[17:00,18:00)",567,567
R016C010,2026-09-21,"[09:00,10:00)",31321,24361
R009C011,2026-09-21,"[08:00,09:00)",108616,88978
R016C009,2026-09-21,"[11:00,12:00)",8301,5743
R015C014,2026-09-21,"[11:00,12:00)",4401,4252
R005C016,2026-09-21,"[22:00,23:00)",4200,3700
R016C014,2026-09-21,"[13:00,14:00)",851,839
R016C009,2026-09-21,"[16:00,17:00)",14252,10997
R014C013,2026-09-21,"[06:00,07:00)",22156,18826
R014C009,2026-09-21,"[06:00,07:00)",10113,8277
R019C003,2026-09-21,"[13:00,14:00)",767,672
R015C010,2026-09-21,"[23:00,00:00)",2897,2258
R016C019,2026-09-21,"[10:00,11:00)",29162,23748
R024C007,2026-09-21,"[12:00,13:00)",1059,871
R024C007,2026-09-21,"[10:00,11:00)",919,605
R013C003,2026-09-21,"[07:00,08:00)",8995,7834
R011C015,2026-09-21,"[04:00,05:00)",1802,1269
R005C015,2026-09-21,"[03:00,04:00)",1393,831
R003C018,2026-09-21,"[21:00,22:00)",5277,4902
R004C009,2026-09-21,"[17:00,18:00)",607,539
R017C006,2026-09-21,"[02:00,03:00)",72,72
R008C005,2026-09-21,"[07:00,08:00)",61767,51652
R022C012,2026-09-21,"[05:00,06:00)",655,475
R014C019,2026-09-21,"[17:00,18:00)",5397,4033
R003C009,2026-09-21,"[12:00,13:00)",438,438
R013C014,2026-09-21,"[20:00,21:00)",23482,18944
R014C020,2026-09-21,"[17:00,18:00)",1516,1162
R007C015,2026-09-21,"[18:00,19:00)",19006,16447
R008C015,2026-09-21,"[10:00,11:00)",16893,12347
R025C007,2026-09-21,"[08:00,09:00)",543,543
R007C012,2026-09-21,"[13:00,14:00)",35857,28888
R013C019,2026-09-21,"[06:00,07:00)",907,688
R015C013,2026-09-21,"[23:00,00:00)",1908,1595
R009C012,2026-09-21,"[04:00,05:00)",3195,2760
R007C011,2026-09-21,"[10:00,11:00)",11719,8956
R015C021,2026-09-21,"[18:00,19:00)",13550,11013
R012C017,2026-09-21,"[17:00,18:00)",62019,43627
R019C013,2026-09-21,"[18:00,19:00)",1521,1359
R004C015,2026-09-21,"[02:00,03:00)",407,262
R015C003,2026-09-21,"[20:00,21:00)",1003,925
R017C002,2026-09-21,"[06:00,07:00)",96,96
R023C009,2026-09-21,"[05:00,06:00)",860,628
R018C010,2026-09-21,"[16:00,17:00)",24297,20221
R024C006,2026-09-21,"[18:00,19:00)",397,265
R009C017,2026-09-21,"[10:00,11:00)",16339,12974
R008C005,2026-09-21,"[23:00,00:00)",8992,7574
R016C017,2026-09-21,"[16:00,17:00)",17513,16488
R013C015,2026-09-21,"[19:00,20:00)",12879,11801
R018C009,2026-09-21,"[17:00,18:00)",6488,4676
R005C014,2026-09-21,"[12:00,13:00)",16323,12322
R006C007,2026-09-21,"[14:00,15:00)",31092,22005
R024C010,2026-09-21,"[21:00,22:00)",449,383
R006C011,2026-09-21,"[02:00,03:00)",1161,904
R018C011,2026-09-21,"[13:00,14:00)",5900,5197
R012C008,2026-09-21,"[09:00,10:00)",56021,42285
R003C014,2026-09-21,"[22:00,23:00)",614,359
R022C008,2026-09-21,"[07:00,08:00)",7101,5058
R016C006,2026-09-21,"[17:00,18:00)",873,865
R012C001,2026-09-21,"[14:00,15:00)",9458,7959
R010C002,2026-09-21,"[12:00,13:00)",47713,36391
R012C010,2026-09-21,"[14:00,15:00)",152835,102207
R017C003,2026-09-21,"[05:00,06:00)",99,99
R006C010,2026-09-21,"[10:00,11:00)",20246,16413
R003C008,2026-09-21,"[20:00,21:00)",451,401
R013C007,2026-09-21,"[19:00,20:00)",8343,6547
R017C002,2026-09-21,"[10:00,11:00)",229,206
R019C012,2026-09-21,"[06:00,07:00)",1508,1226
R013C016,2026-09-21,"[09:00,10:00)",8843,7339
R008C015,2026-09-21,"[02:00,03:00)",803,534
R023C011,2026-09-21,"[10:00,11:00)",2819,2201
R025C007,2026-09-21,"[13:00,14:00)",80,40
R022C006,2026-09-21,"[13:00,14:00)",1861,1182
R007C014,2026-09-21,"[15:00,16:00)",44074,35412
R010C013,2026-09-21,"[07:00,08:00)",50757,42165
R015C010,2026-09-21,"[06:00,07:00)",11374,8961
R015C015,2026-09-21,"[03:00,04:00)",958,840
R007C014,2026-09-21,"[16:00,17:00)",52954,43750
R016C010,2026-09-21,"[19:00,20:00)",28798,22207
R011C011,2026-09-21,"[03:00,04:00)",4329,2741
R009C013,2026-09-21,"[23:00,00:00)",6582,5812
R008C003,2026-09-21,"[13:00,14:00)",44676,36784
R013C021,2026-09-21,"[12:00,13:00)",1732,1514
R009C007,2026-09-21,"[05:00,06:00)",4629,3853
R015C021,2026-09-21,"[02:00,03:00)",555,326
R007C011,2026-09-21,"[16:00,17:00)",14769,11941
R021C008,2026-09-21,"[14:00,15:00)",4746,3558
R013C018,2026-09-21,"[16:00,17:00)",25370,20644
R016C015,2026-09-21,"[22:00,23:00)",126,102
R004C018,2026-09-21,"[03:00,04:00)",300,190
R018C004,2026-09-21,"[15:00,16:00)",2198,2103
R007C012,2026-09-21,"[19:00,20:00)",28246,23260
R010C001,2026-09-21,"[22:00,23:00)",4306,4031
R018C016,2026-09-21,"[17:00,18:00)",2454,2245
R019C014,2026-09-21,"[15:00,16:00)",2452,2038
R022C007,2026-09-21,"[03:00,04:00)",119,87
R016C010,2026-09-21,"[04:00,05:00)",1625,1206
R014C012,2026-09-21,"[16:00,17:00)",82391,62872
R019C010,2026-09-21,"[09:00,10:00)",23237,16868
R011C007,2026-09-21,"[12:00,13:00)",78136,57222
R021C012,2026-09-21,"[04:00,05:00)",47,47
R010C008,2026-09-21,"[16:00,17:00)",183620,134443
R019C012,2026-09-21,"[15:00,16:00)",4536,3215
R011C012,2026-09-21,"[10:00,11:00)",42788,33376
R013C022,2026-09-21,"[07:00,08:00)",8370,7208
R004C008,2026-09-21,"[17:00,18:00)",8675,7453
R010C001,2026-09-21,"[05:00,06:00)",2817,2665
R015C002,2026-09-21,"[14:00,15:00)",2082,1532
R012C006,2026-09-21,"[13:00,14:00)",25838,18538
R006C009,2026-09-21,"[19:00,20:00)",16059,11937
R014C010,2026-09-21,"[12:00,13:00)",41922,30111
R023C011,2026-09-21,"[12:00,13:00)",3249,2489
R016C000,2026-09-21,"[15:00,16:00)",24,24
R013C016,2026-09-21,"[08:00,09:00)",13459,11807
R007C014,2026-09-21,"[12:00,13:00)",37795,29614
R013C022,2026-09-21,"[06:00,07:00)",2782,2364
R018C006,2026-09-21,"[23:00,00:00)",731,628
R009C005,2026-09-21,"[13:00,14:00)",68934,47146
R005C012,2026-09-21,"[09:00,10:00)",20192,16595
R004C011,2026-09-21,"[02:00,03:00)",863,601
R018C015,2026-09-21,"[14:00,15:00)",4468,3165
R003C007,2026-09-21,"[10:00,11:00)",11774,10098
R019C001,2026-09-21,"[17:00,18:00)",1483,1216
R020C004,2026-09-21,"[11:00,12:00)",3228,2199
R021C003,2026-09-21,"[12:00,13:00)",1,1
R012C015,2026-09-21,"[09:00,10:00)",24401,19895
R016C013,2026-09-21,"[02:00,03:00)",36,12
R005C012,2026-09-21,"[16:00,17:00)",26775,22316
R019C003,2026-09-21,"[19:00,20:00)",1193,980
R004C013,2026-09-21,"[07:00,08:00)",9002,7511
R014C021,2026-09-21,"[15:00,16:00)",3253,2524
R006C017,2026-09-21,"[16:00,17:00)",10786,8055
R005C007,2026-09-21,"[02:00,03:00)",1046,723
R007C005,2026-09-21,"[14:00,15:00)",27176,17554
R012C001,2026-09-21,"[17:00,18:00)",15080,13478
R020C011,2026-09-21,"[05:00,06:00)",1517,1342
R021C014,2026-09-21,"[10:00,11:00)",1237,874
R007C006,2026-09-21,"[17:00,18:00)",28592,21829
R025C010,2026-09-21,"[21:00,22:00)",903,655
R007C015,2026-09-21,"[16:00,17:00)",24986,20376
R009C006,2026-09-21,"[03:00,04:00)",2071,1750
R023C012,2026-09-21,"[22:00,23:00)",632,597
R015C009,2026-09-21,"[12:00,13:00)",7359,4407
R002C019,2026-09-21,"[15:00,16:00)",16205,13566
R016C005,2026-09-21,"[11:00,12:00)",1576,1262
R009C005,2026-09-21,"[05:00,06:00)",9807,7643
R020C011,2026-09-21,"[15:00,16:00)",14913,12178
R007C011,2026-09-21,"[04:00,05:00)",802,537
R025C010,2026-09-21,"[04:00,05:00)",109,57
R009C003,2026-09-21,"[10:00,11:00)",44645,37772
R013C014,2026-09-21,"[19:00,20:00)",32399,25988
R012C004,2026-09-21,"[20:00,21:00)",22596,15226
R013C021,2026-09-21,"[05:00,06:00)",318,294
R012C015,2026-09-21,"[11:00,12:00)",23829,19031
R012C019,2026-09-21,"[10:00,11:00)",3108,2992
R022C014,2026-09-21,"[14:00,15:00)",201,156
R010C002,2026-09-21,"[11:00,12:00)",44879,34334
R011C018,2026-09-21,"[08:00,09:00)",39984,30646
R006C016,2026-09-21,"[06:00,07:00)",7520,7006
R020C002,2026-09-21,"[10:00,11:00)",127,76
R014C007,2026-09-21,"[03:00,04:00)",438,223
R016C017,2026-09-21,"[10:00,11:00)",11447,10691
R017C000,2026-09-21,"[02:00,03:00)",12,12
R016C000,2026-09-21,"[13:00,14:00)",113,74
R015C014,2026-09-21,"[07:00,08:00)",8417,8270
R011C015,2026-09-21,"[12:00,13:00)",32074,22712
R018C003,2026-09-21,"[22:00,23:00)",59,59
R015C002,2026-09-21,"[08:00,09:00)",3989,3067
R017C002,2026-09-21,"[11:00,12:00)",251,208
R020C009,2026-09-21,"[07:00,08:00)",20065,15285
R015C016,2026-09-21,"[04:00,05:00)",1895,1489
R002C019,2026-09-21,"[22:00,23:00)",3376,2717
R014C020,2026-09-21,"[19:00,20:00)",1216,907
R007C009,2026-09-21,"[08:00,09:00)",84118,66276
R022C010,2026-09-21,"[22:00,23:00)",573,549
R012C007,2026-09-21,"[16:00,17:00)",43551,30560
R016C009,2026-09-21,"[10:00,11:00)",7957,5527
R018C013,2026-09-21,"[09:00,10:00)",1737,1234
R014C016,2026-09-21,"[19:00,20:00)",16719,14644
R007C005,2026-09-21,"[09:00,10:00)",23472,15679
R004C017,2026-09-21,"[22:00,23:00)",4239,3382
R019C012,2026-09-21,"[23:00,00:00)",787,506
R011C003,2026-09-21,"[20:00,21:00)",19837,14416
R019C007,2026-09-21,"[06:00,07:00)",4563,3540
R005C007,2026-09-21,"[09:00,10:00)",19715,16639
R020C003,2026-09-21,"[20:00,21:00)",280,268
R023C010,2026-09-21,"[15:00,16:00)",1269,1202
R002C018,2026-09-21,"[23:00,00:00)",2369,1913
R016C008,2026-09-21,"[16:00,17:00)",17042,11350
R010C005,2026-09-21,"[05:00,06:00)",3950,3350
R013C007,2026-09-21,"[13:00,14:00)",12343,8868
R008C014,2026-09-21,"[21:00,22:00)",22830,20549
R008C005,2026-09-21,"[22:00,23:00)",14364,11627
R015C011,2026-09-21,"[14:00,15:00)",18696,14505
R013C022,2026-09-21,"[09:00,10:00)",5653,4736
R005C006,2026-09-21,"[21:00,22:00)",5107,3837
R010C017,2026-09-21,"[23:00,00:00)",5707,4403
R012C021,2026-09-21,"[13:00,14:00)",4835,4185
R008C007,2026-09-21,"[08:00,09:00)",96328,71500
R025C009,2026-09-21,"[14:00,15:00)",1297,1022
R021C005,2026-09-21,"[03:00,04:00)",143,79
R013C006,2026-09-21,"[05:00,06:00)",3252,2305
R021C007,2026-09-21,"[23:00,00:00)",95,59
R021C004,2026-09-21,"[13:00,14:00)",954,713
R008C012,2026-09-21,"[12:00,13:00)",56773,46086
R006C008,2026-09-21,"[04:00,05:00)",1700,1320
R023C011,2026-09-21,"[23:00,00:00)",513,392
R010C017,2026-09-21,"[12:00,13:00)",42052,29869
R014C019,2026-09-21,"[10:00,11:00)",3676,2565
R008C018,2026-09-21,"[03:00,04:00)",274,115
R011C014,2026-09-21,"[13:00,14:00)",57552,41740
R011C016,2026-09-21,"[10:00,11:00)",23268,15971
R015C003,2026-09-21,"[07:00,08:00)",2253,2125
R022C005,2026-09-21,"[17:00,18:00)",1277,1277
R013C018,2026-09-21,"[02:00,03:00)",939,719
R015C020,2026-09-21,"[21:00,22:00)",1440,1166
R004C013,2026-09-21,"[19:00,20:00)",6868,5005
R010C012,2026-09-21,"[22:00,23:00)",8395,7381
R012C013,2026-09-21,"[19:00,20:00)",61774,44756
R011C012,2026-09-21,"[14:00,15:00)",52898,41473
R015C009,2026-09-21,"[06:00,07:00)",3621,2892
R024C004,2026-09-21,"[07:00,08:00)",72,72
R008C018,2026-09-21,"[21:00,22:00)",2347,1286
R005C008,2026-09-21,"[09:00,10:00)",18049,14409
R006C016,2026-09-21,"[09:00,10:00)",13167,11479
R003C018,2026-09-21,"[13:00,14:00)",12255,10438
R009C006,2026-09-21,"[11:00,12:00)",50833,39637
R009C012,2026-09-21,"[23:00,00:00)",9448,8074
R003C019,2026-09-21,"[18:00,19:00)",5150,5104
R014C013,2026-09-21,"[14:00,15:00)",54513,44598
R020C009,2026-09-21,"[17:00,18:00)",22485,15237
R011C007,2026-09-21,"[11:00,12:00)",72100,52590
R012C021,2026-09-21,"[06:00,07:00)",1644,1644
R004C011,2026-09-21,"[22:00,23:00)",5234,4265
R009C001,2026-09-21,"[06:00,07:00)",1816,1735
R019C008,2026-09-21,"[03:00,04:00)",154,95
R021C013,2026-09-21,"[21:00,22:00)",2538,1638
R010C002,2026-09-21,"[20:00,21:00)",27092,22333
R012C007,2026-09-21,"[19:00,20:00)",20775,15663
R005C010,2026-09-21,"[02:00,03:00)",476,401
R012C016,2026-09-21,"[14:00,15:00)",16252,14134
R015C016,2026-09-21,"[10:00,11:00)",29673,23339
R013C022,2026-09-21,"[19:00,20:00)",5054,4130
R023C011,2026-09-21,"[13:00,14:00)",3201,2575
R013C004,2026-09-21,"[07:00,08:00)",9997,8541
R013C006,2026-09-21,"[23:00,00:00)",2581,1794
R018C017,2026-09-21,"[17:00,18:00)",572,524
R019C004,2026-09-21,"[02:00,03:00)",245,139
R021C004,2026-09-21,"[11:00,12:00)",586,514
R013C011,2026-09-21,"[05:00,06:00)",7736,6269
R004C012,2026-09-21,"[18:00,19:00)",30836,26242
R020C006,2026-09-21,"[18:00,19:00)",4718,3238
R016C006,2026-09-21,"[14:00,15:00)",740,680
R020C011,2026-09-21,"[11:00,12:00)",11399,8970
R025C009,2026-09-21,"[22:00,23:00)",489,284
R020C004,2026-09-21,"[20:00,21:00)",3196,2025
R009C008,2026-09-21,"[08:00,09:00)",87885,72841
R024C011,2026-09-21,"[21:00,22:00)",399,339
R024C009,2026-09-21,"[11:00,12:00)",3385,2402
R007C012,2026-09-21,"[10:00,11:00)",32068,25881
R013C010,2026-09-21,"[17:00,18:00)",73036,55084
R019C011,2026-09-21,"[19:00,20:00)",21053,15433
R005C013,2026-09-21,"[06:00,07:00)",1318,1184
R014C008,2026-09-21,"[10:00,11:00)",5124,3704
R017C016,2026-09-21,"[05:00,06:00)",340,274
R010C005,2026-09-21,"[09:00,10:00)",31219,24990
R016C010,2026-09-21,"[20:00,21:00)",20408,15679
R017C016,2026-09-21,"[11:00,12:00)",3030,2282
R023C012,2026-09-21,"[18:00,19:00)",6275,6003
R013C006,2026-09-21,"[12:00,13:00)",16093,10611
R009C010,2026-09-21,"[22:00,23:00)",24338,19236
R017C013,2026-09-21,"[10:00,11:00)",4818,3082
R009C000,2026-09-21,"[17:00,18:00)",1781,1747
R022C010,2026-09-21,"[08:00,09:00)",9617,9172
R009C016,2026-09-21,"[13:00,14:00)",25081,20931
R019C006,2026-09-21,"[10:00,11:00)",8047,5003
R013C020,2026-09-21,"[11:00,12:00)",1784,1180
R003C012,2026-09-21,"[03:00,04:00)",1372,1291
R012C014,2026-09-21,"[06:00,07:00)",18309,14205
R007C012,2026-09-21,"[03:00,04:00)",1634,1293
R010C004,2026-09-21,"[03:00,04:00)",1065,667
R021C005,2026-09-21,"[10:00,11:00)",910,640
R022C012,2026-09-21,"[06:00,07:00)",2670,2259
R018C005,2026-09-21,"[18:00,19:00)",1515,1452
R013C022,2026-09-21,"[21:00,22:00)",2572,1900
R015C015,2026-09-21,"[17:00,18:00)",52030,41963
R020C012,2026-09-21,"[11:00,12:00)",2124,1575
R022C008,2026-09-21,"[04:00,05:00)",766,411
R012C002,2026-09-21,"[03:00,04:00)",539,439
R012C007,2026-09-21,"[10:00,11:00)",28113,19883
R012C011,2026-09-21,"[11:00,12:00)",91315,68381
R003C011,2026-09-21,"[05:00,06:00)",1335,1065
R011C001,2026-09-21,"[23:00,00:00)",4154,3590
R011C010,2026-09-21,"[07:00,08:00)",205601,142027
R017C012,2026-09-21,"[02:00,03:00)",182,91
R015C010,2026-09-21,"[02:00,03:00)",795,478
R001C020,2026-09-21,"[21:00,22:00)",5863,5276
R013C014,2026-09-21,"[15:00,16:00)",40843,32236
R022C011,2026-09-21,"[14:00,15:00)",4654,4205
R013C018,2026-09-21,"[21:00,22:00)",7995,6677
R023C010,2026-09-21,"[08:00,09:00)",1961,1914
R017C011,2026-09-21,"[05:00,06:00)",1148,1041
R008C006,2026-09-21,"[22:00,23:00)",10471,9255
R009C008,2026-09-21,"[14:00,15:00)",65639,51761
R007C008,2026-09-21,"[08:00,09:00)",88860,71793
R019C001,2026-09-21,"[11:00,12:00)",107,87
R012C017,2026-09-21,"[16:00,17:00)",52187,37226
R010C008,2026-09-21,"[04:00,05:00)",6018,4375
R020C004,2026-09-21,"[19:00,20:00)",4372,2948
R013C022,2026-09-21,"[18:00,19:00)",6580,5408
R023C011,2026-09-21,"[16:00,17:00)",4350,3473
R014C010,2026-09-21,"[11:00,12:00)",35718,25798
R014C005,2026-09-21,"[19:00,20:00)",3198,2788
R022C004,2026-09-21,"[20:00,21:00)",8,8
R010C007,2026-09-21,"[04:00,05:00)",5350,4338
R016C018,2026-09-21,"[10:00,11:00)",18264,16677
R020C011,2026-09-21,"[06:00,07:00)",5220,4663
R007C008,2026-09-21,"[02:00,03:00)",2825,1992
R016C005,2026-09-21,"[16:00,17:00)",1614,1531
R018C005,2026-09-21,"[16:00,17:00)",2108,1975
R024C007,2026-09-21,"[23:00,00:00)",167,115
R006C008,2026-09-21,"[03:00,04:00)",1804,1460
R016C017,2026-09-21,"[17:00,18:00)",19320,18451
R016C011,2026-09-21,"[04:00,05:00)",932,781
R011C007,2026-09-21,"[20:00,21:00)",44169,34248
R021C004,2026-09-21,"[07:00,08:00)",752,574
R007C016,2026-09-21,"[05:00,06:00)",687,611
R019C011,2026-09-21,"[14:00,15:00)",20509,14064
R005C013,2026-09-21,"[18:00,19:00)",4463,3445
R005C012,2026-09-21,"[07:00,08:00)",25968,22652
R017C008,2026-09-21,"[04:00,05:00)",198,127
R010C001,2026-09-21,"[13:00,14:00)",19472,18395
R009C000,2026-09-21,"[20:00,21:00)",461,455
R006C008,2026-09-21,"[09:00,10:00)",29984,23718
R023C007,2026-09-21,"[13:00,14:00)",2263,1424
R021C006,2026-09-21,"[23:00,00:00)",44,44
R020C007,2026-09-21,"[21:00,22:00)",1884,1050
R001C019,2026-09-21,"[14:00,15:00)",19789,15194
R011C001,2026-09-21,"[16:00,17:00)",44697,39865
R016C010,2026-09-21,"[17:00,18:00)",47982,36706
R018C010,2026-09-21,"[18:00,19:00)",24627,20737
R015C020,2026-09-21,"[07:00,08:00)",5315,4588
R017C000,2026-09-21,"[14:00,15:00)",220,173
R012C007,2026-09-21,"[15:00,16:00)",33018,22429
R017C000,2026-09-21,"[13:00,14:00)",175,164
R020C012,2026-09-21,"[06:00,07:00)",1131,973
R007C013,2026-09-21,"[22:00,23:00)",13678,11311
R013C009,2026-09-21,"[13:00,14:00)",34899,23999
R017C013,2026-09-21,"[18:00,19:00)",5863,4322
R021C003,2026-09-21,"[11:00,12:00)",21,21
R008C006,2026-09-21,"[07:00,08:00)",52946,45902
R015C009,2026-09-21,"[07:00,08:00)",5290,4012
R014C011,2026-09-21,"[11:00,12:00)",37336,27606
R013C020,2026-09-21,"[17:00,18:00)",3186,2043
R014C018,2026-09-21,"[04:00,05:00)",1306,1044
R021C009,2026-09-21,"[06:00,07:00)",5950,4807
R014C008,2026-09-21,"[07:00,08:00)",7030,6095
R009C009,2026-09-21,"[03:00,04:00)",3206,2619
R016C014,2026-09-21,"[17:00,18:00)",1229,1151
R013C013,2026-09-21,"[04:00,05:00)",3133,2478
R011C018,2026-09-21,"[06:00,07:00)",10188,8500
R004C015,2026-09-21,"[03:00,04:00)",357,162
R012C021,2026-09-21,"[12:00,13:00)",4048,3650
R024C008,2026-09-21,"[05:00,06:00)",349,258
R010C010,2026-09-21,"[18:00,19:00)",207990,147231
R016C007,2026-09-21,"[11:00,12:00)",3869,3282
R009C000,2026-09-21,"[23:00,00:00)",234,205
R015C001,2026-09-21,"[17:00,18:00)",761,692
R024C005,2026-09-21,"[16:00,17:00)",844,832
R005C011,2026-09-21,"[21:00,22:00)",13907,11313
R015C008,2026-09-21,"[02:00,03:00)",286,219
R011C010,2026-09-21,"[16:00,17:00)",331731,202620
R020C015,2026-09-21,"[09:00,10:00)",146,146
R012C003,2026-09-21,"[12:00,13:00)",27157,17487
R017C009,2026-09-21,"[21:00,22:00)",1226,970
R015C018,2026-09-21,"[17:00,18:00)",31405,27841
R015C002,2026-09-21,"[07:00,08:00)",3233,2632
R018C004,2026-09-21,"[06:00,07:00)",1250,1227
R018C015,2026-09-21,"[08:00,09:00)",5808,4224
R013C018,2026-09-21,"[09:00,10:00)",18786,15884
R010C009,2026-09-21,"[21:00,22:00)",71033,51557
R020C002,2026-09-21,"[06:00,07:00)",100,80
R001C019,2026-09-21,"[22:00,23:00)",4232,3335
R005C011,2026-09-21,"[11:00,12:00)",30639,23771
R017C019,2026-09-21,"[08:00,09:00)",23489,19598
R010C011,2026-09-21,"[23:00,00:00)",13456,10245
R012C016,2026-09-21,"[06:00,07:00)",6082,5619
R004C016,2026-09-21,"[23:00,00:00)",2002,1821
R010C005,2026-09-21,"[15:00,16:00)",31294,24783
R006C007,2026-09-21,"[23:00,00:00)",4471,3233
R016C012,2026-09-21,"[11:00,12:00)",19442,14276
R012C004,2026-09-21,"[14:00,15:00)",32407,21321
R006C010,2026-09-21,"[19:00,20:00)",19229,15697
R003C007,2026-09-21,"[05:00,06:00)",2011,1759
R012C017,2026-09-21,"[10:00,11:00)",33391,23078
R019C012,2026-09-21,"[16:00,17:00)",4615,3463
R008C007,2026-09-21,"[18:00,19:00)",76582,59045
R007C015,2026-09-21,"[14:00,15:00)",19919,15292
R009C003,2026-09-21,"[18:00,19:00)",48681,43081
R010C002,2026-09-21,"[15:00,16:00)",52996,43049
R015C002,2026-09-21,"[18:00,19:00)",2868,2182
R021C002,2026-09-21,"[16:00,17:00)",49,49
R018C012,2026-09-21,"[21:00,22:00)",1817,1140
R023C007,2026-09-21,"[20:00,21:00)",1477,885
R022C014,2026-09-21,"[04:00,05:00)",62,37
R023C009,2026-09-21,"[02:00,03:00)",312,181
R015C018,2026-09-21,"[06:00,07:00)",10087,9147
R007C007,2026-09-21,"[04:00,05:00)",3518,2942
R004C017,2026-09-21,"[21:00,22:00)",7883,6808
R014C018,2026-09-21,"[08:00,09:00)",33265,24420
R017C009,2026-09-21,"[14:00,15:00)",6047,3982
R011C016,2026-09-21,"[04:00,05:00)",1520,1172
R023C004,2026-09-21,"[08:00,09:00)",282,282
R014C004,2026-09-21,"[10:00,11:00)",5918,4625
R006C010,2026-09-21,"[11:00,12:00)",21844,17358
R013C021,2026-09-21,"[04:00,05:00)",199,156
R018C003,2026-09-21,"[23:00,00:00)",36,36
R020C008,2026-09-21,"[05:00,06:00)",2435,1553
R012C014,2026-09-21,"[12:00,13:00)",51369,35604
R017C018,2026-09-21,"[13:00,14:00)",3613,3313
R015C014,2026-09-21,"[20:00,21:00)",3236,3014
R018C009,2026-09-21,"[03:00,04:00)",708,316
R019C014,2026-09-21,"[18:00,19:00)",3196,2688
R017C003,2026-09-21,"[02:00,03:00)",12,12
R023C009,2026-09-21,"[09:00,10:00)",5395,3990
R006C017,2026-09-21,"[03:00,04:00)",352,229
R011C003,2026-09-21,"[22:00,23:00)",6636,4966
R018C006,2026-09-21,"[17:00,18:00)",5694,4755
R011C006,2026-09-21,"[21:00,22:00)",20048,15967
R011C016,2026-09-21,"[07:00,08:00)",29791,23305
R013C018,2026-09-21,"[06:00,07:00)",7738,6620
R012C005,2026-09-21,"[06:00,07:00)",8543,6407
R001C021,2026-09-21,"[06:00,07:00)",10591,9562
R009C012,2026-09-21,"[14:00,15:00)",62142,52169
R011C016,2026-09-21,"[17:00,18:00)",35912,27729
R004C010,2026-09-21,"[06:00,07:00)",578,558
R017C012,2026-09-21,"[12:00,13:00)",7028,4749
R015C009,2026-09-21,"[21:00,22:00)",1263,898
R013C020,2026-09-21,"[13:00,14:00)",2468,1435
R009C009,2026-09-21,"[05:00,06:00)",9262,7839
R012C001,2026-09-21,"[03:00,04:00)",413,307
R004C007,2026-09-21,"[17:00,18:00)",33557,27295
R008C006,2026-09-21,"[21:00,22:00)",19634,17002
R019C009,2026-09-21,"[19:00,20:00)",7843,5776
R021C008,2026-09-21,"[05:00,06:00)",469,393
R012C003,2026-09-21,"[13:00,14:00)",27707,19076
R017C018,2026-09-21,"[07:00,08:00)",6477,5860
R010C004,2026-09-21,"[17:00,18:00)",39302,29140
R004C008,2026-09-21,"[16:00,17:00)",8440,6526
R024C007,2026-09-21,"[11:00,12:00)",1523,977
R010C002,2026-09-21,"[18:00,19:00)",50841,41677
R006C009,2026-09-21,"[17:00,18:00)",28543,21933
R015C021,2026-09-21,"[04:00,05:00)",972,820
R014C007,2026-09-21,"[04:00,05:00)",493,270
R011C018,2026-09-21,"[10:00,11:00)",30018,20769
R024C004,2026-09-21,"[11:00,12:00)",140,120
R008C009,2026-09-21,"[20:00,21:00)",47030,37123
R015C013,2026-09-21,"[12:00,13:00)",18800,13945
R017C017,2026-09-21,"[16:00,17:00)",3266,3110
R016C011,2026-09-21,"[07:00,08:00)",24353,21381
R011C001,2026-09-21,"[13:00,14:00)",29331,25597
R014C006,2026-09-21,"[03:00,04:00)",527,263
R014C005,2026-09-21,"[15:00,16:00)",5784,4575
R017C007,2026-09-21,"[21:00,22:00)",2120,1789
R003C010,2026-09-21,"[07:00,08:00)",6002,4859
R019C005,2026-09-21,"[07:00,08:00)",9163,7326
R018C004,2026-09-21,"[03:00,04:00)",32,32
R014C015,2026-09-21,"[17:00,18:00)",67193,50571
R013C022,2026-09-21,"[04:00,05:00)",488,435
R015C016,2026-09-21,"[02:00,03:00)",1956,1319
R021C007,2026-09-21,"[05:00,06:00)",87,83
R014C016,2026-09-21,"[21:00,22:00)",7677,6685
R001C020,2026-09-21,"[10:00,11:00)",11983,10621
R018C012,2026-09-21,"[12:00,13:00)",2498,1711
R016C003,2026-09-21,"[06:00,07:00)",225,225
R005C016,2026-09-21,"[07:00,08:00)",31546,28009
R015C001,2026-09-21,"[09:00,10:00)",518,428
R021C012,2026-09-21,"[14:00,15:00)",1497,1373
R014C017,2026-09-21,"[04:00,05:00)",1060,843
R011C015,2026-09-21,"[18:00,19:00)",39105,29763
R016C015,2026-09-21,"[16:00,17:00)",819,795
R018C012,2026-09-21,"[17:00,18:00)",3650,2542
R013C014,2026-09-21,"[17:00,18:00)",58880,45409
R015C002,2026-09-21,"[04:00,05:00)",181,125
R009C001,2026-09-21,"[02:00,03:00)",66,54
R011C001,2026-09-21,"[07:00,08:00)",39848,36477
R008C013,2026-09-21,"[18:00,19:00)",135316,101292
R008C011,2026-09-21,"[08:00,09:00)",21443,20863
R022C014,2026-09-21,"[20:00,21:00)",267,183
R010C017,2026-09-21,"[16:00,17:00)",50890,38198
R010C000,2026-09-21,"[19:00,20:00)",10187,9551
R004C013,2026-09-21,"[06:00,07:00)",2932,2378
R008C003,2026-09-21,"[05:00,06:00)",12949,10865
R013C020,2026-09-21,"[15:00,16:00)",2176,1439
R005C015,2026-09-21,"[21:00,22:00)",11095,8328
R004C011,2026-09-21,"[12:00,13:00)",20723,15528
R009C003,2026-09-21,"[11:00,12:00)",45374,37959
R010C014,2026-09-21,"[08:00,09:00)",75559,59251
R007C017,2026-09-21,"[11:00,12:00)",5888,4471
R010C007,2026-09-21,"[05:00,06:00)",11840,9917
R022C005,2026-09-21,"[08:00,09:00)",430,409
R016C006,2026-09-21,"[12:00,13:00)",709,654
R017C019,2026-09-21,"[02:00,03:00)",742,597
R007C013,2026-09-21,"[13:00,14:00)",55912,44082
R021C009,2026-09-21,"[11:00,12:00)",10168,7723
R005C008,2026-09-21,"[23:00,00:00)",3118,2360
R022C006,2026-09-21,"[09:00,10:00)",1549,1038
R009C003,2026-09-21,"[17:00,18:00)",62305,55374
R009C008,2026-09-21,"[09:00,10:00)",62978,50596
R007C007,2026-09-21,"[15:00,16:00)",66989,50766
R002C019,2026-09-21,"[17:00,18:00)",21791,19228
R015C013,2026-09-21,"[18:00,19:00)",23147,18111
R009C000,2026-09-21,"[02:00,03:00)",36,24
R022C012,2026-09-21,"[11:00,12:00)",3639,3115
R015C017,2026-09-21,"[18:00,19:00)",54475,41753
R013C008,2026-09-21,"[17:00,18:00)",9657,8762
R009C013,2026-09-21,"[05:00,06:00)",7015,5774
R019C011,2026-09-21,"[04:00,05:00)",1260,915
R018C013,2026-09-21,"[05:00,06:00)",107,71
R014C015,2026-09-21,"[12:00,13:00)",45812,32283
R018C013,2026-09-21,"[19:00,20:00)",857,744
R010C007,2026-09-21,"[16:00,17:00)",126611,99136
R006C009,2026-09-21,"[03:00,04:00)",1029,784
R017C006,2026-09-21,"[15:00,16:00)",1054,1010
R004C016,2026-09-21,"[10:00,11:00)",17990,14136
R011C014,2026-09-21,"[17:00,18:00)",90265,68334
R004C015,2026-09-21,"[15:00,16:00)",9035,6673
R018C016,2026-09-21,"[05:00,06:00)",208,153
R007C007,2026-09-21,"[23:00,00:00)",7655,6311
R010C001,2026-09-21,"[14:00,15:00)",21810,20017
R009C004,2026-09-21,"[07:00,08:00)",49199,43220
R015C002,2026-09-21,"[13:00,14:00)",2009,1550
R006C008,2026-09-21,"[05:00,06:00)",4385,3341
R014C004,2026-09-21,"[05:00,06:00)",848,654
R007C013,2026-09-21,"[11:00,12:00)",53411,42010
R004C018,2026-09-21,"[14:00,15:00)",12330,9269
R015C020,2026-09-21,"[11:00,12:00)",3309,2637
R025C011,2026-09-21,"[23:00,00:00)",329,230
R005C009,2026-09-21,"[12:00,13:00)",5113,3833
R017C000,2026-09-21,"[03:00,04:00)",24,24
R012C012,2026-09-21,"[16:00,17:00)",93802,73832
R024C004,2026-09-21,"[20:00,21:00)",118,98
R018C004,2026-09-21,"[20:00,21:00)",1174,1119
R006C014,2026-09-21,"[21:00,22:00)",18738,13888
R014C015,2026-09-21,"[02:00,03:00)",1270,1062
R003C014,2026-09-21,"[19:00,20:00)",2320,1402
R013C020,2026-09-21,"[18:00,19:00)",3138,1962
R023C008,2026-09-21,"[04:00,05:00)",206,182
R007C017,2026-09-21,"[12:00,13:00)",6261,4598
R006C008,2026-09-21,"[12:00,13:00)",34087,25039
R022C014,2026-09-21,"[22:00,23:00)",159,94
R012C007,2026-09-21,"[13:00,14:00)",28984,20316
R008C015,2026-09-21,"[12:00,13:00)",22156,15088
R007C007,2026-09-21,"[02:00,03:00)",2687,1933
R011C007,2026-09-21,"[04:00,05:00)",3852,2840
R016C017,2026-09-21,"[15:00,16:00)",15550,14729
R015C009,2026-09-21,"[03:00,04:00)",182,123
R012C012,2026-09-21,"[15:00,16:00)",82901,64636
R005C010,2026-09-21,"[23:00,00:00)",1315,1194
R025C011,2026-09-21,"[09:00,10:00)",1646,1316
R018C006,2026-09-21,"[06:00,07:00)",4541,3820
R017C018,2026-09-21,"[15:00,16:00)",4902,4629
R014C020,2026-09-21,"[07:00,08:00)",1316,1123
R018C004,2026-09-21,"[22:00,23:00)",283,263
R007C015,2026-09-21,"[03:00,04:00)",936,643
R018C005,2026-09-21,"[13:00,14:00)",1459,1304
R023C012,2026-09-21,"[09:00,10:00)",3870,3728
R010C015,2026-09-21,"[06:00,07:00)",20121,15375
R014C012,2026-09-21,"[11:00,12:00)",53890,40773
R009C001,2026-09-21,"[22:00,23:00)",703,664
R005C013,2026-09-21,"[19:00,20:00)",4031,3079
R015C000,2026-09-21,"[05:00,06:00)",39,39
R019C010,2026-09-21,"[03:00,04:00)",1065,661
R022C012,2026-09-21,"[14:00,15:00)",4642,3820
R006C006,2026-09-21,"[04:00,05:00)",436,379
R011C006,2026-09-21,"[18:00,19:00)",59241,45822
R015C019,2026-09-21,"[07:00,08:00)",18361,17411
R019C013,2026-09-21,"[11:00,12:00)",3206,2048
R010C013,2026-09-21,"[03:00,04:00)",1300,935
R007C006,2026-09-21,"[04:00,05:00)",1254,961
R018C017,2026-09-21,"[20:00,21:00)",161,161
R018C003,2026-09-21,"[09:00,10:00)",547,527
R011C003,2026-09-21,"[10:00,11:00)",18468,13623
R017C008,2026-09-21,"[13:00,14:00)",2280,2084
R018C011,2026-09-21,"[10:00,11:00)",5654,4991
R009C008,2026-09-21,"[18:00,19:00)",74677,59947
R003C010,2026-09-21,"[23:00,00:00)",678,496
R017C009,2026-09-21,"[12:00,13:00)",6349,4135
R011C002,2026-09-21,"[15:00,16:00)",43392,35890
R007C017,2026-09-21,"[17:00,18:00)",6059,5170
R011C004,2026-09-21,"[12:00,13:00)",29096,19707
R007C009,2026-09-21,"[13:00,14:00)",66082,50246
R007C012,2026-09-21,"[06:00,07:00)",14715,12609
R019C005,2026-09-21,"[08:00,09:00)",8950,6780
R013C018,2026-09-21,"[23:00,00:00)",2917,2401
R008C017,2026-09-21,"[02:00,03:00)",43,31
R014C020,2026-09-21,"[15:00,16:00)",1277,988
R007C007,2026-09-21,"[17:00,18:00)",79746,60380
R014C008,2026-09-21,"[08:00,09:00)",5248,4288
R013C006,2026-09-21,"[21:00,22:00)",7365,5117
R018C017,2026-09-21,"[22:00,23:00)",74,62
R018C004,2026-09-21,"[14:00,15:00)",2047,1924
R008C011,2026-09-21,"[17:00,18:00)",20470,19427
R010C012,2026-09-21,"[04:00,05:00)",2630,2012
R021C013,2026-09-21,"[05:00,06:00)",715,527
R010C012,2026-09-21,"[14:00,15:00)",38130,31132
R022C010,2026-09-21,"[03:00,04:00)",75,75
R013C004,2026-09-21,"[17:00,18:00)",14264,11919
R021C010,2026-09-21,"[05:00,06:00)",1308,1197
R003C017,2026-09-21,"[11:00,12:00)",13637,11363
R021C005,2026-09-21,"[05:00,06:00)",373,313
R006C006,2026-09-21,"[05:00,06:00)",698,589
R012C015,2026-09-21,"[20:00,21:00)",14947,12660
R011C006,2026-09-21,"[14:00,15:00)",59437,43533
R019C008,2026-09-21,"[15:00,16:00)",2484,1953
R014C014,2026-09-21,"[22:00,23:00)",13885,11095
R002C019,2026-09-21,"[14:00,15:00)",14127,11551
R006C017,2026-09-21,"[02:00,03:00)",504,354
R002C019,2026-09-21,"[07:00,08:00)",22357,19669
R008C003,2026-09-21,"[12:00,13:00)",42342,34591
R025C011,2026-09-21,"[04:00,05:00)",105,72
R012C020,2026-09-21,"[08:00,09:00)",5705,5581
R018C016,2026-09-21,"[19:00,20:00)",1689,1368
R012C005,2026-09-21,"[04:00,05:00)",1317,828
R005C009,2026-09-21,"[09:00,10:00)",4481,3736
R001C020,2026-09-21,"[11:00,12:00)",11683,10481
R006C011,2026-09-21,"[16:00,17:00)",42760,36333
R021C010,2026-09-21,"[06:00,07:00)",5070,4379
R016C004,2026-09-21,"[10:00,11:00)",3192,2482
R018C002,2026-09-21,"[06:00,07:00)",764,590
R003C014,2026-09-21,"[18:00,19:00)",2249,1511
R008C005,2026-09-21,"[17:00,18:00)",84715,65676
R011C000,2026-09-21,"[11:00,12:00)",26636,25648
R011C001,2026-09-21,"[10:00,11:00)",28493,24800
R003C010,2026-09-21,"[15:00,16:00)",6381,3951
R014C020,2026-09-21,"[22:00,23:00)",772,436
R022C012,2026-09-21,"[07:00,08:00)",10713,8879
R004C018,2026-09-21,"[06:00,07:00)",4998,3967
R016C010,2026-09-21,"[14:00,15:00)",31684,23309
R016C019,2026-09-21,"[17:00,18:00)",44459,37998
R013C004,2026-09-21,"[21:00,22:00)",3862,3317
R011C013,2026-09-21,"[14:00,15:00)",67410,52498
R017C002,2026-09-21,"[05:00,06:00)",32,32
R012C006,2026-09-21,"[23:00,00:00)",4210,3233
R012C018,2026-09-21,"[06:00,07:00)",7382,6513
R005C012,2026-09-21,"[20:00,21:00)",13316,10815
R010C013,2026-09-21,"[13:00,14:00)",43634,34207
R011C008,2026-09-21,"[12:00,13:00)",97331,67942
R016C018,2026-09-21,"[20:00,21:00)",14936,13580
R003C013,2026-09-21,"[22:00,23:00)",5045,4207
R016C003,2026-09-21,"[17:00,18:00)",382,382
R014C017,2026-09-21,"[20:00,21:00)",14660,11608
R014C002,2026-09-21,"[09:00,10:00)",3110,2212
R003C011,2026-09-21,"[02:00,03:00)",561,265
R011C015,2026-09-21,"[11:00,12:00)",26735,19412
R009C018,2026-09-21,"[13:00,14:00)",5522,4721
R016C005,2026-09-21,"[06:00,07:00)",1084,941
R010C013,2026-09-21,"[09:00,10:00)",43918,35866
R019C013,2026-09-21,"[15:00,16:00)",2322,1770
R012C009,2026-09-21,"[04:00,05:00)",3419,2665
R011C000,2026-09-21,"[08:00,09:00)",43501,41632
R012C020,2026-09-21,"[02:00,03:00)",56,56
R017C006,2026-09-21,"[07:00,08:00)",1292,1280
R007C008,2026-09-21,"[22:00,23:00)",14527,11967
R012C002,2026-09-21,"[02:00,03:00)",606,389
R014C008,2026-09-21,"[13:00,14:00)",5817,4287
R014C017,2026-09-21,"[03:00,04:00)",651,480
R020C010,2026-09-21,"[12:00,13:00)",21344,14858
R016C009,2026-09-21,"[15:00,16:00)",8128,6379
R013C008,2026-09-21,"[14:00,15:00)",7166,6274
R013C004,2026-09-21,"[19:00,20:00)",8834,7263
R014C012,2026-09-21,"[14:00,15:00)",60232,45856
R005C012,2026-09-21,"[23:00,00:00)",2612,2028
R017C011,2026-09-21,"[08:00,09:00)",12662,11576
R007C006,2026-09-21,"[12:00,13:00)",17772,13341
R003C019,2026-09-21,"[12:00,13:00)",2966,2954
R003C013,2026-09-21,"[05:00,06:00)",1844,1594
R019C002,2026-09-21,"[23:00,00:00)",245,186
R015C019,2026-09-21,"[17:00,18:00)",15153,14063
R022C003,2026-09-21,"[17:00,18:00)",20,20
R014C015,2026-09-21,"[04:00,05:00)",1598,1373
R020C014,2026-09-21,"[23:00,00:00)",332,209
R017C009,2026-09-21,"[16:00,17:00)",11004,8679
R003C018,2026-09-21,"[11:00,12:00)",11493,9822
R006C009,2026-09-21,"[02:00,03:00)",1105,670
R024C008,2026-09-21,"[02:00,03:00)",238,135
R012C012,2026-09-21,"[21:00,22:00)",33256,27178
R008C008,2026-09-21,"[11:00,12:00)",40176,32940
R012C010,2026-09-21,"[19:00,20:00)",122684,85934
R009C016,2026-09-21,"[21:00,22:00)",11233,9571
R005C015,2026-09-21,"[15:00,16:00)",33443,23446
R008C012,2026-09-21,"[18:00,19:00)",59806,51666
R011C015,2026-09-21,"[21:00,22:00)",13980,10899
R014C011,2026-09-21,"[22:00,23:00)",9273,7168
R010C000,2026-09-21,"[18:00,19:00)",14565,13179
R008C006,2026-09-21,"[05:00,06:00)",7875,6568
R021C004,2026-09-21,"[04:00,05:00)",12,12
R017C011,2026-09-21,"[11:00,12:00)",6720,6214
R024C011,2026-09-21,"[07:00,08:00)",2354,1920
R021C009,2026-09-21,"[10:00,11:00)",9780,7318
R010C011,2026-09-21,"[09:00,10:00)",85047,62390
R019C012,2026-09-21,"[20:00,21:00)",3261,2459
R003C010,2026-09-21,"[21:00,22:00)",1938,1457
R012C001,2026-09-21,"[09:00,10:00)",8660,7564
R005C017,2026-09-21,"[02:00,03:00)",442,243
R017C009,2026-09-21,"[20:00,21:00)",2256,1733
R011C011,2026-09-21,"[13:00,14:00)",108007,76271
R003C007,2026-09-21,"[21:00,22:00)",5917,5500
R017C012,2026-09-21,"[06:00,07:00)",1730,1398
R017C003,2026-09-21,"[13:00,14:00)",181,150
R010C018,2026-09-21,"[02:00,03:00)",1181,992
R015C010,2026-09-21,"[18:00,19:00)",30674,23559
R011C009,2026-09-21,"[23:00,00:00)",23253,17577
R003C016,2026-09-21,"[13:00,14:00)",2516,1906
R016C019,2026-09-21,"[15:00,16:00)",35597,30103
R017C004,2026-09-21,"[21:00,22:00)",486,486
R005C007,2026-09-21,"[12:00,13:00)",20009,15371
R011C015,2026-09-21,"[07:00,08:00)",38478,31313
R024C009,2026-09-21,"[03:00,04:00)",167,87
R004C010,2026-09-21,"[09:00,10:00)",1164,1037
R008C003,2026-09-21,"[09:00,10:00)",41969,35235
R003C013,2026-09-21,"[09:00,10:00)",15865,13851
R006C011,2026-09-21,"[14:00,15:00)",31808,26239
R017C016,2026-09-21,"[19:00,20:00)",3100,2314
R006C014,2026-09-21,"[05:00,06:00)",6530,5202
R004C014,2026-09-21,"[05:00,06:00)",221,139
R002C019,2026-09-21,"[21:00,22:00)",6440,5415
R011C005,2026-09-21,"[22:00,23:00)",9167,7054
R024C004,2026-09-21,"[19:00,20:00)",20,20
R014C017,2026-09-21,"[15:00,16:00)",26209,20751
R023C010,2026-09-21,"[13:00,14:00)",1112,952
R011C009,2026-09-21,"[05:00,06:00)",13344,10258
R016C007,2026-09-21,"[17:00,18:00)",3753,3398
R023C006,2026-09-21,"[21:00,22:00)",538,396
R018C007,2026-09-21,"[16:00,17:00)",8564,8000
R012C003,2026-09-21,"[18:00,19:00)",37777,26398
R018C012,2026-09-21,"[04:00,05:00)",127,91
R024C009,2026-09-21,"[21:00,22:00)",1318,1023
R019C008,2026-09-21,"[06:00,07:00)",1594,1427
R015C018,2026-09-21,"[13:00,14:00)",21869,18745
R009C015,2026-09-21,"[21:00,22:00)",19869,14979
R018C000,2026-09-21,"[06:00,07:00)",119,119
R018C002,2026-09-21,"[09:00,10:00)",1098,779
R018C017,2026-09-21,"[07:00,08:00)",500,412
R002C019,2026-09-21,"[06:00,07:00)",6281,5613
R020C010,2026-09-21,"[05:00,06:00)",3513,2571
R019C015,2026-09-21,"[23:00,00:00)",202,162
R011C003,2026-09-21,"[15:00,16:00)",27760,20539
R012C007,2026-09-21,"[03:00,04:00)",980,706
R015C020,2026-09-21,"[16:00,17:00)",4776,3837
R019C015,2026-09-21,"[16:00,17:00)",2231,2031
R012C019,2026-09-21,"[21:00,22:00)",1420,1365
R020C005,2026-09-21,"[03:00,04:00)",274,168
R012C014,2026-09-21,"[13:00,14:00)",56379,38643
R006C008,2026-09-21,"[15:00,16:00)",40148,29231
R003C015,2026-09-21,"[19:00,20:00)",1621,1123
R010C009,2026-09-21,"[04:00,05:00)",5677,3890
R012C007,2026-09-21,"[07:00,08:00)",35610,24846
R007C015,2026-09-21,"[23:00,00:00)",1982,1587
R008C010,2026-09-21,"[19:00,20:00)",16656,14859
R020C009,2026-09-21,"[04:00,05:00)",1444,886
R008C008,2026-09-21,"[08:00,09:00)",63228,53712
R020C006,2026-09-21,"[06:00,07:00)",4160,2925
R013C003,2026-09-21,"[06:00,07:00)",4024,3378
R003C016,2026-09-21,"[16:00,17:00)",2946,2423
R009C002,2026-09-21,"[19:00,20:00)",17010,15088
R021C005,2026-09-21,"[02:00,03:00)",127,79
R014C003,2026-09-21,"[08:00,09:00)",1482,1414
R007C009,2026-09-21,"[15:00,16:00)",78444,59355
R012C007,2026-09-21,"[08:00,09:00)",37894,27126
R015C007,2026-09-21,"[07:00,08:00)",4921,4838
R011C013,2026-09-21,"[19:00,20:00)",60665,47174
R013C006,2026-09-21,"[14:00,15:00)",16918,11686
R024C005,2026-09-21,"[21:00,22:00)",12,12
R010C008,2026-09-21,"[17:00,18:00)",206795,147737
R006C012,2026-09-21,"[22:00,23:00)",5393,4895
R007C013,2026-09-21,"[08:00,09:00)",78800,65504
R016C002,2026-09-21,"[13:00,14:00)",95,75
R017C015,2026-09-21,"[20:00,21:00)",868,785
R010C003,2026-09-21,"[09:00,10:00)",39013,30013
R015C009,2026-09-21,"[11:00,12:00)",7340,4243
R012C007,2026-09-21,"[17:00,18:00)",33774,25517
R008C015,2026-09-21,"[03:00,04:00)",768,530
R008C014,2026-09-21,"[23:00,00:00)",7511,6613
R009C008,2026-09-21,"[22:00,23:00)",11835,10021
R017C006,2026-09-21,"[17:00,18:00)",1179,1147
R003C019,2026-09-21,"[07:00,08:00)",8717,8650
R018C001,2026-09-21,"[16:00,17:00)",516,469
R012C004,2026-09-21,"[06:00,07:00)",10558,7976
R018C006,2026-09-21,"[04:00,05:00)",321,182
R009C017,2026-09-21,"[19:00,20:00)",16716,13748
R010C018,2026-09-21,"[17:00,18:00)",41845,32774
R011C016,2026-09-21,"[20:00,21:00)",13144,10278
R010C008,2026-09-21,"[12:00,13:00)",137110,98207
R003C013,2026-09-21,"[10:00,11:00)",13638,11600
R024C011,2026-09-21,"[23:00,00:00)",141,121
R021C011,2026-09-21,"[06:00,07:00)",1221,1149
R018C005,2026-09-21,"[08:00,09:00)",1989,1700
R012C015,2026-09-21,"[04:00,05:00)",935,717
R019C011,2026-09-21,"[15:00,16:00)",23381,16885
R003C013,2026-09-21,"[21:00,22:00)",7647,6460
R019C012,2026-09-21,"[12:00,13:00)",3584,2726
R018C001,2026-09-21,"[02:00,03:00)",36,36
R007C015,2026-09-21,"[10:00,11:00)",17512,13273
R008C005,2026-09-21,"[12:00,13:00)",78065,54744
R006C008,2026-09-21,"[10:00,11:00)",28602,21192
R003C018,2026-09-21,"[20:00,21:00)",7202,6611
R016C019,2026-09-21,"[14:00,15:00)",32679,27528
R018C016,2026-09-21,"[14:00,15:00)",1700,1542
R017C003,2026-09-21,"[22:00,23:00)",12,12
R011C006,2026-09-21,"[16:00,17:00)",69016,51598
R004C013,2026-09-21,"[10:00,11:00)",4671,3582
R015C015,2026-09-21,"[11:00,12:00)",30370,23936
R019C001,2026-09-21,"[15:00,16:00)",24,24
R020C011,2026-09-21,"[12:00,13:00)",11901,9551
R014C016,2026-09-21,"[06:00,07:00)",6892,6171
R005C006,2026-09-21,"[19:00,20:00)",14578,9830
R009C010,2026-09-21,"[23:00,00:00)",15338,12565
R015C017,2026-09-21,"[21:00,22:00)",21119,16450
R010C012,2026-09-21,"[23:00,00:00)",5020,4270
R018C012,2026-09-21,"[15:00,16:00)",2607,1834
R012C008,2026-09-21,"[16:00,17:00)",69894,53038
R022C004,2026-09-21,"[15:00,16:00)",21,21
R009C014,2026-09-21,"[20:00,21:00)",43551,34119
R017C001,2026-09-21,"[08:00,09:00)",86,74
R021C005,2026-09-21,"[16:00,17:00)",1339,1041
R018C005,2026-09-21,"[04:00,05:00)",206,147
R012C020,2026-09-21,"[11:00,12:00)",2858,2790
R004C009,2026-09-21,"[09:00,10:00)",721,492
R007C016,2026-09-21,"[23:00,00:00)",305,259
R011C008,2026-09-21,"[14:00,15:00)",97808,69420
R006C012,2026-09-21,"[08:00,09:00)",33432,31512
R018C005,2026-09-21,"[23:00,00:00)",162,150
R009C002,2026-09-21,"[17:00,18:00)",30561,27060
R002C019,2026-09-21,"[10:00,11:00)",12658,10158
R015C003,2026-09-21,"[02:00,03:00)",12,12
R007C008,2026-09-21,"[09:00,10:00)",64182,52451
R024C009,2026-09-21,"[16:00,17:00)",4147,3343
R018C000,2026-09-21,"[11:00,12:00)",150,118
R003C016,2026-09-21,"[21:00,22:00)",1353,1065
R019C006,2026-09-21,"[06:00,07:00)",6898,5542
R013C019,2026-09-21,"[21:00,22:00)",1205,790
R011C003,2026-09-21,"[12:00,13:00)",20517,14761
R012C013,2026-09-21,"[16:00,17:00)",83595,60641
R022C011,2026-09-21,"[19:00,20:00)",5374,4978
R006C017,2026-09-21,"[17:00,18:00)",9658,7434
R017C014,2026-09-21,"[09:00,10:00)",781,644
R021C007,2026-09-21,"[16:00,17:00)",3545,3192
R005C009,2026-09-21,"[02:00,03:00)",530,296
R008C009,2026-09-21,"[13:00,14:00)",78069,58028
R011C007,2026-09-21,"[03:00,04:00)",2900,1974
R015C012,2026-09-21,"[16:00,17:00)",37044,30369
R004C017,2026-09-21,"[16:00,17:00)",32325,25413
R009C018,2026-09-21,"[12:00,13:00)",4975,4354
R003C013,2026-09-21,"[19:00,20:00)",14243,12036
R009C011,2026-09-21,"[06:00,07:00)",33536,28599
R005C014,2026-09-21,"[10:00,11:00)",15131,11741
R008C011,2026-09-21,"[06:00,07:00)",7299,7083
R022C006,2026-09-21,"[21:00,22:00)",876,456
R003C011,2026-09-21,"[15:00,16:00)",10261,7790
R009C002,2026-09-21,"[23:00,00:00)",2698,2439
R017C010,2026-09-21,"[02:00,03:00)",520,405
R015C000,2026-09-21,"[06:00,07:00)",77,77
R024C009,2026-09-21,"[08:00,09:00)",5328,4280
R018C005,2026-09-21,"[15:00,16:00)",1557,1366
R003C015,2026-09-21,"[02:00,03:00)",67,67
R014C014,2026-09-21,"[16:00,17:00)",70805,54432
R012C001,2026-09-21,"[12:00,13:00)",7995,6726
R008C004,2026-09-21,"[02:00,03:00)",3835,2542
R012C006,2026-09-21,"[05:00,06:00)",4072,2924
R012C013,2026-09-21,"[12:00,13:00)",58142,41249
R005C012,2026-09-21,"[04:00,05:00)",1244,884
R005C007,2026-09-21,"[06:00,07:00)",10297,9116
R009C009,2026-09-21,"[13:00,14:00)",73675,59572
R022C008,2026-09-21,"[06:00,07:00)",3456,2135
R009C012,2026-09-21,"[09:00,10:00)",56974,49117
R018C014,2026-09-21,"[12:00,13:00)",1949,1395
R008C009,2026-09-21,"[04:00,05:00)",4347,3579
R001C020,2026-09-21,"[12:00,13:00)",12996,11395
R016C002,2026-09-21,"[09:00,10:00)",158,158
R021C013,2026-09-21,"[13:00,14:00)",4466,3156
R020C003,2026-09-21,"[23:00,00:00)",79,79
R016C008,2026-09-21,"[04:00,05:00)",333,238
R005C006,2026-09-21,"[22:00,23:00)",2762,2019
R008C011,2026-09-21,"[02:00,03:00)",713,657
R006C014,2026-09-21,"[06:00,07:00)",19659,16263
R014C008,2026-09-21,"[19:00,20:00)",3539,2728
R012C017,2026-09-21,"[19:00,20:00)",37319,26621
R015C017,2026-09-21,"[22:00,23:00)",11420,9032
R020C003,2026-09-21,"[09:00,10:00)",327,327
R013C014,2026-09-21,"[13:00,14:00)",37858,28930
R020C007,2026-09-21,"[19:00,20:00)",2821,1669
R020C004,2026-09-21,"[16:00,17:00)",4696,3271
R008C014,2026-09-21,"[04:00,05:00)",2936,2525
R008C013,2026-09-21,"[03:00,04:00)",4507,3476
R013C011,2026-09-21,"[16:00,17:00)",124371,94167
R004C007,2026-09-21,"[02:00,03:00)",793,485
R006C016,2026-09-21,"[15:00,16:00)",12908,11448
R016C014,2026-09-21,"[23:00,00:00)",61,47
R011C015,2026-09-21,"[05:00,06:00)",4088,3156
R009C007,2026-09-21,"[16:00,17:00)",79378,58732
R018C014,2026-09-21,"[18:00,19:00)",2665,2082
R003C011,2026-09-21,"[18:00,19:00)",13614,10520
R015C013,2026-09-21,"[10:00,11:00)",14879,11622
R006C009,2026-09-21,"[20:00,21:00)",12873,9632
R016C008,2026-09-21,"[08:00,09:00)",6373,4901
R005C008,2026-09-21,"[17:00,18:00)",33309,25233
R003C016,2026-09-21,"[23:00,00:00)",482,422
R018C007,2026-09-21,"[21:00,22:00)",2067,1808
R012C001,2026-09-21,"[06:00,07:00)",3107,2709
R001C021,2026-09-21,"[07:00,08:00)",34151,30815
R020C011,2026-09-21,"[23:00,00:00)",2091,1556
R012C014,2026-09-21,"[16:00,17:00)",76441,54275
R011C017,2026-09-21,"[07:00,08:00)",41398,34468
R008C011,2026-09-21,"[11:00,12:00)",16343,14679
R014C004,2026-09-21,"[03:00,04:00)",208,149
R008C003,2026-09-21,"[03:00,04:00)",3851,3187
R012C012,2026-09-21,"[02:00,03:00)",2177,1422
R018C001,2026-09-21,"[17:00,18:00)",2668,2182
R017C005,2026-09-21,"[08:00,09:00)",1612,1340
R015C017,2026-09-21,"[04:00,05:00)",2659,2086
R011C014,2026-09-21,"[11:00,12:00)",48319,35836
R011C002,2026-09-21,"[09:00,10:00)",34448,27447
R014C020,2026-09-21,"[03:00,04:00)",147,91
R011C002,2026-09-21,"[22:00,23:00)",8385,7058
R014C011,2026-09-21,"[18:00,19:00)",47358,37491
R007C011,2026-09-21,"[05:00,06:00)",2281,1544
R012C009,2026-09-21,"[10:00,11:00)",105276,71117
R011C010,2026-09-21,"[04:00,05:00)",8379,5521
R008C009,2026-09-21,"[18:00,19:00)",79869,63012
R017C019,2026-09-21,"[13:00,14:00)",15007,11889
R013C021,2026-09-21,"[16:00,17:00)",2716,2496
R012C005,2026-09-21,"[10:00,11:00)",22989,15407
R014C012,2026-09-21,"[05:00,06:00)",5640,4591
R005C010,2026-09-21,"[16:00,17:00)",14638,12924
R017C011,2026-09-21,"[16:00,17:00)",10534,9716
R010C014,2026-09-21,"[05:00,06:00)",6321,4699
R011C018,2026-09-21,"[19:00,20:00)",40351,26869
R005C009,2026-09-21,"[20:00,21:00)",4494,3334
R013C008,2026-09-21,"[05:00,06:00)",998,907
R015C012,2026-09-21,"[23:00,00:00)",3412,2891
R014C003,2026-09-21,"[05:00,06:00)",79,79
R009C010,2026-09-21,"[02:00,03:00)",5117,3438
R011C003,2026-09-21,"[04:00,05:00)",961,762
R025C008,2026-09-21,"[03:00,04:00)",12,12
R014C015,2026-09-21,"[20:00,21:00)",35344,25174
R005C014,2026-09-21,"[17:00,18:00)",21513,17180
R010C013,2026-09-21,"[10:00,11:00)",36002,29090
R006C012,2026-09-21,"[11:00,12:00)",21068,19101
R014C013,2026-09-21,"[11:00,12:00)",46946,38440
R016C020,2026-09-21,"[07:00,08:00)",33244,29239
R018C010,2026-09-21,"[13:00,14:00)",17785,14127
R016C003,2026-09-21,"[10:00,11:00)",445,388
R014C012,2026-09-21,"[13:00,14:00)",59470,44879
R012C019,2026-09-21,"[05:00,06:00)",295,295
R011C003,2026-09-21,"[03:00,04:00)",840,668
R015C006,2026-09-21,"[08:00,09:00)",1005,935
R004C012,2026-09-21,"[23:00,00:00)",2880,2443
R013C007,2026-09-21,"[12:00,13:00)",13065,9185
R018C003,2026-09-21,"[21:00,22:00)",91,91
R018C013,2026-09-21,"[20:00,21:00)",427,340
R017C014,2026-09-21,"[13:00,14:00)",837,688
R004C015,2026-09-21,"[20:00,21:00)",4370,3159
R018C010,2026-09-21,"[22:00,23:00)",4130,3547
R011C006,2026-09-21,"[23:00,00:00)",7561,6044
R010C003,2026-09-21,"[15:00,16:00)",46538,37115
R011C006,2026-09-21,"[03:00,04:00)",1356,917
R011C010,2026-09-21,"[21:00,22:00)",112104,75076
R011C000,2026-09-21,"[10:00,11:00)",26335,25402
R015C003,2026-09-21,"[21:00,22:00)",517,472
R012C009,2026-09-21,"[05:00,06:00)",7509,6029
R009C011,2026-09-21,"[03:00,04:00)",4441,3360
R017C014,2026-09-21,"[23:00,00:00)",139,115
R025C008,2026-09-21,"[16:00,17:00)",880,546
R017C017,2026-09-21,"[23:00,00:00)",166,154
R018C014,2026-09-21,"[17:00,18:00)",1883,1661
R012C002,2026-09-21,"[18:00,19:00)",17449,13595
R008C004,2026-09-21,"[23:00,00:00)",13015,10092
R004C011,2026-09-21,"[14:00,15:00)",22586,17194
R012C008,2026-09-21,"[05:00,06:00)",3045,2451
R020C014,2026-09-21,"[02:00,03:00)",172,96
R004C010,2026-09-21,"[20:00,21:00)",938,824
R015C020,2026-09-21,"[10:00,11:00)",3297,2567
R011C007,2026-09-21,"[17:00,18:00)",109269,79332
R016C006,2026-09-21,"[04:00,05:00)",111,67
R019C005,2026-09-21,"[04:00,05:00)",669,443
R006C015,2026-09-21,"[06:00,07:00)",19075,15314
R009C000,2026-09-21,"[22:00,23:00)",227,227
R017C006,2026-09-21,"[11:00,12:00)",1012,976
R009C007,2026-09-21,"[07:00,08:00)",64315,51441
R017C011,2026-09-21,"[15:00,16:00)",9323,8478
R005C010,2026-09-21,"[03:00,04:00)",596,573
R010C012,2026-09-21,"[16:00,17:00)",49117,41457
R020C005,2026-09-21,"[07:00,08:00)",9069,6998
R011C012,2026-09-21,"[17:00,18:00)",73524,58985
R008C007,2026-09-21,"[05:00,06:00)",8221,6907
R009C006,2026-09-21,"[15:00,16:00)",63739,51524
R015C001,2026-09-21,"[20:00,21:00)",376,309
R018C015,2026-09-21,"[06:00,07:00)",2157,1633
R006C011,2026-09-21,"[09:00,10:00)",34445,28469
R016C017,2026-09-21,"[04:00,05:00)",711,687
R024C009,2026-09-21,"[18:00,19:00)",5374,4346
R008C014,2026-09-21,"[10:00,11:00)",53054,43547
R011C018,2026-09-21,"[16:00,17:00)",44898,31917
R016C020,2026-09-21,"[02:00,03:00)",1326,1026
R014C019,2026-09-21,"[02:00,03:00)",329,222
R018C013,2026-09-21,"[02:00,03:00)",36,24
R018C011,2026-09-21,"[09:00,10:00)",7088,6570
R011C011,2026-09-21,"[07:00,08:00)",98672,79428
R005C010,2026-09-21,"[07:00,08:00)",14937,13556
R016C017,2026-09-21,"[12:00,13:00)",11784,10848
R017C018,2026-09-21,"[20:00,21:00)",2745,2558
R021C008,2026-09-21,"[17:00,18:00)",7625,6206
R020C015,2026-09-21,"[05:00,06:00)",47,47
R007C017,2026-09-21,"[06:00,07:00)",3664,3258
R021C007,2026-09-21,"[12:00,13:00)",1130,733
R010C017,2026-09-21,"[22:00,23:00)",9902,7394
R024C005,2026-09-21,"[12:00,13:00)",56,44
R011C015,2026-09-21,"[19:00,20:00)",31676,23295
R024C005,2026-09-21,"[15:00,16:00)",80,57
R011C010,2026-09-21,"[13:00,14:00)",246708,147974
R012C011,2026-09-21,"[06:00,07:00)",33492,26982
R012C004,2026-09-21,"[12:00,13:00)",32219,20308
R009C010,2026-09-21,"[11:00,12:00)",101737,73528
R020C008,2026-09-21,"[14:00,15:00)",13247,8255
R008C003,2026-09-21,"[21:00,22:00)",16982,14596
R009C003,2026-09-21,"[15:00,16:00)",53884,46585
R012C005,2026-09-21,"[21:00,22:00)",9846,7280
R007C006,2026-09-21,"[16:00,17:00)",26840,20620
R022C003,2026-09-21,"[11:00,12:00)",1,1
R019C003,2026-09-21,"[17:00,18:00)",3233,2995
R003C016,2026-09-21,"[12:00,13:00)",2916,2113
R015C003,2026-09-21,"[22:00,23:00)",210,210
R017C002,2026-09-21,"[18:00,19:00)",119,107
R007C013,2026-09-21,"[05:00,06:00)",7834,6565
R008C007,2026-09-21,"[20:00,21:00)",37407,29662
R005C016,2026-09-21,"[20:00,21:00)",11081,9560
R005C008,2026-09-21,"[13:00,14:00)",21140,15482
R012C012,2026-09-21,"[08:00,09:00)",91773,74359
R013C003,2026-09-21,"[16:00,17:00)",11315,9216
R012C014,2026-09-21,"[15:00,16:00)",69509,48030
R006C012,2026-09-21,"[05:00,06:00)",2287,2142
R015C013,2026-09-21,"[04:00,05:00)",859,586
R003C010,2026-09-21,"[09:00,10:00)",5636,3676
R019C013,2026-09-21,"[09:00,10:00)",2029,1589
R011C016,2026-09-21,"[06:00,07:00)",8911,6677
R015C006,2026-09-21,"[13:00,14:00)",924,830
R019C008,2026-09-21,"[04:00,05:00)",161,114
R015C001,2026-09-21,"[14:00,15:00)",485,389
R016C006,2026-09-21,"[20:00,21:00)",417,417
R008C016,2026-09-21,"[02:00,03:00)",244,185
R025C010,2026-09-21,"[12:00,13:00)",1582,1023
R013C003,2026-09-21,"[22:00,23:00)",2445,1841
R007C017,2026-09-21,"[19:00,20:00)",3007,2670
R012C010,2026-09-21,"[07:00,08:00)",129343,96983
R012C011,2026-09-21,"[03:00,04:00)",4473,2990
R014C017,2026-09-21,"[17:00,18:00)",26703,21736
R023C010,2026-09-21,"[10:00,11:00)",928,785
R024C011,2026-09-21,"[05:00,06:00)",275,242
R013C014,2026-09-21,"[16:00,17:00)",49448,39554
R018C009,2026-09-21,"[05:00,06:00)",1132,725
R018C004,2026-09-21,"[12:00,13:00)",2140,2017
R009C013,2026-09-21,"[17:00,18:00)",97501,77559
R012C007,2026-09-21,"[04:00,05:00)",1271,928
R025C011,2026-09-21,"[18:00,19:00)",3976,2965
R024C010,2026-09-21,"[19:00,20:00)",1004,873
R015C016,2026-09-21,"[19:00,20:00)",34433,26661
R011C012,2026-09-21,"[15:00,16:00)",60992,47836
R018C001,2026-09-21,"[10:00,11:00)",498,341
R005C014,2026-09-21,"[03:00,04:00)",1061,777
R015C005,2026-09-21,"[21:00,22:00)",348,321
R015C021,2026-09-21,"[08:00,09:00)",16342,13534
R010C000,2026-09-21,"[03:00,04:00)",689,653
R007C011,2026-09-21,"[07:00,08:00)",13252,11162
R003C013,2026-09-21,"[03:00,04:00)",1302,1080
R017C018,2026-09-21,"[11:00,12:00)",3577,3230
R003C018,2026-09-21,"[10:00,11:00)",11492,9941
R008C011,2026-09-21,"[20:00,21:00)",9934,9299
R018C017,2026-09-21,"[16:00,17:00)",438,391
R017C000,2026-09-21,"[10:00,11:00)",302,259
R018C009,2026-09-21,"[11:00,12:00)",6905,3995
R024C007,2026-09-21,"[18:00,19:00)",1118,809
R022C007,2026-09-21,"[11:00,12:00)",2668,1800
R001C019,2026-09-21,"[06:00,07:00)",11358,9074
R005C016,2026-09-21,"[23:00,00:00)",2252,1990
R011C016,2026-09-21,"[19:00,20:00)",19248,15311
R015C016,2026-09-21,"[20:00,21:00)",25605,19725
R017C013,2026-09-21,"[03:00,04:00)",95,59
R016C005,2026-09-21,"[14:00,15:00)",1559,1128
R013C003,2026-09-21,"[17:00,18:00)",12151,9772
R011C014,2026-09-21,"[02:00,03:00)",2794,1664
R023C006,2026-09-21,"[02:00,03:00)",315,124
R012C011,2026-09-21,"[10:00,11:00)",85671,65643
R021C004,2026-09-21,"[03:00,04:00)",52,32
R022C006,2026-09-21,"[02:00,03:00)",144,72
R021C009,2026-09-21,"[14:00,15:00)",11904,8964
R012C005,2026-09-21,"[15:00,16:00)",27032,18773
R024C010,2026-09-21,"[10:00,11:00)",809,638
R023C009,2026-09-21,"[12:00,13:00)",6126,4134
R013C011,2026-09-21,"[04:00,05:00)",3581,2708
R009C005,2026-09-21,"[08:00,09:00)",82119,58408
R017C003,2026-09-21,"[03:00,04:00)",23,23
R022C004,2026-09-21,"[08:00,09:00)",149,149
R003C017,2026-09-21,"[09:00,10:00)",15367,13058
R011C003,2026-09-21,"[09:00,10:00)",23990,17775
R015C017,2026-09-21,"[13:00,14:00)",41592,31089
R011C017,2026-09-21,"[03:00,04:00)",1629,1346
R014C010,2026-09-21,"[21:00,22:00)",15296,11482
R023C004,2026-09-21,"[10:00,11:00)",80,80
R009C016,2026-09-21,"[18:00,19:00)",28941,24426
R015C009,2026-09-21,"[15:00,16:00)",7407,4479
R011C008,2026-09-21,"[18:00,19:00)",97368,73382
R011C017,2026-09-21,"[10:00,11:00)",29975,23025
R002C018,2026-09-21,"[10:00,11:00)",14796,11831
R012C001,2026-09-21,"[13:00,14:00)",8916,7631
R006C015,2026-09-21,"[03:00,04:00)",1430,923
R022C012,2026-09-21,"[21:00,22:00)",1979,1725
R012C015,2026-09-21,"[13:00,14:00)",24364,20038
R004C017,2026-09-21,"[02:00,03:00)",641,387
R016C020,2026-09-21,"[15:00,16:00)",31480,24481
R004C015,2026-09-21,"[16:00,17:00)",9728,7050
R016C004,2026-09-21,"[22:00,23:00)",666,460
R010C015,2026-09-21,"[21:00,22:00)",21144,15398
R010C017,2026-09-21,"[05:00,06:00)",5508,4125
R019C010,2026-09-21,"[15:00,16:00)",25035,18528
R017C008,2026-09-21,"[15:00,16:00)",2990,2647
R009C001,2026-09-21,"[23:00,00:00)",481,425
R015C019,2026-09-21,"[13:00,14:00)",11147,10298
R015C006,2026-09-21,"[21:00,22:00)",244,244
R008C006,2026-09-21,"[06:00,07:00)",18645,16261
R019C015,2026-09-21,"[05:00,06:00)",241,233
R004C007,2026-09-21,"[06:00,07:00)",11763,9428
R009C010,2026-09-21,"[12:00,13:00)",112675,81620
R020C011,2026-09-21,"[04:00,05:00)",715,632
R009C003,2026-09-21,"[22:00,23:00)",11380,9826
R014C012,2026-09-21,"[09:00,10:00)",64206,51298
R012C009,2026-09-21,"[11:00,12:00)",105285,69759
R019C011,2026-09-21,"[10:00,11:00)",17978,12186
R011C004,2026-09-21,"[02:00,03:00)",807,503
R003C012,2026-09-21,"[22:00,23:00)",5392,4808
R021C010,2026-09-21,"[17:00,18:00)",16294,13951
R009C002,2026-09-21,"[04:00,05:00)",1378,1323
R013C009,2026-09-21,"[04:00,05:00)",1019,798
R015C012,2026-09-21,"[10:00,11:00)",24748,20046
R011C015,2026-09-21,"[03:00,04:00)",1146,782
R021C004,2026-09-21,"[22:00,23:00)",154,130
R017C019,2026-09-21,"[23:00,00:00)",1522,1285
R008C018,2026-09-21,"[08:00,09:00)",5343,3787
R004C018,2026-09-21,"[09:00,10:00)",11835,8586
R015C021,2026-09-21,"[13:00,14:00)",9746,8003
R001C020,2026-09-21,"[22:00,23:00)",2909,2613
R011C016,2026-09-21,"[03:00,04:00)",909,591
R021C009,2026-09-21,"[18:00,19:00)",19365,15219
R014C011,2026-09-21,"[14:00,15:00)",43342,33058
R014C019,2026-09-21,"[21:00,22:00)",2426,1355
R018C002,2026-09-21,"[11:00,12:00)",917,621
R014C004,2026-09-21,"[12:00,13:00)",6338,4975
R005C008,2026-09-21,"[02:00,03:00)",1400,882
R008C006,2026-09-21,"[11:00,12:00)",43322,36358
R006C006,2026-09-21,"[22:00,23:00)",3274,2606
R022C012,2026-09-21,"[17:00,18:00)",8725,7478
R004C012,2026-09-21,"[07:00,08:00)",37479,32433
R014C018,2026-09-21,"[19:00,20:00)",21877,16727
R009C004,2026-09-21,"[10:00,11:00)",45403,37219
R018C000,2026-09-21,"[05:00,06:00)",140,120
R011C002,2026-09-21,"[10:00,11:00)",28422,22643
R019C009,2026-09-21,"[10:00,11:00)",6798,5024
R017C007,2026-09-21,"[08:00,09:00)",4781,4226
R012C014,2026-09-21,"[10:00,11:00)",44398,31587
R019C003,2026-09-21,"[22:00,23:00)",182,127
R018C010,2026-09-21,"[12:00,13:00)",17041,13160
R024C004,2026-09-21,"[17:00,18:00)",2383,2343
R010C004,2026-09-21,"[22:00,23:00)",6379,4532
R015C008,2026-09-21,"[12:00,13:00)",4695,3719
R011C016,2026-09-21,"[22:00,23:00)",5217,3720
R005C013,2026-09-21,"[14:00,15:00)",2882,2320
R016C000,2026-09-21,"[17:00,18:00)",62,43
R012C021,2026-09-21,"[08:00,09:00)",7242,6718
R020C004,2026-09-21,"[07:00,08:00)",4517,3452
R011C008,2026-09-21,"[04:00,05:00)",4214,3480
R019C011,2026-09-21,"[02:00,03:00)",1195,617
R014C003,2026-09-21,"[17:00,18:00)",1916,1904
R017C011,2026-09-21,"[13:00,14:00)",7849,7097
R017C016,2026-09-21,"[18:00,19:00)",4601,3407
R022C008,2026-09-21,"[08:00,09:00)",8395,5693
R005C013,2026-09-21,"[02:00,03:00)",315,197
R017C016,2026-09-21,"[13:00,14:00)",2937,2340
R013C018,2026-09-21,"[15:00,16:00)",25542,20933
R024C008,2026-09-21,"[21:00,22:00)",1504,1016
R012C002,2026-09-21,"[07:00,08:00)",14598,12273
R016C017,2026-09-21,"[20:00,21:00)",9075,8702
R020C005,2026-09-21,"[16:00,17:00)",10417,7587
R021C015,2026-09-21,"[06:00,07:00)",59,36
R024C009,2026-09-21,"[04:00,05:00)",123,79
R016C008,2026-09-21,"[15:00,16:00)",7415,4969
R013C012,2026-09-21,"[03:00,04:00)",2709,1910
R017C017,2026-09-21,"[14:00,15:00)",2656,2503
R020C004,2026-09-21,"[08:00,09:00)",5043,3692
R016C008,2026-09-21,"[13:00,14:00)",6720,4330
R021C013,2026-09-21,"[20:00,21:00)",3013,2149
R008C007,2026-09-21,"[02:00,03:00)",3067,2155
R009C000,2026-09-21,"[05:00,06:00)",350,329
R010C009,2026-09-21,"[03:00,04:00)",6072,3704
R013C007,2026-09-21,"[22:00,23:00)",3414,2476
R012C015,2026-09-21,"[18:00,19:00)",29560,24998
R013C009,2026-09-21,"[02:00,03:00)",1170,631
R009C014,2026-09-21,"[04:00,05:00)",4635,3468
R010C009,2026-09-21,"[17:00,18:00)",260032,180291
R019C013,2026-09-21,"[07:00,08:00)",1384,1282
R022C007,2026-09-21,"[18:00,19:00)",2637,1866
R017C004,2026-09-21,"[02:00,03:00)",24,24
R005C010,2026-09-21,"[11:00,12:00)",9657,8214
R013C013,2026-09-21,"[18:00,19:00)",93308,72622
R011C014,2026-09-21,"[20:00,21:00)",40610,30285
R012C009,2026-09-21,"[03:00,04:00)",2172,1603
R023C009,2026-09-21,"[22:00,23:00)",1823,1255
R005C008,2026-09-21,"[08:00,09:00)",28040,22697
R013C015,2026-09-21,"[10:00,11:00)",14539,12489
R025C011,2026-09-21,"[14:00,15:00)",1557,1224
R010C016,2026-09-21,"[07:00,08:00)",46126,37334
R023C011,2026-09-21,"[08:00,09:00)",8978,7494
R001C019,2026-09-21,"[21:00,22:00)",8287,6442
R024C009,2026-09-21,"[23:00,00:00)",433,320
R001C021,2026-09-21,"[08:00,09:00)",26320,23418
R014C007,2026-09-21,"[22:00,23:00)",1975,1313
R013C017,2026-09-21,"[10:00,11:00)",18914,13749
R002C018,2026-09-21,"[22:00,23:00)",3610,2818
R018C007,2026-09-21,"[19:00,20:00)",3523,3260
R006C015,2026-09-21,"[11:00,12:00)",28379,21086
R022C014,2026-09-21,"[03:00,04:00)",32,32
R005C007,2026-09-21,"[15:00,16:00)",23449,18696
R017C015,2026-09-21,"[12:00,13:00)",1352,1257
R004C018,2026-09-21,"[19:00,20:00)",8999,7856
R025C008,2026-09-21,"[13:00,14:00)",564,314
R018C011,2026-09-21,"[03:00,04:00)",147,127
R020C011,2026-09-21,"[13:00,14:00)",11880,9807
R019C013,2026-09-21,"[16:00,17:00)",2001,1628
R010C007,2026-09-21,"[09:00,10:00)",97481,81467
R017C000,2026-09-21,"[20:00,21:00)",177,141
R008C010,2026-09-21,"[11:00,12:00)",19172,16829
R008C010,2026-09-21,"[12:00,13:00)",20093,18167
R006C007,2026-09-21,"[15:00,16:00)",32875,23421
R011C002,2026-09-21,"[03:00,04:00)",1144,913
R015C012,2026-09-21,"[04:00,05:00)",1204,1022
R006C013,2026-09-21,"[05:00,06:00)",2825,2656
R024C004,2026-09-21,"[10:00,11:00)",112,112
R009C006,2026-09-21,"[19:00,20:00)",41505,34711
R017C006,2026-09-21,"[14:00,15:00)",1090,987
R014C011,2026-09-21,"[09:00,10:00)",47220,38083
R010C005,2026-09-21,"[13:00,14:00)",28028,20833
R020C005,2026-09-21,"[22:00,23:00)",1776,1162
R015C005,2026-09-21,"[19:00,20:00)",762,608
R020C005,2026-09-21,"[19:00,20:00)",7870,5197
R013C020,2026-09-21,"[22:00,23:00)",1306,736
R020C012,2026-09-21,"[07:00,08:00)",2967,2537
R006C016,2026-09-21,"[21:00,22:00)",4480,4004
R014C009,2026-09-21,"[02:00,03:00)",332,237
R014C016,2026-09-21,"[07:00,08:00)",24768,22041
R013C017,2026-09-21,"[07:00,08:00)",29588,24271
R007C007,2026-09-21,"[11:00,12:00)",52395,39837
R014C005,2026-09-21,"[20:00,21:00)",2265,1949
R005C011,2026-09-21,"[05:00,06:00)",3780,2908
R006C014,2026-09-21,"[23:00,00:00)",6130,4642
R012C004,2026-09-21,"[23:00,00:00)",4202,3286
R007C017,2026-09-21,"[14:00,15:00)",6121,4600
R010C013,2026-09-21,"[23:00,00:00)",4855,4278
R010C010,2026-09-21,"[15:00,16:00)",203196,138257
R018C003,2026-09-21,"[08:00,09:00)",476,464
R019C011,2026-09-21,"[08:00,09:00)",31042,24067
R014C020,2026-09-21,"[20:00,21:00)",1033,657
R015C020,2026-09-21,"[12:00,13:00)",3620,2867
R004C015,2026-09-21,"[08:00,09:00)",11021,8578
R004C014,2026-09-21,"[19:00,20:00)",2420,1779
R011C007,2026-09-21,"[07:00,08:00)",80516,62952
R003C018,2026-09-21,"[05:00,06:00)",1281,1184
R018C007,2026-09-21,"[11:00,12:00)",4856,4149
R019C003,2026-09-21,"[06:00,07:00)",765,698
R014C013,2026-09-21,"[15:00,16:00)",61301,51653
R009C003,2026-09-21,"[07:00,08:00)",49747,45533
R017C012,2026-09-21,"[10:00,11:00)",5899,3957
R015C009,2026-09-21,"[04:00,05:00)",178,122
R015C010,2026-09-21,"[03:00,04:00)",577,403
R018C012,2026-09-21,"[06:00,07:00)",580,510
R009C010,2026-09-21,"[09:00,10:00)",102110,78111
R010C000,2026-09-21,"[09:00,10:00)",16852,15645
R015C015,2026-09-21,"[08:00,09:00)",44602,37830
R018C009,2026-09-21,"[23:00,00:00)",512,358
R010C015,2026-09-21,"[05:00,06:00)",6675,4677
R008C009,2026-09-21,"[11:00,12:00)",70130,53617
R024C008,2026-09-21,"[12:00,13:00)",3111,2117
R017C014,2026-09-21,"[12:00,13:00)",892,735
R007C011,2026-09-21,"[09:00,10:00)",12573,9782
R013C014,2026-09-21,"[08:00,09:00)",54367,44151
R005C015,2026-09-21,"[16:00,17:00)",37888,27105
R017C000,2026-09-21,"[21:00,22:00)",32,32
R018C011,2026-09-21,"[08:00,09:00)",10687,10159
R021C007,2026-09-21,"[03:00,04:00)",103,79
R010C017,2026-09-21,"[06:00,07:00)",17220,13279
R023C003,2026-09-21,"[16:00,17:00)",40,40
R017C006,2026-09-21,"[12:00,13:00)",989,910
R013C017,2026-09-21,"[15:00,16:00)",28286,21183
R021C011,2026-09-21,"[04:00,05:00)",84,84
R017C010,2026-09-21,"[05:00,06:00)",2847,2477
R008C017,2026-09-21,"[23:00,00:00)",172,164
R022C007,2026-09-21,"[06:00,07:00)",1384,1061
R021C013,2026-09-21,"[02:00,03:00)",462,207
R007C007,2026-09-21,"[14:00,15:00)",63324,47478
R019C001,2026-09-21,"[18:00,19:00)",151,139
R011C002,2026-09-21,"[18:00,19:00)",45139,37918
R025C009,2026-09-21,"[15:00,16:00)",1257,913
R016C016,2026-09-21,"[18:00,19:00)",5252,4212
R009C009,2026-09-21,"[09:00,10:00)",74336,64343
R018C014,2026-09-21,"[05:00,06:00)",300,217
R015C005,2026-09-21,"[23:00,00:00)",115,92
R022C009,2026-09-21,"[10:00,11:00)",7332,5191
R016C012,2026-09-21,"[05:00,06:00)",1917,1481
R013C011,2026-09-21,"[17:00,18:00)",139908,106626
R012C019,2026-09-21,"[14:00,15:00)",3970,3806
R012C006,2026-09-21,"[20:00,21:00)",18297,13361
R020C004,2026-09-21,"[02:00,03:00)",376,190
R006C006,2026-09-21,"[18:00,19:00)",17487,13705
R015C003,2026-09-21,"[23:00,00:00)",104,94
R015C006,2026-09-21,"[17:00,18:00)",870,838
R006C013,2026-09-21,"[02:00,03:00)",1079,747
R016C012,2026-09-21,"[14:00,15:00)",22083,16254
R025C009,2026-09-21,"[07:00,08:00)",2072,1765
R011C016,2026-09-21,"[18:00,19:00)",24554,19526
R024C009,2026-09-21,"[19:00,20:00)",3467,2713
R003C011,2026-09-21,"[12:00,13:00)",7890,6011
R013C021,2026-09-21,"[22:00,23:00)",506,402
R003C015,2026-09-21,"[16:00,17:00)",1586,1012
R018C012,2026-09-21,"[20:00,21:00)",2370,1688
R018C003,2026-09-21,"[19:00,20:00)",358,346
R002C018,2026-09-21,"[02:00,03:00)",557,330
R022C009,2026-09-21,"[23:00,00:00)",1182,904
R023C007,2026-09-21,"[08:00,09:00)",2760,2029
R014C014,2026-09-21,"[15:00,16:00)",59829,46411
R025C008,2026-09-21,"[21:00,22:00)",909,492
R022C006,2026-09-21,"[18:00,19:00)",1591,954
R016C013,2026-09-21,"[10:00,11:00)",4669,3569
R018C006,2026-09-21,"[02:00,03:00)",393,242
R022C010,2026-09-21,"[09:00,10:00)",4954,4673
R010C005,2026-09-21,"[17:00,18:00)",40199,33234
R010C005,2026-09-21,"[08:00,09:00)",42192,34188
R023C011,2026-09-21,"[15:00,16:00)",4235,3417
R018C001,2026-09-21,"[13:00,14:00)",537,365
R012C010,2026-09-21,"[05:00,06:00)",10258,7960
R017C001,2026-09-21,"[11:00,12:00)",190,166
R014C021,2026-09-21,"[14:00,15:00)",2569,2141
R012C003,2026-09-21,"[04:00,05:00)",1351,993
R011C006,2026-09-21,"[20:00,21:00)",31708,24955
R016C005,2026-09-21,"[13:00,14:00)",1875,1428
R005C016,2026-09-21,"[18:00,19:00)",22994,20440
R011C013,2026-09-21,"[23:00,00:00)",9486,7890
R025C010,2026-09-21,"[17:00,18:00)",4534,3596
R010C006,2026-09-21,"[10:00,11:00)",56218,44745
R010C005,2026-09-21,"[12:00,13:00)",27261,20035
R016C015,2026-09-21,"[02:00,03:00)",24,24
R009C001,2026-09-21,"[11:00,12:00)",2888,2694
R012C003,2026-09-21,"[08:00,09:00)",35805,26422
R006C016,2026-09-21,"[10:00,11:00)",11843,10240
R021C008,2026-09-21,"[12:00,13:00)",5230,3583
R017C005,2026-09-21,"[06:00,07:00)",1009,875
R018C012,2026-09-21,"[03:00,04:00)",111,56
R013C003,2026-09-21,"[13:00,14:00)",9153,7274
R011C017,2026-09-21,"[02:00,03:00)",1563,1200
R023C012,2026-09-21,"[06:00,07:00)",1741,1687
R018C013,2026-09-21,"[11:00,12:00)",2633,1881
R015C010,2026-09-21,"[10:00,11:00)",23625,16576
R014C015,2026-09-21,"[19:00,20:00)",48225,34376
R017C005,2026-09-21,"[12:00,13:00)",1541,1216
R003C008,2026-09-21,"[19:00,20:00)",482,450
R014C018,2026-09-21,"[21:00,22:00)",9380,7404
R001C021,2026-09-21,"[14:00,15:00)",19615,17025
R006C006,2026-09-21,"[13:00,14:00)",12153,9164
R020C007,2026-09-21,"[10:00,11:00)",6081,3040
R019C008,2026-09-21,"[19:00,20:00)",1414,1115
R014C018,2026-09-21,"[22:00,23:00)",5836,4580
R004C016,2026-09-21,"[07:00,08:00)",25338,21761
R022C009,2026-09-21,"[06:00,07:00)",4358,3574
R016C011,2026-09-21,"[14:00,15:00)",17578,14825
R020C003,2026-09-21,"[08:00,09:00)",521,501
R011C018,2026-09-21,"[13:00,14:00)",40105,26808
R014C013,2026-09-21,"[23:00,00:00)",6943,5996
R025C011,2026-09-21,"[02:00,03:00)",99,46
R015C006,2026-09-21,"[03:00,04:00)",46,46
R011C012,2026-09-21,"[11:00,12:00)",44422,35101
R008C016,2026-09-21,"[16:00,17:00)",7218,5711
R012C012,2026-09-21,"[19:00,20:00)",64053,49742
R009C016,2026-09-21,"[14:00,15:00)",26879,22784
R016C008,2026-09-21,"[17:00,18:00)",5383,4232
R012C011,2026-09-21,"[17:00,18:00)",163179,122612
R004C011,2026-09-21,"[09:00,10:00)",21840,17259
R018C013,2026-09-21,"[18:00,19:00)",1460,1215
R016C015,2026-09-21,"[05:00,06:00)",110,87
R004C010,2026-09-21,"[05:00,06:00)",215,163
R022C010,2026-09-21,"[20:00,21:00)",2532,2406
R021C006,2026-09-21,"[11:00,12:00)",326,282
R012C020,2026-09-21,"[12:00,13:00)",3076,2992
R021C015,2026-09-21,"[19:00,20:00)",72,60
R003C016,2026-09-21,"[18:00,19:00)",2374,2112
R010C015,2026-09-21,"[15:00,16:00)",52500,37003
R014C016,2026-09-21,"[20:00,21:00)",12021,10296
R009C004,2026-09-21,"[03:00,04:00)",2325,1962
R015C013,2026-09-21,"[16:00,17:00)",26350,20542
R023C010,2026-09-21,"[07:00,08:00)",1805,1781
R016C017,2026-09-21,"[19:00,20:00)",11764,11349
R014C017,2026-09-21,"[08:00,09:00)",31104,24904
R009C017,2026-09-21,"[09:00,10:00)",20780,16563
R012C019,2026-09-21,"[23:00,00:00)",408,408
R012C020,2026-09-21,"[03:00,04:00)",287,287
R010C018,2026-09-21,"[09:00,10:00)",27723,22043
R010C017,2026-09-21,"[04:00,05:00)",2786,2137
R021C014,2026-09-21,"[11:00,12:00)",1214,874
R019C014,2026-09-21,"[12:00,13:00)",1853,1661
R016C018,2026-09-21,"[06:00,07:00)",9749,8984
R004C008,2026-09-21,"[07:00,08:00)",6923,6174
R019C001,2026-09-21,"[07:00,08:00)",24,24
R021C010,2026-09-21,"[13:00,14:00)",8758,7391
R021C008,2026-09-21,"[21:00,22:00)",2014,1509
R010C013,2026-09-21,"[06:00,07:00)",18947,15863
R017C007,2026-09-21,"[03:00,04:00)",206,159
R024C007,2026-09-21,"[13:00,14:00)",1087,808
R011C014,2026-09-21,"[22:00,23:00)",15424,11224
R025C009,2026-09-21,"[03:00,04:00)",59,24
R017C002,2026-09-21,"[12:00,13:00)",319,248
R014C014,2026-09-21,"[08:00,09:00)",72291,57574
R012C003,2026-09-21,"[02:00,03:00)",1333,802
R017C001,2026-09-21,"[17:00,18:00)",135,135
R016C013,2026-09-21,"[15:00,16:00)",6408,5062
R017C010,2026-09-21,"[20:00,21:00)",12869,11211
R003C017,2026-09-21,"[08:00,09:00)",18494,16961
R013C014,2026-09-21,"[23:00,00:00)",4040,3358
R013C010,2026-09-21,"[21:00,22:00)",25406,19039
R005C008,2026-09-21,"[19:00,20:00)",20510,15332
R013C012,2026-09-21,"[07:00,08:00)",108966,86372
R009C008,2026-09-21,"[03:00,04:00)",1413,1000
R006C012,2026-09-21,"[06:00,07:00)",9062,8705
R021C012,2026-09-21,"[23:00,00:00)",341,233
R019C012,2026-09-21,"[03:00,04:00)",211,123
R019C004,2026-09-21,"[10:00,11:00)",4619,3063
R018C017,2026-09-21,"[18:00,19:00)",382,335
R010C016,2026-09-21,"[15:00,16:00)",43743,32602
R010C008,2026-09-21,"[14:00,15:00)",145500,105312
R015C005,2026-09-21,"[18:00,19:00)",853,778
R012C019,2026-09-21,"[16:00,17:00)",4861,4741
R014C011,2026-09-21,"[20:00,21:00)",22790,18157
R007C013,2026-09-21,"[09:00,10:00)",54271,44479
R011C011,2026-09-21,"[23:00,00:00)",17435,13464
R017C008,2026-09-21,"[18:00,19:00)",2452,2180
R007C006,2026-09-21,"[21:00,22:00)",9204,6799
R018C005,2026-09-21,"[14:00,15:00)",1479,1349
R017C007,2026-09-21,"[12:00,13:00)",5058,4211
R013C007,2026-09-21,"[08:00,09:00)",14141,10732
R016C003,2026-09-21,"[21:00,22:00)",89,77
R011C014,2026-09-21,"[21:00,22:00)",27075,20696
R020C004,2026-09-21,"[03:00,04:00)",302,199
R008C004,2026-09-21,"[08:00,09:00)",93567,70704
R004C011,2026-09-21,"[06:00,07:00)",8575,7371
R015C020,2026-09-21,"[23:00,00:00)",511,448
R010C004,2026-09-21,"[07:00,08:00)",32965,26522
R017C012,2026-09-21,"[07:00,08:00)",5715,4492
R007C009,2026-09-21,"[20:00,21:00)",39385,31905
R018C000,2026-09-21,"[19:00,20:00)",277,198
R007C007,2026-09-21,"[22:00,23:00)",12572,10066
R013C022,2026-09-21,"[14:00,15:00)",5499,4540
R017C010,2026-09-21,"[12:00,13:00)",19647,15546
R007C005,2026-09-21,"[12:00,13:00)",27072,16080
R011C017,2026-09-21,"[23:00,00:00)",4615,3613
R020C009,2026-09-21,"[09:00,10:00)",13454,9517
R015C005,2026-09-21,"[02:00,03:00)",56,44
R015C018,2026-09-21,"[09:00,10:00)",24189,21189
R003C019,2026-09-21,"[06:00,07:00)",2481,2481
R015C003,2026-09-21,"[09:00,10:00)",1978,1786
R016C003,2026-09-21,"[12:00,13:00)",391,348
R010C009,2026-09-21,"[18:00,19:00)",200046,142029
R006C013,2026-09-21,"[11:00,12:00)",15148,13027
R010C007,2026-09-21,"[19:00,20:00)",76428,61903
R013C020,2026-09-21,"[20:00,21:00)",2219,1350
R016C011,2026-09-21,"[06:00,07:00)",7434,6374
R005C013,2026-09-21,"[20:00,21:00)",3121,2483
R018C008,2026-09-21,"[18:00,19:00)",2010,1718
R009C002,2026-09-21,"[10:00,11:00)",23192,20464
R017C003,2026-09-21,"[09:00,10:00)",436,400
R007C011,2026-09-21,"[19:00,20:00)",8741,7220
R006C008,2026-09-21,"[16:00,17:00)",46702,33605
R004C009,2026-09-21,"[14:00,15:00)",726,566
R013C013,2026-09-21,"[21:00,22:00)",34882,28239
R017C005,2026-09-21,"[19:00,20:00)",1031,846
R017C013,2026-09-21,"[09:00,10:00)",5399,3726
R013C017,2026-09-21,"[04:00,05:00)",1197,874
R006C016,2026-09-21,"[18:00,19:00)",13242,12216
R019C007,2026-09-21,"[15:00,16:00)",6222,4155
R009C001,2026-09-21,"[19:00,20:00)",1994,1906
R008C013,2026-09-21,"[13:00,14:00)",114401,82058
R025C008,2026-09-21,"[10:00,11:00)",327,208
R024C007,2026-09-21,"[02:00,03:00)",52,40
R006C006,2026-09-21,"[19:00,20:00)",12577,9688
R015C002,2026-09-21,"[21:00,22:00)",1059,700
R014C021,2026-09-21,"[08:00,09:00)",2828,2265
R012C013,2026-09-21,"[18:00,19:00)",82318,58740
R014C008,2026-09-21,"[17:00,18:00)",5450,4257
R019C013,2026-09-21,"[23:00,00:00)",59,24
R018C001,2026-09-21,"[19:00,20:00)",634,383
R021C009,2026-09-21,"[09:00,10:00)",11887,9485
R016C004,2026-09-21,"[23:00,00:00)",248,224
R025C007,2026-09-21,"[12:00,13:00)",101,101
R001C020,2026-09-21,"[20:00,21:00)",8499,7806
R018C016,2026-09-21,"[04:00,05:00)",64,64
R013C009,2026-09-21,"[15:00,16:00)",39295,28263
R013C013,2026-09-21,"[09:00,10:00)",73021,56928
R010C018,2026-09-21,"[14:00,15:00)",31530,24399
R017C010,2026-09-21,"[18:00,19:00)",26664,23066
R021C011,2026-09-21,"[09:00,10:00)",2289,2186
R020C010,2026-09-21,"[23:00,00:00)",3119,2222
R008C017,2026-09-21,"[11:00,12:00)",1274,1091
R014C021,2026-09-21,"[11:00,12:00)",2219,1827
R019C015,2026-09-21,"[09:00,10:00)",2062,1857
R009C015,2026-09-21,"[13:00,14:00)",45579,33549
R018C017,2026-09-21,"[08:00,09:00)",644,612
R009C005,2026-09-21,"[02:00,03:00)",2277,1397
R008C014,2026-09-21,"[16:00,17:00)",77877,66117
R011C004,2026-09-21,"[04:00,05:00)",1050,798
R009C006,2026-09-21,"[21:00,22:00)",21211,18590
R009C002,2026-09-21,"[14:00,15:00)",25373,22094
R004C008,2026-09-21,"[02:00,03:00)",241,192
R024C007,2026-09-21,"[19:00,20:00)",1319,926
R013C014,2026-09-21,"[04:00,05:00)",1248,978
R007C015,2026-09-21,"[05:00,06:00)",3195,2427
R009C013,2026-09-21,"[15:00,16:00)",73906,57973
R015C004,2026-09-21,"[18:00,19:00)",5549,4130
R014C011,2026-09-21,"[06:00,07:00)",11456,9818
R024C007,2026-09-21,"[21:00,22:00)",432,303
R010C010,2026-09-21,"[13:00,14:00)",174897,117739
R009C012,2026-09-21,"[22:00,23:00)",14646,12449
R022C012,2026-09-21,"[03:00,04:00)",156,109
R011C016,2026-09-21,"[14:00,15:00)",25282,18479
R013C011,2026-09-21,"[06:00,07:00)",29022,23698
R022C011,2026-09-21,"[06:00,07:00)",2608,2449
R012C007,2026-09-21,"[18:00,19:00)",27534,20891
R007C011,2026-09-21,"[08:00,09:00)",14575,12013
R022C005,2026-09-21,"[10:00,11:00)",64,64
R009C015,2026-09-21,"[02:00,03:00)",3794,2439
R008C018,2026-09-21,"[10:00,11:00)",4266,2258
R001C020,2026-09-21,"[18:00,19:00)",16843,15579
R011C010,2026-09-21,"[06:00,07:00)",59836,41250
R006C010,2026-09-21,"[08:00,09:00)",33586,28083
R008C009,2026-09-21,"[02:00,03:00)",2475,2055
R022C010,2026-09-21,"[15:00,16:00)",4762,4446
R018C014,2026-09-21,"[08:00,09:00)",2001,1617
R015C009,2026-09-21,"[08:00,09:00)",6416,4658
R012C004,2026-09-21,"[04:00,05:00)",1469,1002
R008C010,2026-09-21,"[04:00,05:00)",1594,1551
R006C009,2026-09-21,"[23:00,00:00)",2731,2111
R018C011,2026-09-21,"[07:00,08:00)",9854,9549
R004C010,2026-09-21,"[03:00,04:00)",16,16
R022C014,2026-09-21,"[05:00,06:00)",108,50
R016C011,2026-09-21,"[22:00,23:00)",5081,4298
R004C016,2026-09-21,"[12:00,13:00)",18782,14716
R009C011,2026-09-21,"[20:00,21:00)",55770,44649
R006C006,2026-09-21,"[12:00,13:00)",11430,8786
R022C008,2026-09-21,"[14:00,15:00)",7282,4535
R022C006,2026-09-21,"[10:00,11:00)",1633,1024
R004C017,2026-09-21,"[13:00,14:00)",24486,17178
R006C016,2026-09-21,"[03:00,04:00)",411,328
R013C003,2026-09-21,"[10:00,11:00)",7831,6422
R018C006,2026-09-21,"[13:00,14:00)",5519,4146
R017C012,2026-09-21,"[20:00,21:00)",5224,3585
R004C010,2026-09-21,"[02:00,03:00)",38,38
R021C008,2026-09-21,"[07:00,08:00)",4182,3610
R013C003,2026-09-21,"[21:00,22:00)",4508,3523
R021C012,2026-09-21,"[21:00,22:00)",898,706
R019C014,2026-09-21,"[13:00,14:00)",2261,2011
R020C006,2026-09-21,"[23:00,00:00)",601,443
R017C003,2026-09-21,"[06:00,07:00)",263,252
R017C007,2026-09-21,"[02:00,03:00)",282,262
R019C011,2026-09-21,"[20:00,21:00)",15584,11240
R005C007,2026-09-21,"[21:00,22:00)",10332,8460
R025C010,2026-09-21,"[10:00,11:00)",1438,1060
R009C008,2026-09-21,"[20:00,21:00)",33004,26698
R014C007,2026-09-21,"[11:00,12:00)",9134,6196
R008C013,2026-09-21,"[10:00,11:00)",89842,68166
R023C004,2026-09-21,"[19:00,20:00)",20,20
R011C006,2026-09-21,"[08:00,09:00)",80740,59132
R011C002,2026-09-21,"[05:00,06:00)",3157,2705
R017C017,2026-09-21,"[20:00,21:00)",1492,1354
R020C003,2026-09-21,"[05:00,06:00)",44,44
R008C018,2026-09-21,"[07:00,08:00)",5139,3774
R008C013,2026-09-21,"[14:00,15:00)",119497,87520
R010C012,2026-09-21,"[12:00,13:00)",37850,30078
R020C014,2026-09-21,"[04:00,05:00)",123,115
R014C019,2026-09-21,"[07:00,08:00)",3632,2907
R009C006,2026-09-21,"[09:00,10:00)",61376,48031
R018C011,2026-09-21,"[06:00,07:00)",3522,3433
R017C012,2026-09-21,"[16:00,17:00)",8062,5876
R005C014,2026-09-21,"[15:00,16:00)",17724,14485
R016C015,2026-09-21,"[17:00,18:00)",835,790
R009C007,2026-09-21,"[11:00,12:00)",55229,38331
R018C013,2026-09-21,"[03:00,04:00)",52,32
R014C012,2026-09-21,"[10:00,11:00)",51914,39176
R011C019,2026-09-21,"[21:00,22:00)",765,745
R005C008,2026-09-21,"[22:00,23:00)",5931,4499
R019C001,2026-09-21,"[10:00,11:00)",172,108
R021C011,2026-09-21,"[11:00,12:00)",2220,2153
R005C009,2026-09-21,"[23:00,00:00)",1213,814
R010C004,2026-09-21,"[09:00,10:00)",28690,20831
R014C006,2026-09-21,"[06:00,07:00)",3382,2722
R014C010,2026-09-21,"[14:00,15:00)",41181,30437
R012C005,2026-09-21,"[23:00,00:00)",3249,2551
R003C018,2026-09-21,"[15:00,16:00)",15053,13096
R016C019,2026-09-21,"[20:00,21:00)",19455,17216
R014C011,2026-09-21,"[05:00,06:00)",2743,2280
R024C011,2026-09-21,"[18:00,19:00)",1514,1306
R012C021,2026-09-21,"[19:00,20:00)",4255,3864
R010C007,2026-09-21,"[20:00,21:00)",56534,46720
R015C008,2026-09-21,"[06:00,07:00)",4017,3712
R019C015,2026-09-21,"[08:00,09:00)",2712,2540
R004C014,2026-09-21,"[23:00,00:00)",364,267
R021C006,2026-09-21,"[21:00,22:00)",241,217
R008C018,2026-09-21,"[20:00,21:00)",3271,1997
R007C011,2026-09-21,"[06:00,07:00)",5671,4794
R021C003,2026-09-21,"[17:00,18:00)",200,180
R017C005,2026-09-21,"[16:00,17:00)",2026,1796
R012C011,2026-09-21,"[12:00,13:00)",104372,76539
R003C008,2026-09-21,"[09:00,10:00)",434,408
R018C009,2026-09-21,"[15:00,16:00)",6966,4387
R016C011,2026-09-21,"[03:00,04:00)",647,508
R003C010,2026-09-21,"[13:00,14:00)",5879,3321
R010C011,2026-09-21,"[10:00,11:00)",71310,52217
R018C008,2026-09-21,"[12:00,13:00)",2198,1770
R022C005,2026-09-21,"[05:00,06:00)",40,40
R024C009,2026-09-21,"[15:00,16:00)",3128,2503
R013C005,2026-09-21,"[16:00,17:00)",14814,10889
R012C006,2026-09-21,"[04:00,05:00)",1354,988
R014C005,2026-09-21,"[10:00,11:00)",5776,4509
R020C009,2026-09-21,"[15:00,16:00)",18006,12094
R010C018,2026-09-21,"[08:00,09:00)",34721,27629
R024C005,2026-09-21,"[08:00,09:00)",787,747
R003C009,2026-09-21,"[21:00,22:00)",152,152
R004C015,2026-09-21,"[17:00,18:00)",11395,8312
R009C009,2026-09-21,"[07:00,08:00)",75689,68950
R006C017,2026-09-21,"[19:00,20:00)",5501,4166
R007C006,2026-09-21,"[02:00,03:00)",1168,717
R022C011,2026-09-21,"[05:00,06:00)",559,527
R022C014,2026-09-21,"[02:00,03:00)",8,8
R016C001,2026-09-21,"[16:00,17:00)",32,32
R022C013,2026-09-21,"[03:00,04:00)",171,99
R008C018,2026-09-21,"[19:00,20:00)",4397,2684
R012C008,2026-09-21,"[10:00,11:00)",48709,35538
R017C009,2026-09-21,"[17:00,18:00)",5879,4515
R001C020,2026-09-21,"[02:00,03:00)",467,376
R011C001,2026-09-21,"[06:00,07:00)",11744,10494
R022C013,2026-09-21,"[12:00,13:00)",2085,1850
R009C006,2026-09-21,"[13:00,14:00)",53416,41752
R012C009,2026-09-21,"[20:00,21:00)",59899,44188
R020C005,2026-09-21,"[04:00,05:00)",626,424
R009C001,2026-09-21,"[17:00,18:00)",4297,4082
R004C010,2026-09-21,"[14:00,15:00)",1288,1055
R024C008,2026-09-21,"[06:00,07:00)",1106,889
R018C014,2026-09-21,"[13:00,14:00)",1899,1449
R007C005,2026-09-21,"[11:00,12:00)",21961,13653
R005C007,2026-09-21,"[08:00,09:00)",30184,26039
R018C015,2026-09-21,"[20:00,21:00)",3365,2051
R009C018,2026-09-21,"[07:00,08:00)",8301,7812
R004C014,2026-09-21,"[20:00,21:00)",1707,1297
R010C018,2026-09-21,"[10:00,11:00)",24453,19116
R014C004,2026-09-21,"[02:00,03:00)",344,119
R013C008,2026-09-21,"[23:00,00:00)",1167,917
R024C004,2026-09-21,"[16:00,17:00)",1021,1021
R003C010,2026-09-21,"[19:00,20:00)",4989,3300
R021C013,2026-09-21,"[19:00,20:00)",4573,3228
R003C018,2026-09-21,"[07:00,08:00)",21226,20064
R011C002,2026-09-21,"[06:00,07:00)",10627,9414
R006C016,2026-09-21,"[20:00,21:00)",6216,5562
R008C017,2026-09-21,"[19:00,20:00)",1005,969
R014C002,2026-09-21,"[14:00,15:00)",2807,1987
R014C013,2026-09-21,"[22:00,23:00)",15608,13292
R021C013,2026-09-21,"[09:00,10:00)",4370,3197
R021C009,2026-09-21,"[04:00,05:00)",770,596
R014C013,2026-09-21,"[16:00,17:00)",74877,61666
R020C012,2026-09-21,"[05:00,06:00)",369,286
R021C011,2026-09-21,"[21:00,22:00)",1208,1116
R008C010,2026-09-21,"[17:00,18:00)",23470,22127
R023C007,2026-09-21,"[11:00,12:00)",2111,1422
R017C018,2026-09-21,"[10:00,11:00)",4225,3786
R010C008,2026-09-21,"[06:00,07:00)",42907,34229
R012C006,2026-09-21,"[18:00,19:00)",30439,22643
R011C001,2026-09-21,"[22:00,23:00)",7683,6866
R015C021,2026-09-21,"[19:00,20:00)",9871,7778
R014C016,2026-09-21,"[12:00,13:00)",15290,12956
R006C016,2026-09-21,"[07:00,08:00)",21745,20451
R019C002,2026-09-21,"[21:00,22:00)",513,316
R015C011,2026-09-21,"[17:00,18:00)",25903,21023
R013C009,2026-09-21,"[08:00,09:00)",47468,36647
R020C013,2026-09-21,"[16:00,17:00)",2705,2275
R015C015,2026-09-21,"[10:00,11:00)",28191,22792
R012C001,2026-09-21,"[10:00,11:00)",7177,6260
R010C016,2026-09-21,"[16:00,17:00)",51698,39003
R017C008,2026-09-21,"[16:00,17:00)",7462,6888
R019C009,2026-09-21,"[07:00,08:00)",10502,8734
R015C002,2026-09-21,"[02:00,03:00)",86,32
R019C009,2026-09-21,"[14:00,15:00)",7287,5742
R015C000,2026-09-21,"[13:00,14:00)",208,173
R014C019,2026-09-21,"[12:00,13:00)",3365,2354
R016C005,2026-09-21,"[05:00,06:00)",349,277
R010C001,2026-09-21,"[08:00,09:00)",37180,34983
R011C001,2026-09-21,"[11:00,12:00)",27436,24324
R023C007,2026-09-21,"[02:00,03:00)",427,112
R005C012,2026-09-21,"[11:00,12:00)",18244,14534
R016C015,2026-09-21,"[14:00,15:00)",476,417
R023C006,2026-09-21,"[09:00,10:00)",1649,963
R011C010,2026-09-21,"[19:00,20:00)",205427,131782
R019C007,2026-09-21,"[03:00,04:00)",502,328
R001C019,2026-09-21,"[13:00,14:00)",18890,14256
R025C009,2026-09-21,"[05:00,06:00)",112,89
R008C007,2026-09-21,"[15:00,16:00)",73752,55882
R006C015,2026-09-21,"[22:00,23:00)",6533,5274
R011C008,2026-09-21,"[23:00,00:00)",12691,10094
R014C002,2026-09-21,"[03:00,04:00)",235,160
R005C006,2026-09-21,"[14:00,15:00)",13146,9378
R007C013,2026-09-21,"[12:00,13:00)",57480,45044
R003C009,2026-09-21,"[10:00,11:00)",325,325
R015C001,2026-09-21,"[05:00,06:00)",41,41
R021C007,2026-09-21,"[13:00,14:00)",1212,746
R017C008,2026-09-21,"[10:00,11:00)",2570,2190
R024C011,2026-09-21,"[22:00,23:00)",146,123
R025C011,2026-09-21,"[19:00,20:00)",3010,2050
R019C006,2026-09-21,"[08:00,09:00)",9597,6948
R013C017,2026-09-21,"[20:00,21:00)",13939,10710
R019C011,2026-09-21,"[03:00,04:00)",1020,659
R018C001,2026-09-21,"[03:00,04:00)",71,47
R018C008,2026-09-21,"[16:00,17:00)",8891,7912
R007C008,2026-09-21,"[13:00,14:00)",65270,51751
R017C014,2026-09-21,"[14:00,15:00)",798,694
R011C010,2026-09-21,"[17:00,18:00)",371792,230684
R005C011,2026-09-21,"[12:00,13:00)",31698,23964
R016C012,2026-09-21,"[17:00,18:00)",30945,23388
R011C002,2026-09-21,"[04:00,05:00)",1264,1072
R017C003,2026-09-21,"[12:00,13:00)",272,229
R016C017,2026-09-21,"[22:00,23:00)",3284,3123
R013C005,2026-09-21,"[03:00,04:00)",362,256
R023C009,2026-09-21,"[20:00,21:00)",4586,3533
R013C021,2026-09-21,"[19:00,20:00)",1757,1645
R013C019,2026-09-21,"[18:00,19:00)",2605,1893
R007C008,2026-09-21,"[18:00,19:00)",71745,59595
R003C018,2026-09-21,"[09:00,10:00)",12354,10830
R019C008,2026-09-21,"[10:00,11:00)",2772,2030
R009C002,2026-09-21,"[03:00,04:00)",1408,1226
R016C006,2026-09-21,"[21:00,22:00)",264,252
R012C008,2026-09-21,"[02:00,03:00)",1228,780
R003C017,2026-09-21,"[17:00,18:00)",19633,17845
R024C010,2026-09-21,"[05:00,06:00)",190,190
R017C012,2026-09-21,"[18:00,19:00)",10039,6497
R017C016,2026-09-21,"[21:00,22:00)",1494,1138
R003C012,2026-09-21,"[06:00,07:00)",9323,8828
R020C008,2026-09-21,"[21:00,22:00)",6551,4007
R014C010,2026-09-21,"[06:00,07:00)",11994,10012
R003C008,2026-09-21,"[11:00,12:00)",455,443
R019C015,2026-09-21,"[20:00,21:00)",1054,867
R019C015,2026-09-21,"[04:00,05:00)",100,91
R019C015,2026-09-21,"[11:00,12:00)",1729,1537
R004C008,2026-09-21,"[08:00,09:00)",7148,5907
R015C007,2026-09-21,"[05:00,06:00)",1135,1099
R008C004,2026-09-21,"[12:00,13:00)",85491,58156
R005C012,2026-09-21,"[03:00,04:00)",1199,971
R011C000,2026-09-21,"[21:00,22:00)",11384,10997
R008C017,2026-09-21,"[12:00,13:00)",1434,1129
R017C009,2026-09-21,"[07:00,08:00)",5233,4056
R006C006,2026-09-21,"[03:00,04:00)",369,238
R015C021,2026-09-21,"[15:00,16:00)",13650,10879
R008C018,2026-09-21,"[06:00,07:00)",1593,1145
R014C005,2026-09-21,"[04:00,05:00)",457,314
R020C006,2026-09-21,"[19:00,20:00)",3719,2505
R017C009,2026-09-21,"[19:00,20:00)",2886,2157
R012C016,2026-09-21,"[21:00,22:00)",6385,5792
R014C018,2026-09-21,"[07:00,08:00)",28130,22359
R008C009,2026-09-21,"[07:00,08:00)",72461,62640
R012C005,2026-09-21,"[17:00,18:00)",33957,23555
R008C007,2026-09-21,"[14:00,15:00)",68553,53052
R018C000,2026-09-21,"[12:00,13:00)",199,199
R018C016,2026-09-21,"[23:00,00:00)",275,181
R010C013,2026-09-21,"[05:00,06:00)",5830,4470
R018C005,2026-09-21,"[06:00,07:00)",1502,1320
R020C003,2026-09-21,"[04:00,05:00)",24,24
R025C008,2026-09-21,"[18:00,19:00)",799,502
R012C006,2026-09-21,"[11:00,12:00)",21919,15714
R011C006,2026-09-21,"[04:00,05:00)",1717,1334
R019C007,2026-09-21,"[05:00,06:00)",1355,1061
R012C004,2026-09-21,"[07:00,08:00)",30706,23424
R022C007,2026-09-21,"[04:00,05:00)",111,79
R006C010,2026-09-21,"[22:00,23:00)",4625,3809
R005C011,2026-09-21,"[03:00,04:00)",2236,1761
R017C013,2026-09-21,"[21:00,22:00)",2028,1450
R009C007,2026-09-21,"[09:00,10:00)",60549,46242
R009C000,2026-09-21,"[12:00,13:00)",1102,1040
R002C018,2026-09-21,"[18:00,19:00)",19149,15014
R004C014,2026-09-21,"[02:00,03:00)",29,29
R013C020,2026-09-21,"[03:00,04:00)",418,201
R017C004,2026-09-21,"[06:00,07:00)",1208,1184
R014C002,2026-09-21,"[16:00,17:00)",4440,3252
R012C014,2026-09-21,"[23:00,00:00)",7344,5496
R009C008,2026-09-21,"[02:00,03:00)",1561,1002
R023C011,2026-09-21,"[17:00,18:00)",4936,4112
R019C004,2026-09-21,"[09:00,10:00)",4595,2997
R005C011,2026-09-21,"[10:00,11:00)",28534,22282
R014C016,2026-09-21,"[03:00,04:00)",627,500
R017C005,2026-09-21,"[10:00,11:00)",1779,1464
R010C001,2026-09-21,"[06:00,07:00)",10525,9846
R014C018,2026-09-21,"[06:00,07:00)",9047,7502
R020C012,2026-09-21,"[13:00,14:00)",2430,1856
R010C000,2026-09-21,"[10:00,11:00)",14313,13040
R004C015,2026-09-21,"[21:00,22:00)",2948,2072
R006C015,2026-09-21,"[02:00,03:00)",2165,1079
R023C006,2026-09-21,"[14:00,15:00)",1566,944
R015C013,2026-09-21,"[21:00,22:00)",8154,6528
R025C009,2026-09-21,"[06:00,07:00)",709,516
R016C009,2026-09-21,"[20:00,21:00)",3918,3054
R012C004,2026-09-21,"[15:00,16:00)",34539,23167
R020C013,2026-09-21,"[17:00,18:00)",3135,2894
R010C016,2026-09-21,"[17:00,18:00)",59698,45213
R007C011,2026-09-21,"[03:00,04:00)",785,465
R010C006,2026-09-21,"[13:00,14:00)",64230,49445
R016C011,2026-09-21,"[23:00,00:00)",2519,2157
R003C019,2026-09-21,"[22:00,23:00)",705,693
R007C013,2026-09-21,"[03:00,04:00)",2456,1904
R008C011,2026-09-21,"[21:00,22:00)",6790,6309
R023C008,2026-09-21,"[11:00,12:00)",2819,2254
R010C009,2026-09-21,"[13:00,14:00)",179026,118869
R019C006,2026-09-21,"[13:00,14:00)",8821,5698
R006C011,2026-09-21,"[23:00,00:00)",3021,2753
R011C017,2026-09-21,"[14:00,15:00)",39453,30538
R015C020,2026-09-21,"[09:00,10:00)",4187,3376
R016C018,2026-09-21,"[11:00,12:00)",19407,17542
R020C015,2026-09-21,"[10:00,11:00)",162,162
R019C002,2026-09-21,"[05:00,06:00)",423,279
R015C017,2026-09-21,"[17:00,18:00)",64902,49861
R007C010,2026-09-21,"[19:00,20:00)",22814,18027
R001C020,2026-09-21,"[03:00,04:00)",629,538
R015C014,2026-09-21,"[13:00,14:00)",4896,4724
R011C009,2026-09-21,"[08:00,09:00)",215905,155282
R016C009,2026-09-21,"[02:00,03:00)",218,139
R024C007,2026-09-21,"[08:00,09:00)",1627,1350
R009C006,2026-09-21,"[04:00,05:00)",3672,2930
R019C007,2026-09-21,"[11:00,12:00)",7053,4184
R020C014,2026-09-21,"[06:00,07:00)",1057,935
R012C021,2026-09-21,"[23:00,00:00)",395,364
R015C003,2026-09-21,"[16:00,17:00)",2517,2349
R003C015,2026-09-21,"[03:00,04:00)",61,37
R015C017,2026-09-21,"[20:00,21:00)",30492,24174
R014C005,2026-09-21,"[17:00,18:00)",7070,5692
R015C004,2026-09-21,"[13:00,14:00)",5978,4112
R013C018,2026-09-21,"[13:00,14:00)",18957,15356
R005C007,2026-09-21,"[07:00,08:00)",28744,25577
R012C015,2026-09-21,"[16:00,17:00)",33719,28058
R003C014,2026-09-21,"[08:00,09:00)",1735,1210
R008C016,2026-09-21,"[07:00,08:00)",7146,5846
R018C014,2026-09-21,"[04:00,05:00)",162,127
R017C012,2026-09-21,"[03:00,04:00)",162,115
R010C002,2026-09-21,"[13:00,14:00)",47907,36237
R019C003,2026-09-21,"[11:00,12:00)",668,577
R017C008,2026-09-21,"[17:00,18:00)",2665,2461
R015C017,2026-09-21,"[19:00,20:00)",42643,32654
R017C019,2026-09-21,"[19:00,20:00)",14360,12132
R011C001,2026-09-21,"[19:00,20:00)",30070,27107
R015C020,2026-09-21,"[17:00,18:00)",5836,4816
R018C003,2026-09-21,"[04:00,05:00)",52,52
R019C010,2026-09-21,"[05:00,06:00)",3531,2651
R018C004,2026-09-21,"[13:00,14:00)",2091,1995
R024C008,2026-09-21,"[20:00,21:00)",2920,1945
R017C019,2026-09-21,"[09:00,10:00)",18092,14372
R007C008,2026-09-21,"[15:00,16:00)",78318,61320
R018C004,2026-09-21,"[09:00,10:00)",1526,1490
R023C010,2026-09-21,"[02:00,03:00)",20,20
R010C011,2026-09-21,"[13:00,14:00)",79792,56647
R016C012,2026-09-21,"[20:00,21:00)",14550,11409
R011C011,2026-09-21,"[21:00,22:00)",54340,41039
R004C014,2026-09-21,"[18:00,19:00)",2945,2063
R011C004,2026-09-21,"[19:00,20:00)",31050,22585
R017C015,2026-09-21,"[04:00,05:00)",103,103
R024C009,2026-09-21,"[09:00,10:00)",2939,2210
R018C007,2026-09-21,"[14:00,15:00)",4846,4066
R020C011,2026-09-21,"[22:00,23:00)",3757,2798
R006C016,2026-09-21,"[04:00,05:00)",843,650
R020C011,2026-09-21,"[21:00,22:00)",7001,5326
R014C019,2026-09-21,"[04:00,05:00)",314,211
R016C009,2026-09-21,"[06:00,07:00)",4218,3345
R012C015,2026-09-21,"[21:00,22:00)",9584,8295
R013C003,2026-09-21,"[05:00,06:00)",1141,927
R006C017,2026-09-21,"[06:00,07:00)",6353,4760
R010C013,2026-09-21,"[17:00,18:00)",60183,49255
R016C002,2026-09-21,"[19:00,20:00)",58,58
R009C000,2026-09-21,"[21:00,22:00)",375,328
R023C006,2026-09-21,"[07:00,08:00)",1158,744
R021C012,2026-09-21,"[15:00,16:00)",1588,1440
R011C011,2026-09-21,"[22:00,23:00)",33508,24832
R012C018,2026-09-21,"[15:00,16:00)",24525,19672
R011C010,2026-09-21,"[22:00,23:00)",64583,43095
R015C017,2026-09-21,"[08:00,09:00)",65631,49399
R012C016,2026-09-21,"[13:00,14:00)",15235,13362
R021C013,2026-09-21,"[07:00,08:00)",5380,4152
R013C021,2026-09-21,"[06:00,07:00)",746,691
R015C013,2026-09-21,"[15:00,16:00)",21123,16949
R010C004,2026-09-21,"[06:00,07:00)",11170,8763
R006C007,2026-09-21,"[02:00,03:00)",1591,928
R020C003,2026-09-21,"[11:00,12:00)",364,321
R004C008,2026-09-21,"[13:00,14:00)",7353,5527
R009C001,2026-09-21,"[05:00,06:00)",575,553
R021C011,2026-09-21,"[22:00,23:00)",426,414
R009C017,2026-09-21,"[07:00,08:00)",24886,20565
R014C002,2026-09-21,"[20:00,21:00)",2995,1817
R014C010,2026-09-21,"[16:00,17:00)",52470,40393
R011C000,2026-09-21,"[04:00,05:00)",1294,1219
R025C007,2026-09-21,"[18:00,19:00)",100,40
R003C017,2026-09-21,"[10:00,11:00)",15256,12597
R025C007,2026-09-21,"[20:00,21:00)",80,40
R021C006,2026-09-21,"[04:00,05:00)",44,32
R010C000,2026-09-21,"[14:00,15:00)",15449,13816
R019C006,2026-09-21,"[22:00,23:00)",2180,1404
R024C009,2026-09-21,"[07:00,08:00)",5453,4204
R003C010,2026-09-21,"[08:00,09:00)",10015,7072
R019C012,2026-09-21,"[17:00,18:00)",6454,4620
R016C018,2026-09-21,"[21:00,22:00)",9987,9163
R015C016,2026-09-21,"[08:00,09:00)",53249,40706
R010C002,2026-09-21,"[21:00,22:00)",18312,15194
R011C010,2026-09-21,"[09:00,10:00)",236882,156432
R015C017,2026-09-21,"[05:00,06:00)",5648,4538
R016C005,2026-09-21,"[18:00,19:00)",1326,1113
R021C012,2026-09-21,"[11:00,12:00)",1613,1408
R017C003,2026-09-21,"[15:00,16:00)",282,270
R009C015,2026-09-21,"[12:00,13:00)",45214,32119
R001C021,2026-09-21,"[19:00,20:00)",16673,14998
R016C017,2026-09-21,"[07:00,08:00)",20442,19522
R025C007,2026-09-21,"[09:00,10:00)",86,53
R011C017,2026-09-21,"[08:00,09:00)",48537,38882
R018C005,2026-09-21,"[11:00,12:00)",1812,1552
R011C005,2026-09-21,"[17:00,18:00)",57411,41036
R016C018,2026-09-21,"[16:00,17:00)",27691,25277
R009C018,2026-09-21,"[20:00,21:00)",4104,3607
R009C003,2026-09-21,"[19:00,20:00)",35588,31458
R013C017,2026-09-21,"[08:00,09:00)",34403,26633
R019C003,2026-09-21,"[09:00,10:00)",819,753
R012C021,2026-09-21,"[02:00,03:00)",72,64
R012C018,2026-09-21,"[04:00,05:00)",1429,1266
R020C014,2026-09-21,"[05:00,06:00)",289,260
R008C007,2026-09-21,"[03:00,04:00)",2936,2414
R017C019,2026-09-21,"[15:00,16:00)",18613,15835
R008C007,2026-09-21,"[16:00,17:00)",87201,66608
R019C004,2026-09-21,"[08:00,09:00)",6054,4342
R012C010,2026-09-21,"[20:00,21:00)",89719,64520
R011C001,2026-09-21,"[05:00,06:00)",3157,2720
R010C008,2026-09-21,"[19:00,20:00)",108197,81870
R024C009,2026-09-21,"[05:00,06:00)",328,233
R010C018,2026-09-21,"[22:00,23:00)",5651,4787
R005C013,2026-09-21,"[23:00,00:00)",798,550
R004C012,2026-09-21,"[11:00,12:00)",23956,19249
R007C009,2026-09-21,"[12:00,13:00)",65891,50209
R011C009,2026-09-21,"[10:00,11:00)",162586,105263
R024C010,2026-09-21,"[17:00,18:00)",2032,1971
R008C006,2026-09-21,"[09:00,10:00)",47212,40285
R015C019,2026-09-21,"[22:00,23:00)",3146,2887
R020C010,2026-09-21,"[02:00,03:00)",1109,673
R002C019,2026-09-21,"[12:00,13:00)",13188,10730
R012C004,2026-09-21,"[02:00,03:00)",1257,742
R014C005,2026-09-21,"[08:00,09:00)",6215,5144
R008C010,2026-09-21,"[08:00,09:00)",22937,21902
R009C014,2026-09-21,"[19:00,20:00)",57676,45286
R014C015,2026-09-21,"[21:00,22:00)",22576,17363
R017C005,2026-09-21,"[11:00,12:00)",1751,1357
R016C001,2026-09-21,"[12:00,13:00)",92,92
R020C011,2026-09-21,"[18:00,19:00)",18186,15566
R018C017,2026-09-21,"[15:00,16:00)",402,343
R004C010,2026-09-21,"[21:00,22:00)",642,598
R004C011,2026-09-21,"[17:00,18:00)",33999,26756
R025C010,2026-09-21,"[09:00,10:00)",1100,807
R014C011,2026-09-21,"[23:00,00:00)",4305,3550
R001C021,2026-09-21,"[18:00,19:00)",26897,23489
R008C007,2026-09-21,"[13:00,14:00)",59049,45511
R010C008,2026-09-21,"[18:00,19:00)",165823,120839
R005C013,2026-09-21,"[22:00,23:00)",1243,945
R023C011,2026-09-21,"[05:00,06:00)",510,425
R017C015,2026-09-21,"[10:00,11:00)",1064,1035
R025C009,2026-09-21,"[23:00,00:00)",190,103
R023C006,2026-09-21,"[20:00,21:00)",1019,629
R020C010,2026-09-21,"[07:00,08:00)",33653,26395
R009C009,2026-09-21,"[22:00,23:00)",15552,13249
R019C004,2026-09-21,"[12:00,13:00)",5144,3336
R002C019,2026-09-21,"[05:00,06:00)",1810,1563
R014C013,2026-09-21,"[21:00,22:00)",27210,23028
R017C015,2026-09-21,"[19:00,20:00)",1340,1236
R021C004,2026-09-21,"[23:00,00:00)",83,71
R015C013,2026-09-21,"[19:00,20:00)",18087,14310
R006C013,2026-09-21,"[12:00,13:00)",16327,14028
R008C007,2026-09-21,"[17:00,18:00)",95628,72015
R025C009,2026-09-21,"[04:00,05:00)",115,67
R012C003,2026-09-21,"[22:00,23:00)",7327,5280
R014C020,2026-09-21,"[16:00,17:00)",1304,960
R011C008,2026-09-21,"[11:00,12:00)",90560,63082
R017C013,2026-09-21,"[17:00,18:00)",6627,4853
R008C016,2026-09-21,"[05:00,06:00)",777,591
R021C008,2026-09-21,"[10:00,11:00)",4615,3243
R004C011,2026-09-21,"[04:00,05:00)",1171,854
R018C009,2026-09-21,"[07:00,08:00)",5780,4248
R014C014,2026-09-21,"[14:00,15:00)",51722,40030
R015C006,2026-09-21,"[06:00,07:00)",1066,1011
R006C012,2026-09-21,"[21:00,22:00)",8725,8180
R016C013,2026-09-21,"[13:00,14:00)",5904,4659
R008C017,2026-09-21,"[17:00,18:00)",1582,1479
R024C004,2026-09-21,"[08:00,09:00)",979,947
R010C007,2026-09-21,"[21:00,22:00)",40003,33369
R016C001,2026-09-21,"[18:00,19:00)",43,43
R010C008,2026-09-21,"[23:00,00:00)",18096,14500
R014C016,2026-09-21,"[08:00,09:00)",26726,23293
R011C018,2026-09-21,"[07:00,08:00)",35423,27876
R009C018,2026-09-21,"[16:00,17:00)",7785,6848
R017C014,2026-09-21,"[03:00,04:00)",88,44
R012C005,2026-09-21,"[14:00,15:00)",26119,17113
R007C010,2026-09-21,"[17:00,18:00)",41413,31412
R011C019,2026-09-21,"[23:00,00:00)",250,227
R011C008,2026-09-21,"[07:00,08:00)",89458,69933
R006C007,2026-09-21,"[18:00,19:00)",36173,26442
R012C007,2026-09-21,"[20:00,21:00)",16645,12432
R010C004,2026-09-21,"[16:00,17:00)",33058,24517
R010C000,2026-09-21,"[13:00,14:00)",13874,12494
R016C016,2026-09-21,"[06:00,07:00)",1894,1505
R006C007,2026-09-21,"[16:00,17:00)",39911,28934
R022C011,2026-09-21,"[16:00,17:00)",6404,5846
R016C017,2026-09-21,"[13:00,14:00)",11822,10984
R005C017,2026-09-21,"[17:00,18:00)",14162,12507
R010C003,2026-09-21,"[18:00,19:00)",48767,39220
R010C007,2026-09-21,"[12:00,13:00)",86643,69682
R011C013,2026-09-21,"[15:00,16:00)",77401,60396
R023C007,2026-09-21,"[09:00,10:00)",1652,1113
R007C016,2026-09-21,"[08:00,09:00)",6674,5680
R024C011,2026-09-21,"[15:00,16:00)",1186,1078
R008C005,2026-09-21,"[13:00,14:00)",73488,53410
R011C009,2026-09-21,"[20:00,21:00)",96444,69407
R011C004,2026-09-21,"[22:00,23:00)",7135,5663
R003C016,2026-09-21,"[15:00,16:00)",2895,2167
R012C021,2026-09-21,"[16:00,17:00)",5835,5332
R021C015,2026-09-21,"[20:00,21:00)",72,37
R011C015,2026-09-21,"[06:00,07:00)",12427,10136
R004C012,2026-09-21,"[08:00,09:00)",36211,29944
R013C012,2026-09-21,"[11:00,12:00)",84762,62499
R024C008,2026-09-21,"[13:00,14:00)",3294,2241
R014C004,2026-09-21,"[18:00,19:00)",5819,4948
R017C005,2026-09-21,"[21:00,22:00)",446,372
R001C019,2026-09-21,"[10:00,11:00)",17591,13367
R007C015,2026-09-21,"[02:00,03:00)",1339,795
R018C014,2026-09-21,"[14:00,15:00)",1687,1306
R020C014,2026-09-21,"[11:00,12:00)",2020,1578
R018C007,2026-09-21,"[15:00,16:00)",5292,4503
R021C002,2026-09-21,"[15:00,16:00)",40,40
R020C007,2026-09-21,"[20:00,21:00)",2190,1295
R025C010,2026-09-21,"[20:00,21:00)",1582,1130
R014C008,2026-09-21,"[02:00,03:00)",317,222
R015C014,2026-09-21,"[08:00,09:00)",9527,9278
R015C018,2026-09-21,"[19:00,20:00)",20801,18207
R020C006,2026-09-21,"[08:00,09:00)",6242,4418
R016C015,2026-09-21,"[03:00,04:00)",36,36
R017C014,2026-09-21,"[20:00,21:00)",641,522
R023C008,2026-09-21,"[20:00,21:00)",2743,2070
R013C017,2026-09-21,"[06:00,07:00)",9401,7274
R013C016,2026-09-21,"[07:00,08:00)",12532,10951
R003C007,2026-09-21,"[19:00,20:00)",10019,9329
R015C002,2026-09-21,"[20:00,21:00)",1764,1236
R012C006,2026-09-21,"[09:00,10:00)",26551,19748
R020C008,2026-09-21,"[23:00,00:00)",1998,1320
R023C005,2026-09-21,"[16:00,17:00)",941,941
R020C008,2026-09-21,"[15:00,16:00)",15451,9295
R014C003,2026-09-21,"[06:00,07:00)",465,442
R008C005,2026-09-21,"[15:00,16:00)",73464,55891
R014C010,2026-09-21,"[08:00,09:00)",55066,45173
R011C011,2026-09-21,"[17:00,18:00)",165235,122264
R010C015,2026-09-21,"[10:00,11:00)",33442,24189
R012C006,2026-09-21,"[07:00,08:00)",30007,23315
R018C002,2026-09-21,"[20:00,21:00)",706,457
R012C007,2026-09-21,"[21:00,22:00)",12180,9323
R015C011,2026-09-21,"[12:00,13:00)",19017,14092
R005C009,2026-09-21,"[06:00,07:00)",2855,2524
R005C011,2026-09-21,"[08:00,09:00)",46407,38012
R015C012,2026-09-21,"[17:00,18:00)",38838,32554
R014C005,2026-09-21,"[09:00,10:00)",5853,4614
R004C013,2026-09-21,"[11:00,12:00)",5091,3769
R025C010,2026-09-21,"[14:00,15:00)",1321,1013
R015C002,2026-09-21,"[22:00,23:00)",695,513
R003C014,2026-09-21,"[04:00,05:00)",139,87
R016C000,2026-09-21,"[14:00,15:00)",120,89
R006C007,2026-09-21,"[08:00,09:00)",40419,31411
R012C018,2026-09-21,"[12:00,13:00)",19216,15301
R018C010,2026-09-21,"[14:00,15:00)",17647,14601
R016C020,2026-09-21,"[10:00,11:00)",24203,18998
R011C005,2026-09-21,"[07:00,08:00)",44098,34826
R010C002,2026-09-21,"[14:00,15:00)",50534,39662
R003C016,2026-09-21,"[20:00,21:00)",1556,1314
R006C011,2026-09-21,"[15:00,16:00)",34988,29257
R016C002,2026-09-21,"[18:00,19:00)",99,99
R011C017,2026-09-21,"[04:00,05:00)",2007,1642
R017C011,2026-09-21,"[18:00,19:00)",10716,9762
R017C003,2026-09-21,"[10:00,11:00)",308,284
R013C015,2026-09-21,"[21:00,22:00)",5492,5268
R013C013,2026-09-21,"[17:00,18:00)",114753,87487
R022C009,2026-09-21,"[17:00,18:00)",13752,10312
R011C016,2026-09-21,"[13:00,14:00)",26538,18737
R015C011,2026-09-21,"[18:00,19:00)",19501,15822
R004C008,2026-09-21,"[19:00,20:00)",3884,3353
R008C018,2026-09-21,"[15:00,16:00)",4656,3043
R019C004,2026-09-21,"[20:00,21:00)",3857,2446
R020C002,2026-09-21,"[09:00,10:00)",44,44
R006C012,2026-09-21,"[23:00,00:00)",2359,2174
R023C010,2026-09-21,"[20:00,21:00)",730,707
R015C005,2026-09-21,"[05:00,06:00)",173,138
R003C011,2026-09-21,"[16:00,17:00)",12218,9881
R018C003,2026-09-21,"[13:00,14:00)",384,364
R012C007,2026-09-21,"[06:00,07:00)",13154,10484
R011C018,2026-09-21,"[09:00,10:00)",30445,23416
R012C021,2026-09-21,"[15:00,16:00)",4596,4219
R013C014,2026-09-21,"[10:00,11:00)",32532,24911
R015C004,2026-09-21,"[17:00,18:00)",7328,5509
R015C010,2026-09-21,"[20:00,21:00)",15674,11980
R022C007,2026-09-21,"[13:00,14:00)",2979,1987
R020C003,2026-09-21,"[02:00,03:00)",12,12
R011C004,2026-09-21,"[16:00,17:00)",40991,29568
R011C005,2026-09-21,"[04:00,05:00)",1285,886
R017C018,2026-09-21,"[21:00,22:00)",1714,1588
R017C011,2026-09-21,"[14:00,15:00)",8344,7491
R016C007,2026-09-21,"[05:00,06:00)",1001,890
R023C010,2026-09-21,"[09:00,10:00)",1049,978
R016C002,2026-09-21,"[22:00,23:00)",20,20
R016C004,2026-09-21,"[21:00,22:00)",1160,856
R011C015,2026-09-21,"[22:00,23:00)",7820,5868
R004C011,2026-09-21,"[07:00,08:00)",30099,25967
R015C009,2026-09-21,"[17:00,18:00)",7416,4813
R012C008,2026-09-21,"[12:00,13:00)",44983,34510
R025C011,2026-09-21,"[08:00,09:00)",3941,3290
R010C016,2026-09-21,"[14:00,15:00)",41267,30553
R020C007,2026-09-21,"[22:00,23:00)",1738,990
R008C018,2026-09-21,"[16:00,17:00)",5253,3384
R018C009,2026-09-21,"[02:00,03:00)",546,301
R005C012,2026-09-21,"[08:00,09:00)",25891,21579
R004C007,2026-09-21,"[23:00,00:00)",2147,1807
R013C014,2026-09-21,"[18:00,19:00)",45899,36466
R009C002,2026-09-21,"[12:00,13:00)",24680,21319
R012C002,2026-09-21,"[11:00,12:00)",12433,9606
R017C003,2026-09-21,"[11:00,12:00)",243,224
R006C013,2026-09-21,"[08:00,09:00)",23067,20869
R013C015,2026-09-21,"[17:00,18:00)",23058,20907
R006C013,2026-09-21,"[22:00,23:00)",5431,4626
R005C017,2026-09-21,"[04:00,05:00)",372,303
R004C017,2026-09-21,"[08:00,09:00)",31291,24954
R023C004,2026-09-21,"[06:00,07:00)",100,100
R021C015,2026-09-21,"[10:00,11:00)",126,79
R017C016,2026-09-21,"[23:00,00:00)",444,300
R015C016,2026-09-21,"[07:00,08:00)",49393,39599
R012C019,2026-09-21,"[19:00,20:00)",3682,3506
R016C020,2026-09-21,"[13:00,14:00)",26323,20292
R017C014,2026-09-21,"[19:00,20:00)",845,761
R004C016,2026-09-21,"[17:00,18:00)",25279,22020
R016C019,2026-09-21,"[21:00,22:00)",12794,11482
R021C005,2026-09-21,"[09:00,10:00)",984,699
R008C010,2026-09-21,"[21:00,22:00)",8595,7987
R004C013,2026-09-21,"[13:00,14:00)",4992,3739
R004C013,2026-09-21,"[22:00,23:00)",2202,1553
R023C010,2026-09-21,"[12:00,13:00)",1037,853
R024C010,2026-09-21,"[04:00,05:00)",20,20
R009C004,2026-09-21,"[11:00,12:00)",47990,38055
R023C008,2026-09-21,"[18:00,19:00)",4451,3580
R009C018,2026-09-21,"[04:00,05:00)",252,244
R017C009,2026-09-21,"[03:00,04:00)",307,141
R008C013,2026-09-21,"[08:00,09:00)",144378,114592
R014C021,2026-09-21,"[06:00,07:00)",1136,957
R020C013,2026-09-21,"[13:00,14:00)",2270,1895
R015C011,2026-09-21,"[02:00,03:00)",486,356
R025C007,2026-09-21,"[03:00,04:00)",20,20
R017C001,2026-09-21,"[09:00,10:00)",71,71
R017C008,2026-09-21,"[23:00,00:00)",314,283
R009C016,2026-09-21,"[02:00,03:00)",1354,1200
R015C017,2026-09-21,"[06:00,07:00)",19745,15692
R016C013,2026-09-21,"[06:00,07:00)",1261,1157
R022C007,2026-09-21,"[05:00,06:00)",216,181
R017C012,2026-09-21,"[17:00,18:00)",9701,7061
R020C002,2026-09-21,"[18:00,19:00)",60,60
R003C013,2026-09-21,"[11:00,12:00)",14533,12488
R022C013,2026-09-21,"[18:00,19:00)",3096,2752
R009C015,2026-09-21,"[16:00,17:00)",52308,40214
R018C013,2026-09-21,"[16:00,17:00)",1480,1190
R007C007,2026-09-21,"[09:00,10:00)",57167,44930
R015C000,2026-09-21,"[20:00,21:00)",206,206
R022C008,2026-09-21,"[02:00,03:00)",579,276
R011C008,2026-09-21,"[19:00,20:00)",69544,53800
R018C005,2026-09-21,"[12:00,13:00)",1511,1273
R019C001,2026-09-21,"[12:00,13:00)",127,127
R017C001,2026-09-21,"[02:00,03:00)",12,12
R020C012,2026-09-21,"[03:00,04:00)",233,115
R015C010,2026-09-21,"[17:00,18:00)",40496,30578
R015C008,2026-09-21,"[11:00,12:00)",4443,3379
R017C002,2026-09-21,"[15:00,16:00)",181,172
R007C006,2026-09-21,"[10:00,11:00)",15940,12305
R008C007,2026-09-21,"[09:00,10:00)",67062,52638
R016C005,2026-09-21,"[04:00,05:00)",139,103
R007C013,2026-09-21,"[20:00,21:00)",33818,27809
R021C014,2026-09-21,"[06:00,07:00)",375,295
R022C003,2026-09-21,"[12:00,13:00)",1,1
R013C016,2026-09-21,"[06:00,07:00)",3573,3207
R021C012,2026-09-21,"[08:00,09:00)",2501,2350
R014C006,2026-09-21,"[19:00,20:00)",2726,2060
R014C004,2026-09-21,"[16:00,17:00)",8203,6665
R012C018,2026-09-21,"[14:00,15:00)",23254,19089
R015C002,2026-09-21,"[12:00,13:00)",2088,1598
R011C005,2026-09-21,"[05:00,06:00)",3546,2709
R025C009,2026-09-21,"[10:00,11:00)",1080,844
R003C014,2026-09-21,"[05:00,06:00)",173,121
R016C001,2026-09-21,"[06:00,07:00)",80,80
R010C010,2026-09-21,"[21:00,22:00)",77958,57313
R014C003,2026-09-21,"[03:00,04:00)",23,23
R016C015,2026-09-21,"[19:00,20:00)",458,399
R007C013,2026-09-21,"[14:00,15:00)",58714,47090
R021C002,2026-09-21,"[20:00,21:00)",50,50
R013C012,2026-09-21,"[18:00,19:00)",123711,93351
R023C010,2026-09-21,"[22:00,23:00)",171,112
R019C014,2026-09-21,"[16:00,17:00)",2556,2302
R012C020,2026-09-21,"[10:00,11:00)",2854,2759
R008C017,2026-09-21,"[15:00,16:00)",1330,1211
R017C005,2026-09-21,"[02:00,03:00)",20,20
R004C018,2026-09-21,"[07:00,08:00)",15296,12960
R012C013,2026-09-21,"[13:00,14:00)",61087,43811
R001C021,2026-09-21,"[12:00,13:00)",17910,15157
R015C005,2026-09-21,"[03:00,04:00)",50,50
R003C008,2026-09-21,"[18:00,19:00)",848,807
R022C007,2026-09-21,"[10:00,11:00)",2636,1692
R005C007,2026-09-21,"[20:00,21:00)",14372,11444
R004C012,2026-09-21,"[10:00,11:00)",22835,18214
R013C010,2026-09-21,"[10:00,11:00)",46188,33913
R021C006,2026-09-21,"[18:00,19:00)",282,213
R017C006,2026-09-21,"[18:00,19:00)",971,876
R018C007,2026-09-21,"[09:00,10:00)",5393,4667
R017C006,2026-09-21,"[04:00,05:00)",163,119
R021C014,2026-09-21,"[05:00,06:00)",151,118
R015C016,2026-09-21,"[15:00,16:00)",40478,31165
R014C002,2026-09-21,"[08:00,09:00)",5455,4094
R016C020,2026-09-21,"[23:00,00:00)",3036,2672
R006C011,2026-09-21,"[17:00,18:00)",46648,40344
R003C015,2026-09-21,"[09:00,10:00)",1355,887
R024C006,2026-09-21,"[09:00,10:00)",550,299
R014C017,2026-09-21,"[19:00,20:00)",19868,15654
R014C011,2026-09-21,"[08:00,09:00)",65567,54709
R016C015,2026-09-21,"[23:00,00:00)",49,47
R010C009,2026-09-21,"[11:00,12:00)",172045,112248
R013C015,2026-09-21,"[23:00,00:00)",1547,1441
R022C005,2026-09-21,"[12:00,13:00)",21,21
R016C013,2026-09-21,"[16:00,17:00)",7489,6230
R017C003,2026-09-21,"[16:00,17:00)",498,498
R019C013,2026-09-21,"[08:00,09:00)",2418,1974
R014C006,2026-09-21,"[23:00,00:00)",769,556
R020C014,2026-09-21,"[19:00,20:00)",2162,1799
R019C013,2026-09-21,"[02:00,03:00)",20,20
R012C018,2026-09-21,"[05:00,06:00)",2063,1812
R012C013,2026-09-21,"[08:00,09:00)",84827,63551
R009C007,2026-09-21,"[14:00,15:00)",65515,46927
R007C007,2026-09-21,"[07:00,08:00)",68545,52716
R015C015,2026-09-21,"[09:00,10:00)",34413,28688
R014C007,2026-09-21,"[16:00,17:00)",15181,12407
R015C000,2026-09-21,"[08:00,09:00)",299,299
R005C016,2026-09-21,"[04:00,05:00)",902,779
R016C019,2026-09-21,"[12:00,13:00)",27888,23162
R023C008,2026-09-21,"[16:00,17:00)",4364,3418
R020C007,2026-09-21,"[17:00,18:00)",7210,5229
R017C012,2026-09-21,"[15:00,16:00)",7390,5303
R010C004,2026-09-21,"[05:00,06:00)",3227,2562
R024C007,2026-09-21,"[20:00,21:00)",611,440
R011C009,2026-09-21,"[21:00,22:00)",74438,53410
R019C009,2026-09-21,"[18:00,19:00)",8879,6900
R006C010,2026-09-21,"[21:00,22:00)",8833,7365
R002C019,2026-09-21,"[02:00,03:00)",543,271
R024C009,2026-09-21,"[06:00,07:00)",1965,1438
R016C019,2026-09-21,"[04:00,05:00)",1890,1681
R023C011,2026-09-21,"[04:00,05:00)",97,71
R006C012,2026-09-21,"[10:00,11:00)",19108,17490
R006C009,2026-09-21,"[05:00,06:00)",2346,1914
R024C004,2026-09-21,"[12:00,13:00)",40,40
R006C007,2026-09-21,"[11:00,12:00)",26152,18568
R009C006,2026-09-21,"[20:00,21:00)",30275,26047
R014C017,2026-09-21,"[18:00,19:00)",24649,19492
R007C006,2026-09-21,"[07:00,08:00)",22211,18180
R003C016,2026-09-21,"[07:00,08:00)",3252,2873
R018C002,2026-09-21,"[15:00,16:00)",956,649
R006C013,2026-09-21,"[07:00,08:00)",22316,20477
R020C014,2026-09-21,"[21:00,22:00)",1029,803
R010C001,2026-09-21,"[15:00,16:00)",23544,21677
R011C001,2026-09-21,"[04:00,05:00)",1189,1067
R018C006,2026-09-21,"[14:00,15:00)",4940,3906
R016C004,2026-09-21,"[03:00,04:00)",182,87
R013C003,2026-09-21,"[08:00,09:00)",11538,9672
R018C003,2026-09-21,"[10:00,11:00)",478,454
R012C017,2026-09-21,"[22:00,23:00)",6921,5354
R014C021,2026-09-21,"[19:00,20:00)",2098,1812
R017C013,2026-09-21,"[06:00,07:00)",1078,814
R007C015,2026-09-21,"[12:00,13:00)",21188,16100
R011C012,2026-09-21,"[07:00,08:00)",57888,47329
R017C000,2026-09-21,"[05:00,06:00)",80,80
R010C003,2026-09-21,"[03:00,04:00)",1846,1300
R023C006,2026-09-21,"[04:00,05:00)",210,119
R016C017,2026-09-21,"[14:00,15:00)",13557,12530
R009C014,2026-09-21,"[11:00,12:00)",72628,54827
R002C018,2026-09-21,"[15:00,16:00)",18103,14300
R018C008,2026-09-21,"[03:00,04:00)",331,177
R008C005,2026-09-21,"[09:00,10:00)",62096,49142
R006C013,2026-09-21,"[10:00,11:00)",15679,13344
R015C013,2026-09-21,"[07:00,08:00)",21401,17861
R009C005,2026-09-21,"[09:00,10:00)",59174,44730
R015C001,2026-09-21,"[10:00,11:00)",445,397
R008C013,2026-09-21,"[12:00,13:00)",116195,82495
R014C015,2026-09-21,"[08:00,09:00)",55713,45186
R004C015,2026-09-21,"[14:00,15:00)",9199,6652
R020C006,2026-09-21,"[05:00,06:00)",1463,1046
R013C019,2026-09-21,"[10:00,11:00)",2111,1627
R014C011,2026-09-21,"[21:00,22:00)",16998,13386
R022C014,2026-09-21,"[12:00,13:00)",257,191
R011C013,2026-09-21,"[10:00,11:00)",50259,39543
R018C002,2026-09-21,"[21:00,22:00)",335,213
R010C009,2026-09-21,"[08:00,09:00)",228343,162623
R003C007,2026-09-21,"[13:00,14:00)",13803,11625
R008C014,2026-09-21,"[07:00,08:00)",74945,65800
R015C010,2026-09-21,"[14:00,15:00)",29506,21167
R011C014,2026-09-21,"[05:00,06:00)",6386,4893
R016C012,2026-09-21,"[10:00,11:00)",19176,14124
R016C019,2026-09-21,"[23:00,00:00)",3801,3228
R021C004,2026-09-21,"[06:00,07:00)",332,288
R023C006,2026-09-21,"[10:00,11:00)",1539,1048
R006C009,2026-09-21,"[12:00,13:00)",16062,12473
R004C016,2026-09-21,"[11:00,12:00)",17786,13886
R019C012,2026-09-21,"[08:00,09:00)",4961,3824
R016C018,2026-09-21,"[03:00,04:00)",1043,920
R022C005,2026-09-21,"[16:00,17:00)",425,425
R017C018,2026-09-21,"[04:00,05:00)",133,133
R010C001,2026-09-21,"[02:00,03:00)",384,384
R009C018,2026-09-21,"[17:00,18:00)",8612,7980
R008C004,2026-09-21,"[21:00,22:00)",28833,22266
R018C001,2026-09-21,"[09:00,10:00)",374,315
R020C003,2026-09-21,"[17:00,18:00)",1186,1131
R013C012,2026-09-21,"[08:00,09:00)",136481,106526
R016C005,2026-09-21,"[02:00,03:00)",76,76
R023C009,2026-09-21,"[16:00,17:00)",7734,5915
R016C006,2026-09-21,"[23:00,00:00)",150,150
R014C002,2026-09-21,"[04:00,05:00)",234,136
R021C006,2026-09-21,"[22:00,23:00)",130,118
R009C010,2026-09-21,"[13:00,14:00)",105923,78455
R019C001,2026-09-21,"[08:00,09:00)",732,618
R005C011,2026-09-21,"[16:00,17:00)",46141,36227
R017C007,2026-09-21,"[13:00,14:00)",4746,3823
R022C011,2026-09-21,"[07:00,08:00)",10059,9363
R016C006,2026-09-21,"[05:00,06:00)",263,251
R013C010,2026-09-21,"[20:00,21:00)",34443,25310
R010C008,2026-09-21,"[20:00,21:00)",76821,59939
R013C010,2026-09-21,"[16:00,17:00)",68567,50268
R010C005,2026-09-21,"[10:00,11:00)",23975,18265
R022C010,2026-09-21,"[12:00,13:00)",4028,3714
R005C016,2026-09-21,"[11:00,12:00)",18874,15507
R007C010,2026-09-21,"[05:00,06:00)",2908,2460
R019C005,2026-09-21,"[20:00,21:00)",5325,3672
R008C016,2026-09-21,"[03:00,04:00)",267,171
R003C014,2026-09-21,"[13:00,14:00)",1299,850
R024C011,2026-09-21,"[10:00,11:00)",980,717
R008C003,2026-09-21,"[07:00,08:00)",38861,35621
R014C004,2026-09-21,"[13:00,14:00)",6883,5084
R010C015,2026-09-21,"[13:00,14:00)",44964,31105
R012C010,2026-09-21,"[16:00,17:00)",194871,128914
R018C016,2026-09-21,"[10:00,11:00)",1621,1393
R008C011,2026-09-21,"[12:00,13:00)",17996,16544
R012C006,2026-09-21,"[06:00,07:00)",12501,9563
R016C014,2026-09-21,"[07:00,08:00)",967,955
R023C004,2026-09-21,"[11:00,12:00)",40,40
R022C010,2026-09-21,"[18:00,19:00)",6032,5676
R012C011,2026-09-21,"[22:00,23:00)",32628,25116
R015C019,2026-09-21,"[09:00,10:00)",12980,11856
R003C010,2026-09-21,"[22:00,23:00)",1268,988
R025C008,2026-09-21,"[02:00,03:00)",95,83
R008C016,2026-09-21,"[15:00,16:00)",6866,5207
R003C011,2026-09-21,"[11:00,12:00)",6964,5185
R003C009,2026-09-21,"[04:00,05:00)",28,28
R008C013,2026-09-21,"[11:00,12:00)",104440,76225
R016C015,2026-09-21,"[15:00,16:00)",406,390
R014C011,2026-09-21,"[02:00,03:00)",917,592
R017C014,2026-09-21,"[15:00,16:00)",794,664
R020C015,2026-09-21,"[21:00,22:00)",53,45
R012C013,2026-09-21,"[21:00,22:00)",29663,22784
R021C006,2026-09-21,"[17:00,18:00)",1324,1216
R019C008,2026-09-21,"[21:00,22:00)",608,503
R017C011,2026-09-21,"[22:00,23:00)",2199,1987
R019C013,2026-09-21,"[22:00,23:00)",194,147
R011C000,2026-09-21,"[14:00,15:00)",29827,28488
R003C019,2026-09-21,"[04:00,05:00)",138,138
R013C007,2026-09-21,"[23:00,00:00)",1947,1416
R005C006,2026-09-21,"[23:00,00:00)",983,698
R002C019,2026-09-21,"[11:00,12:00)",12559,10240
R019C009,2026-09-21,"[04:00,05:00)",783,525
R025C007,2026-09-21,"[11:00,12:00)",260,180
R016C012,2026-09-21,"[18:00,19:00)",27938,21041
R013C019,2026-09-21,"[22:00,23:00)",757,547
R014C014,2026-09-21,"[18:00,19:00)",62897,49664
R011C011,2026-09-21,"[15:00,16:00)",123508,90746
R018C015,2026-09-21,"[03:00,04:00)",317,170
R025C011,2026-09-21,"[06:00,07:00)",1652,1447
R010C018,2026-09-21,"[21:00,22:00)",11367,9694
R008C012,2026-09-21,"[02:00,03:00)",2373,1876
R012C003,2026-09-21,"[05:00,06:00)",3650,2755
R015C007,2026-09-21,"[11:00,12:00)",4661,4155
R020C011,2026-09-21,"[19:00,20:00)",13652,11179
R010C006,2026-09-21,"[07:00,08:00)",83861,65905
R015C006,2026-09-21,"[16:00,17:00)",1270,1246
R008C009,2026-09-21,"[08:00,09:00)",86588,72177
R008C016,2026-09-21,"[06:00,07:00)",2258,1823
R012C017,2026-09-21,"[07:00,08:00)",49979,38334
R008C018,2026-09-21,"[04:00,05:00)",221,127
R012C010,2026-09-21,"[17:00,18:00)",213601,145177
R017C009,2026-09-21,"[22:00,23:00)",1045,744
R012C009,2026-09-21,"[06:00,07:00)",24108,19885
R008C016,2026-09-21,"[04:00,05:00)",569,376
R017C002,2026-09-21,"[19:00,20:00)",154,154
R015C012,2026-09-21,"[19:00,20:00)",25549,21718
R017C017,2026-09-21,"[02:00,03:00)",32,32
R017C016,2026-09-21,"[14:00,15:00)",3247,2681
R024C006,2026-09-21,"[23:00,00:00)",187,116
R018C010,2026-09-21,"[15:00,16:00)",20531,17026
R013C014,2026-09-21,"[22:00,23:00)",7543,6181
R009C014,2026-09-21,"[13:00,14:00)",77436,57927
R005C010,2026-09-21,"[13:00,14:00)",10470,9083
R003C017,2026-09-21,"[06:00,07:00)",8111,7361
R006C008,2026-09-21,"[07:00,08:00)",39929,31457
R018C012,2026-09-21,"[05:00,06:00)",166,119
R003C014,2026-09-21,"[16:00,17:00)",1638,1064
R007C006,2026-09-21,"[09:00,10:00)",17138,13713
R007C014,2026-09-21,"[23:00,00:00)",5374,4388
R015C014,2026-09-21,"[23:00,00:00)",527,467
R014C009,2026-09-21,"[23:00,00:00)",1620,1366
R009C007,2026-09-21,"[17:00,18:00)",88280,65928
R012C019,2026-09-21,"[15:00,16:00)",3932,3723
R023C007,2026-09-21,"[19:00,20:00)",2557,1372
R019C010,2026-09-21,"[12:00,13:00)",21232,15011
R015C019,2026-09-21,"[20:00,21:00)",7194,6726
R013C016,2026-09-21,"[10:00,11:00)",7387,6241
R018C015,2026-09-21,"[05:00,06:00)",685,469
R003C012,2026-09-21,"[13:00,14:00)",18932,16405
R024C005,2026-09-21,"[09:00,10:00)",24,12
R007C012,2026-09-21,"[20:00,21:00)",20087,16542
R009C004,2026-09-21,"[23:00,00:00)",7624,6574
R021C012,2026-09-21,"[19:00,20:00)",1481,1340
R009C008,2026-09-21,"[17:00,18:00)",96055,76292
R009C011,2026-09-21,"[04:00,05:00)",5521,4396
R007C011,2026-09-21,"[13:00,14:00)",13187,9792
R007C011,2026-09-21,"[18:00,19:00)",11965,9834
R015C004,2026-09-21,"[22:00,23:00)",896,580
R011C018,2026-09-21,"[17:00,18:00)",55053,38555
R021C013,2026-09-21,"[10:00,11:00)",3995,2745
R013C019,2026-09-21,"[13:00,14:00)",2209,1582
R007C015,2026-09-21,"[20:00,21:00)",8856,7528
R022C013,2026-09-21,"[04:00,05:00)",127,79
R018C016,2026-09-21,"[15:00,16:00)",1864,1598
R013C015,2026-09-21,"[06:00,07:00)",5503,5042
R014C006,2026-09-21,"[17:00,18:00)",3982,3278
R024C004,2026-09-21,"[13:00,14:00)",88,68
R021C002,2026-09-21,"[12:00,13:00)",60,40
R015C009,2026-09-21,"[09:00,10:00)",8683,5893
R024C009,2026-09-21,"[17:00,18:00)",5606,4568
R011C002,2026-09-21,"[07:00,08:00)",35354,31485
R014C012,2026-09-21,"[23:00,00:00)",6354,5418
R018C006,2026-09-21,"[03:00,04:00)",304,209
R003C015,2026-09-21,"[17:00,18:00)",1448,971
R001C020,2026-09-21,"[05:00,06:00)",2332,2239
R015C020,2026-09-21,"[15:00,16:00)",4186,3557
R011C004,2026-09-21,"[17:00,18:00)",45386,33460
R020C009,2026-09-21,"[18:00,19:00)",21472,14694
R024C010,2026-09-21,"[15:00,16:00)",901,865
R016C013,2026-09-21,"[12:00,13:00)",6496,4703
R004C007,2026-09-21,"[09:00,10:00)",23779,17779
R011C018,2026-09-21,"[04:00,05:00)",1602,1344
R003C013,2026-09-21,"[02:00,03:00)",789,615
R011C014,2026-09-21,"[12:00,13:00)",53944,39041
R011C018,2026-09-21,"[03:00,04:00)",1704,1427
R009C002,2026-09-21,"[16:00,17:00)",28985,25131
R016C007,2026-09-21,"[13:00,14:00)",3823,3219
R012C019,2026-09-21,"[20:00,21:00)",2660,2556
R018C014,2026-09-21,"[16:00,17:00)",1565,1378
R007C011,2026-09-21,"[21:00,22:00)",3817,3078
R013C004,2026-09-21,"[14:00,15:00)",11961,9299
R021C011,2026-09-21,"[20:00,21:00)",1597,1565
R008C007,2026-09-21,"[21:00,22:00)",24251,20317
R012C014,2026-09-21,"[11:00,12:00)",47358,33330
R002C019,2026-09-21,"[09:00,10:00)",13104,10950
R021C007,2026-09-21,"[20:00,21:00)",967,688
R007C014,2026-09-21,"[14:00,15:00)",41914,32990
R008C014,2026-09-21,"[12:00,13:00)",63788,51154
R008C006,2026-09-21,"[16:00,17:00)",57736,50090
R014C003,2026-09-21,"[12:00,13:00)",731,691
R004C015,2026-09-21,"[07:00,08:00)",11233,9007
R022C014,2026-09-21,"[06:00,07:00)",235,136
R005C006,2026-09-21,"[02:00,03:00)",161,133
R009C015,2026-09-21,"[23:00,00:00)",7602,5764
R013C013,2026-09-21,"[13:00,14:00)",72503,55101
R013C010,2026-09-21,"[13:00,14:00)",50515,36766
R015C006,2026-09-21,"[15:00,16:00)",834,791
R008C016,2026-09-21,"[08:00,09:00)",7670,6508
R009C000,2026-09-21,"[03:00,04:00)",81,69
R008C016,2026-09-21,"[17:00,18:00)",7959,6510
R014C007,2026-09-21,"[18:00,19:00)",7175,5710
R016C016,2026-09-21,"[13:00,14:00)",3939,3018
R007C014,2026-09-21,"[20:00,21:00)",23387,19290
R021C009,2026-09-21,"[08:00,09:00)",18591,15930
R022C004,2026-09-21,"[12:00,13:00)",1,1
R008C009,2026-09-21,"[06:00,07:00)",26453,22488
R007C005,2026-09-21,"[10:00,11:00)",18847,13028
R007C014,2026-09-21,"[07:00,08:00)",62946,49686
R014C008,2026-09-21,"[18:00,19:00)",4318,3534
R017C019,2026-09-21,"[22:00,23:00)",3692,3332
R014C015,2026-09-21,"[07:00,08:00)",49350,41219
R013C005,2026-09-21,"[04:00,05:00)",839,596
R014C015,2026-09-21,"[09:00,10:00)",43752,34275
R009C006,2026-09-21,"[12:00,13:00)",52663,40580
R018C009,2026-09-21,"[20:00,21:00)",2698,1777
R019C008,2026-09-21,"[07:00,08:00)",2008,1653
R004C011,2026-09-21,"[16:00,17:00)",31902,24334
R020C009,2026-09-21,"[02:00,03:00)",1330,606
R005C010,2026-09-21,"[10:00,11:00)",8892,7839
R016C010,2026-09-21,"[10:00,11:00)",25905,18454
R009C006,2026-09-21,"[08:00,09:00)",80267,63267
R021C005,2026-09-21,"[12:00,13:00)",881,660
R004C007,2026-09-21,"[05:00,06:00)",2773,2237
R015C014,2026-09-21,"[17:00,18:00)",7659,7413
R014C016,2026-09-21,"[15:00,16:00)",19445,16741
R013C005,2026-09-21,"[09:00,10:00)",12456,8851
R016C020,2026-09-21,"[08:00,09:00)",33951,28112
R022C008,2026-09-21,"[15:00,16:00)",7766,4932
R024C011,2026-09-21,"[19:00,20:00)",1252,1007
R014C009,2026-09-21,"[13:00,14:00)",23776,16360
R003C017,2026-09-21,"[03:00,04:00)",388,329
R020C007,2026-09-21,"[04:00,05:00)",519,293
R015C009,2026-09-21,"[14:00,15:00)",7411,4281
R020C004,2026-09-21,"[22:00,23:00)",1018,617
R009C009,2026-09-21,"[15:00,16:00)",79246,67267
R003C014,2026-09-21,"[17:00,18:00)",1737,1177
R017C002,2026-09-21,"[13:00,14:00)",194,151
R017C006,2026-09-21,"[23:00,00:00)",156,156
R003C007,2026-09-21,"[03:00,04:00)",704,631
R003C018,2026-09-21,"[04:00,05:00)",536,513
R017C013,2026-09-21,"[15:00,16:00)",5923,3893
R019C005,2026-09-21,"[22:00,23:00)",1887,1367
R001C021,2026-09-21,"[03:00,04:00)",787,632
R018C006,2026-09-21,"[20:00,21:00)",2730,2131
R005C007,2026-09-21,"[14:00,15:00)",21168,16715
R017C018,2026-09-21,"[06:00,07:00)",2546,2400
R015C002,2026-09-21,"[15:00,16:00)",2644,2038
R003C007,2026-09-21,"[17:00,18:00)",20981,19739
R022C010,2026-09-21,"[14:00,15:00)",4030,3741
R008C004,2026-09-21,"[11:00,12:00)",77484,53919
R017C010,2026-09-21,"[21:00,22:00)",8372,6918
R009C001,2026-09-21,"[13:00,14:00)",3336,3143
R020C002,2026-09-21,"[08:00,09:00)",218,177
R003C011,2026-09-21,"[23:00,00:00)",1060,880
R003C014,2026-09-21,"[03:00,04:00)",124,59
R013C016,2026-09-21,"[12:00,13:00)",9094,7244
R016C001,2026-09-21,"[20:00,21:00)",12,12
R013C003,2026-09-21,"[02:00,03:00)",358,270
R020C003,2026-09-21,"[03:00,04:00)",47,36
R005C006,2026-09-21,"[10:00,11:00)",10075,7201
R016C000,2026-09-21,"[10:00,11:00)",24,12
R018C005,2026-09-21,"[21:00,22:00)",610,543
R013C017,2026-09-21,"[23:00,00:00)",2727,2092
R006C014,2026-09-21,"[17:00,18:00)",57031,44018
R014C011,2026-09-21,"[04:00,05:00)",950,791
R025C009,2026-09-21,"[09:00,10:00)",1145,864
R019C006,2026-09-21,"[21:00,22:00)",2938,2282
R017C019,2026-09-21,"[17:00,18:00)",22677,19887
R007C014,2026-09-21,"[10:00,11:00)",33393,25788
R007C008,2026-09-21,"[20:00,21:00)",40167,32610
R005C014,2026-09-21,"[04:00,05:00)",1322,1006
R020C007,2026-09-21,"[23:00,00:00)",697,405
R018C011,2026-09-21,"[18:00,19:00)",10022,8781
R010C003,2026-09-21,"[02:00,03:00)",1860,1188
R011C004,2026-09-21,"[13:00,14:00)",28077,19668
R017C011,2026-09-21,"[02:00,03:00)",127,115
R005C016,2026-09-21,"[12:00,13:00)",21234,17060
R008C017,2026-09-21,"[16:00,17:00)",1762,1589
R020C006,2026-09-21,"[16:00,17:00)",10453,7275
R011C019,2026-09-21,"[18:00,19:00)",2891,2798
R009C000,2026-09-21,"[10:00,11:00)",1085,1003
R020C015,2026-09-21,"[20:00,21:00)",24,24
R017C003,2026-09-21,"[21:00,22:00)",56,44
R011C009,2026-09-21,"[12:00,13:00)",191998,119695
R009C006,2026-09-21,"[22:00,23:00)",13534,11396
R019C006,2026-09-21,"[20:00,21:00)",3765,2796
R008C004,2026-09-21,"[09:00,10:00)",76316,55817
R022C011,2026-09-21,"[22:00,23:00)",776,695
R003C011,2026-09-21,"[03:00,04:00)",459,281
R007C008,2026-09-21,"[23:00,00:00)",9202,7741
R019C005,2026-09-21,"[16:00,17:00)",10232,7770
R013C020,2026-09-21,"[06:00,07:00)",1289,788
R017C012,2026-09-21,"[05:00,06:00)",527,368
R018C014,2026-09-21,"[15:00,16:00)",1578,1346
R007C008,2026-09-21,"[16:00,17:00)",86376,69067
R018C015,2026-09-21,"[13:00,14:00)",4162,2993
R017C004,2026-09-21,"[07:00,08:00)",2472,2414
R015C007,2026-09-21,"[04:00,05:00)",210,147
R017C005,2026-09-21,"[04:00,05:00)",143,119
R017C007,2026-09-21,"[15:00,16:00)",4959,4371
R006C013,2026-09-21,"[18:00,19:00)",19444,16898
R004C010,2026-09-21,"[23:00,00:00)",273,233
R022C008,2026-09-21,"[16:00,17:00)",9933,6666
R020C013,2026-09-21,"[02:00,03:00)",215,135
R017C000,2026-09-21,"[09:00,10:00)",77,77
R018C008,2026-09-21,"[14:00,15:00)",2140,1747
R010C011,2026-09-21,"[12:00,13:00)",81969,57459
R004C011,2026-09-21,"[19:00,20:00)",20802,15804
R003C007,2026-09-21,"[08:00,09:00)",22669,20699
R009C016,2026-09-21,"[05:00,06:00)",3513,3011
R013C015,2026-09-21,"[15:00,16:00)",17703,15893
R010C010,2026-09-21,"[12:00,13:00)",180796,120892
R019C007,2026-09-21,"[14:00,15:00)",6012,4013
R020C004,2026-09-21,"[04:00,05:00)",348,233
R013C019,2026-09-21,"[08:00,09:00)",2597,2003
R019C008,2026-09-21,"[16:00,17:00)",10179,8464
R018C000,2026-09-21,"[15:00,16:00)",36,36
R018C013,2026-09-21,"[04:00,05:00)",79,68
R014C006,2026-09-21,"[08:00,09:00)",4151,3165
R020C014,2026-09-21,"[10:00,11:00)",2341,1806
R007C010,2026-09-21,"[11:00,12:00)",29826,21301
R009C003,2026-09-21,"[13:00,14:00)",49190,40177
R019C011,2026-09-21,"[17:00,18:00)",31850,23477
R004C015,2026-09-21,"[18:00,19:00)",10208,7040
R022C005,2026-09-21,"[06:00,07:00)",100,100
R015C012,2026-09-21,"[15:00,16:00)",34008,27489
R017C002,2026-09-21,"[14:00,15:00)",166,166
R010C007,2026-09-21,"[07:00,08:00)",100340,84778
R001C020,2026-09-21,"[07:00,08:00)",20959,19765
R013C009,2026-09-21,"[19:00,20:00)",25223,18960
R010C005,2026-09-21,"[03:00,04:00)",939,736
R001C019,2026-09-21,"[08:00,09:00)",25175,20549
R005C015,2026-09-21,"[13:00,14:00)",28442,18809
R010C006,2026-09-21,"[15:00,16:00)",82261,63163
R005C013,2026-09-21,"[07:00,08:00)",3618,3269
R004C012,2026-09-21,"[20:00,21:00)",16293,13426
R007C010,2026-09-21,"[20:00,21:00)",16376,13138
R006C009,2026-09-21,"[15:00,16:00)",21260,16172
R008C010,2026-09-21,"[18:00,19:00)",20852,18892
R019C006,2026-09-21,"[14:00,15:00)",7689,5126
R006C008,2026-09-21,"[20:00,21:00)",24611,18638
R010C003,2026-09-21,"[17:00,18:00)",56318,46739
R015C016,2026-09-21,"[13:00,14:00)",31768,24775
R021C010,2026-09-21,"[08:00,09:00)",16277,14741
R012C005,2026-09-21,"[09:00,10:00)",24342,17002
R013C013,2026-09-21,"[02:00,03:00)",2962,1965
R018C010,2026-09-21,"[06:00,07:00)",9262,7805
R016C007,2026-09-21,"[19:00,20:00)",3138,2747
R010C001,2026-09-21,"[11:00,12:00)",20924,19495
R013C004,2026-09-21,"[08:00,09:00)",13165,10920
R010C004,2026-09-21,"[20:00,21:00)",17751,13267
R010C018,2026-09-21,"[20:00,21:00)",17986,14296
R010C015,2026-09-21,"[23:00,00:00)",7239,5361
R004C017,2026-09-21,"[12:00,13:00)",25347,17575
R008C009,2026-09-21,"[23:00,00:00)",10113,8367
R016C020,2026-09-21,"[04:00,05:00)",1847,1566
R015C004,2026-09-21,"[19:00,20:00)",4781,3291
R021C012,2026-09-21,"[07:00,08:00)",2255,2197
R017C019,2026-09-21,"[21:00,22:00)",7087,6248
R005C009,2026-09-21,"[10:00,11:00)",4131,3222
R015C021,2026-09-21,"[12:00,13:00)",10253,8149
R008C006,2026-09-21,"[14:00,15:00)",49329,41318
R024C008,2026-09-21,"[19:00,20:00)",3621,2406
R007C009,2026-09-21,"[19:00,20:00)",49555,39417
R020C002,2026-09-21,"[02:00,03:00)",40,40
R022C014,2026-09-21,"[21:00,22:00)",202,137
R016C010,2026-09-21,"[18:00,19:00)",39320,30007
R004C017,2026-09-21,"[11:00,12:00)",23918,16391
R016C012,2026-09-21,"[23:00,00:00)",2722,2189
R018C017,2026-09-21,"[05:00,06:00)",56,32
R021C006,2026-09-21,"[06:00,07:00)",187,167
R009C013,2026-09-21,"[07:00,08:00)",74258,63981
R025C008,2026-09-21,"[20:00,21:00)",1300,719
R012C008,2026-09-21,"[08:00,09:00)",55469,44502
R022C013,2026-09-21,"[10:00,11:00)",1730,1542
R012C004,2026-09-21,"[05:00,06:00)",3689,2669
R015C001,2026-09-21,"[21:00,22:00)",197,174
R013C004,2026-09-21,"[20:00,21:00)",5651,4815
R019C004,2026-09-21,"[13:00,14:00)",4937,3276
R003C019,2026-09-21,"[19:00,20:00)",3403,3403
R013C022,2026-09-21,"[12:00,13:00)",4873,4029
R013C010,2026-09-21,"[11:00,12:00)",44701,32621
R023C004,2026-09-21,"[09:00,10:00)",48,48
R006C010,2026-09-21,"[03:00,04:00)",1091,1014
R013C018,2026-09-21,"[12:00,13:00)",15859,12905
R017C007,2026-09-21,"[16:00,17:00)",9082,7888
R012C018,2026-09-21,"[07:00,08:00)",25781,21572
R005C010,2026-09-21,"[15:00,16:00)",11779,10282
R020C003,2026-09-21,"[18:00,19:00)",457,413
R004C018,2026-09-21,"[05:00,06:00)",900,721
R013C011,2026-09-21,"[12:00,13:00)",88583,65575
R014C010,2026-09-21,"[20:00,21:00)",20816,15567
R009C005,2026-09-21,"[17:00,18:00)",84429,61340
R006C015,2026-09-21,"[07:00,08:00)",49606,39276
R005C012,2026-09-21,"[15:00,16:00)",22080,18160
R023C005,2026-09-21,"[11:00,12:00)",160,140
R011C015,2026-09-21,"[17:00,18:00)",50633,38178
R025C010,2026-09-21,"[06:00,07:00)",929,796
R017C010,2026-09-21,"[08:00,09:00)",32651,28435
R008C015,2026-09-21,"[20:00,21:00)",6365,5224
R003C012,2026-09-21,"[07:00,08:00)",29951,27783
R022C008,2026-09-21,"[19:00,20:00)",7243,4350
R022C009,2026-09-21,"[11:00,12:00)",7906,5848
R015C012,2026-09-21,"[22:00,23:00)",7251,6085
R007C008,2026-09-21,"[11:00,12:00)",59630,47042
R001C019,2026-09-21,"[12:00,13:00)",19838,14687
R018C003,2026-09-21,"[03:00,04:00)",11,11
R016C012,2026-09-21,"[04:00,05:00)",1053,795
R022C010,2026-09-21,"[11:00,12:00)",3289,2964
R016C000,2026-09-21,"[02:00,03:00)",12,12
R019C006,2026-09-21,"[19:00,20:00)",5933,4479
R012C020,2026-09-21,"[15:00,16:00)",3636,3506
R019C003,2026-09-21,"[02:00,03:00)",12,12
R005C015,2026-09-21,"[23:00,00:00)",3980,2977
R006C010,2026-09-21,"[13:00,14:00)",24067,19032
R023C005,2026-09-21,"[15:00,16:00)",53,53
R007C013,2026-09-21,"[21:00,22:00)",22550,18335
R018C006,2026-09-21,"[18:00,19:00)",5095,4427
R015C020,2026-09-21,"[19:00,20:00)",3514,2787
R021C011,2026-09-21,"[10:00,11:00)",1795,1693
R012C002,2026-09-21,"[16:00,17:00)",18240,14500
R014C018,2026-09-21,"[16:00,17:00)",29313,21865
R012C001,2026-09-21,"[16:00,17:00)",12944,11680
R021C011,2026-09-21,"[07:00,08:00)",3228,3165
R003C016,2026-09-21,"[04:00,05:00)",193,133
R011C014,2026-09-21,"[23:00,00:00)",8751,6660
R024C006,2026-09-21,"[04:00,05:00)",76,52
R011C010,2026-09-21,"[23:00,00:00)",33692,23333
R013C005,2026-09-21,"[08:00,09:00)",14180,10558
R003C010,2026-09-21,"[18:00,19:00)",7400,5268
R010C017,2026-09-21,"[17:00,18:00)",56542,42007
R008C006,2026-09-21,"[03:00,04:00)",2497,2194
R010C008,2026-09-21,"[13:00,14:00)",128983,93707
R009C002,2026-09-21,"[08:00,09:00)",35956,32818
R008C011,2026-09-21,"[04:00,05:00)",871,847
R006C012,2026-09-21,"[03:00,04:00)",1123,1005
R022C014,2026-09-21,"[10:00,11:00)",217,173
R022C007,2026-09-21,"[19:00,20:00)",2220,1487
R016C015,2026-09-21,"[11:00,12:00)",455,408
R020C012,2026-09-21,"[04:00,05:00)",237,213
R022C006,2026-09-21,"[07:00,08:00)",1580,1152
R004C014,2026-09-21,"[21:00,22:00)",875,666
R012C001,2026-09-21,"[07:00,08:00)",11604,10464
R011C007,2026-09-21,"[22:00,23:00)",18931,14239
R016C014,2026-09-21,"[11:00,12:00)",693,673
R014C006,2026-09-21,"[13:00,14:00)",4999,3183
R001C020,2026-09-21,"[06:00,07:00)",6895,6568
R018C012,2026-09-21,"[18:00,19:00)",3989,2674
R008C014,2026-09-21,"[17:00,18:00)",85759,74299
R018C004,2026-09-21,"[10:00,11:00)",1915,1848
R016C012,2026-09-21,"[09:00,10:00)",22379,17028
R023C012,2026-09-21,"[05:00,06:00)",232,219
R007C010,2026-09-21,"[07:00,08:00)",33183,28212
R014C007,2026-09-21,"[10:00,11:00)",8090,5603
R018C007,2026-09-21,"[02:00,03:00)",302,246
R021C009,2026-09-21,"[22:00,23:00)",3282,2464
R018C000,2026-09-21,"[07:00,08:00)",56,56
R008C014,2026-09-21,"[18:00,19:00)",66831,58914
R022C007,2026-09-21,"[07:00,08:00)",2423,1874
R024C007,2026-09-21,"[17:00,18:00)",4455,3371
R016C007,2026-09-21,"[12:00,13:00)",3888,3365
R009C008,2026-09-21,"[23:00,00:00)",6353,5434
R009C010,2026-09-21,"[05:00,06:00)",13133,10629
R018C007,2026-09-21,"[05:00,06:00)",1176,1085
R012C008,2026-09-21,"[06:00,07:00)",12537,9955
R014C006,2026-09-21,"[05:00,06:00)",1049,763
R019C008,2026-09-21,"[09:00,10:00)",3755,3311
R020C002,2026-09-21,"[20:00,21:00)",62,62
R014C020,2026-09-21,"[06:00,07:00)",602,503
R020C007,2026-09-21,"[05:00,06:00)",954,606
R020C009,2026-09-21,"[20:00,21:00)",11628,8057
R016C013,2026-09-21,"[18:00,19:00)",5875,4751
R003C007,2026-09-21,"[14:00,15:00)",13103,11752
R004C015,2026-09-21,"[23:00,00:00)",992,744
R008C016,2026-09-21,"[23:00,00:00)",859,709
R019C014,2026-09-21,"[17:00,18:00)",3644,3203
R011C010,2026-09-21,"[05:00,06:00)",18879,13243
R018C002,2026-09-21,"[13:00,14:00)",1121,661
R020C012,2026-09-21,"[08:00,09:00)",3516,2608
R015C009,2026-09-21,"[20:00,21:00)",2029,1432
R004C013,2026-09-21,"[23:00,00:00)",1074,814
R021C011,2026-09-21,"[03:00,04:00)",68,68
R024C005,2026-09-21,"[13:00,14:00)",144,84
R006C013,2026-09-21,"[23:00,00:00)",3022,2477
R006C006,2026-09-21,"[23:00,00:00)",1365,996
R017C002,2026-09-21,"[17:00,18:00)",116,116
R016C016,2026-09-21,"[12:00,13:00)",3597,2784
R015C000,2026-09-21,"[18:00,19:00)",284,253
R008C013,2026-09-21,"[22:00,23:00)",26849,19875
R013C005,2026-09-21,"[07:00,08:00)",10868,8137
R016C020,2026-09-21,"[19:00,20:00)",24774,19460
R005C017,2026-09-21,"[09:00,10:00)",9867,7757
R014C007,2026-09-21,"[02:00,03:00)",609,331
R007C011,2026-09-21,"[14:00,15:00)",12154,9308
R005C008,2026-09-21,"[11:00,12:00)",18646,13720
R011C002,2026-09-21,"[02:00,03:00)",1575,1012
R008C008,2026-09-21,"[19:00,20:00)",33038,28224
R015C019,2026-09-21,"[03:00,04:00)",781,677
R005C008,2026-09-21,"[14:00,15:00)",21641,16584
R005C009,2026-09-21,"[03:00,04:00)",436,352
R007C006,2026-09-21,"[15:00,16:00)",21884,16783
R010C011,2026-09-21,"[18:00,19:00)",103179,75762
R015C009,2026-09-21,"[13:00,14:00)",7501,4396
R016C018,2026-09-21,"[07:00,08:00)",33255,30485
R009C007,2026-09-21,"[03:00,04:00)",1430,1010
R016C019,2026-09-21,"[08:00,09:00)",41974,36110
R018C007,2026-09-21,"[23:00,00:00)",683,569
R009C001,2026-09-21,"[21:00,22:00)",1165,995
R014C016,2026-09-21,"[10:00,11:00)",14708,12800
R021C008,2026-09-21,"[13:00,14:00)",5205,3755
R010C015,2026-09-21,"[09:00,10:00)",39644,30428
R007C013,2026-09-21,"[15:00,16:00)",62563,50460
R011C009,2026-09-21,"[02:00,03:00)",6166,3658
R012C009,2026-09-21,"[22:00,23:00)",24443,18215
R006C013,2026-09-21,"[16:00,17:00)",20118,17689
R023C011,2026-09-21,"[20:00,21:00)",2367,1909
R023C004,2026-09-21,"[17:00,18:00)",711,711
R022C014,2026-09-21,"[08:00,09:00)",179,159
R010C009,2026-09-21,"[23:00,00:00)",23092,17422
R022C006,2026-09-21,"[23:00,00:00)",184,122
R018C016,2026-09-21,"[11:00,12:00)",1675,1342
R010C016,2026-09-21,"[03:00,04:00)",1898,1486
R006C010,2026-09-21,"[12:00,13:00)",22637,18257
R023C006,2026-09-21,"[03:00,04:00)",163,96
R020C015,2026-09-21,"[16:00,17:00)",244,244
R010C005,2026-09-21,"[11:00,12:00)",25753,19075
R014C012,2026-09-21,"[03:00,04:00)",1175,997
R023C011,2026-09-21,"[22:00,23:00)",596,466
R015C010,2026-09-21,"[15:00,16:00)",33566,24060
R004C015,2026-09-21,"[06:00,07:00)",2997,2123
R013C016,2026-09-21,"[02:00,03:00)",239,203
R003C019,2026-09-21,"[11:00,12:00)",2724,2650
R004C017,2026-09-21,"[07:00,08:00)",37517,29653
R001C019,2026-09-21,"[02:00,03:00)",1086,744
R015C021,2026-09-21,"[05:00,06:00)",1416,1274
R005C014,2026-09-21,"[11:00,12:00)",14956,11238
R003C017,2026-09-21,"[14:00,15:00)",14515,12143
R010C003,2026-09-21,"[20:00,21:00)",27919,22297
R023C006,2026-09-21,"[22:00,23:00)",307,183
R022C009,2026-09-21,"[08:00,09:00)",15252,12537
R018C012,2026-09-21,"[13:00,14:00)",2852,1874
R018C016,2026-09-21,"[20:00,21:00)",1235,938
R014C006,2026-09-21,"[02:00,03:00)",474,248
R006C009,2026-09-21,"[13:00,14:00)",17145,13437
R018C004,2026-09-21,"[23:00,00:00)",159,159
R012C021,2026-09-21,"[20:00,21:00)",2783,2578
R008C007,2026-09-21,"[07:00,08:00)",81804,63323
R003C015,2026-09-21,"[21:00,22:00)",1092,612
R013C012,2026-09-21,"[14:00,15:00)",102357,74112
R012C007,2026-09-21,"[23:00,00:00)",4552,3353
R018C009,2026-09-21,"[06:00,07:00)",3526,2511
R016C017,2026-09-21,"[08:00,09:00)",20167,19161
R005C008,2026-09-21,"[04:00,05:00)",1225,976
R017C009,2026-09-21,"[18:00,19:00)",4178,3204
R014C021,2026-09-21,"[03:00,04:00)",119,96
R013C010,2026-09-21,"[12:00,13:00)",52811,36878
R015C011,2026-09-21,"[09:00,10:00)",18999,15171
R008C014,2026-09-21,"[13:00,14:00)",63069,51235
R021C007,2026-09-21,"[06:00,07:00)",802,686
R022C008,2026-09-21,"[22:00,23:00)",2649,1584
R016C004,2026-09-21,"[20:00,21:00)",1791,1557
R009C014,2026-09-21,"[14:00,15:00)",79507,60404
R018C010,2026-09-21,"[07:00,08:00)",28423,24645
R018C000,2026-09-21,"[08:00,09:00)",817,681
R018C006,2026-09-21,"[05:00,06:00)",1067,905
R008C015,2026-09-21,"[04:00,05:00)",1126,837
R003C013,2026-09-21,"[13:00,14:00)",14669,12484
R007C008,2026-09-21,"[05:00,06:00)",8755,7064
R016C004,2026-09-21,"[07:00,08:00)",4161,3567
R007C007,2026-09-21,"[08:00,09:00)",80308,60870
R011C017,2026-09-21,"[05:00,06:00)",4579,3621
R017C008,2026-09-21,"[11:00,12:00)",2375,2171
R008C015,2026-09-21,"[13:00,14:00)",19701,13943
R022C009,2026-09-21,"[13:00,14:00)",8198,6231
R010C007,2026-09-21,"[17:00,18:00)",135810,104193
R006C012,2026-09-21,"[19:00,20:00)",18105,16691
R010C013,2026-09-21,"[16:00,17:00)",54476,45372
R005C017,2026-09-21,"[03:00,04:00)",293,162
R024C008,2026-09-21,"[23:00,00:00)",626,412
R007C010,2026-09-21,"[13:00,14:00)",31521,22784
R011C008,2026-09-21,"[10:00,11:00)",94850,65671
R016C009,2026-09-21,"[18:00,19:00)",8218,6633
R020C002,2026-09-21,"[07:00,08:00)",52,52
R016C000,2026-09-21,"[11:00,12:00)",130,75
R003C008,2026-09-21,"[07:00,08:00)",872,872
R010C003,2026-09-21,"[13:00,14:00)",42673,31524
R016C005,2026-09-21,"[15:00,16:00)",1158,1028
R024C011,2026-09-21,"[02:00,03:00)",12,12
R022C013,2026-09-21,"[06:00,07:00)",1292,1188
R005C014,2026-09-21,"[23:00,00:00)",3399,2556
R011C000,2026-09-21,"[09:00,10:00)",31521,30663
R013C018,2026-09-21,"[11:00,12:00)",17236,14373
R011C010,2026-09-21,"[03:00,04:00)",7525,4608
R023C008,2026-09-21,"[23:00,00:00)",510,431
R012C017,2026-09-21,"[02:00,03:00)",1889,1149
R017C010,2026-09-21,"[14:00,15:00)",21883,17504
R014C005,2026-09-21,"[05:00,06:00)",806,573
R012C008,2026-09-21,"[03:00,04:00)",812,507
R015C013,2026-09-21,"[22:00,23:00)",4111,3391
R013C007,2026-09-21,"[21:00,22:00)",5089,3927
R022C011,2026-09-21,"[08:00,09:00)",10490,9526
R019C015,2026-09-21,"[14:00,15:00)",2118,1861
R003C018,2026-09-21,"[12:00,13:00)",12871,10614
R023C011,2026-09-21,"[19:00,20:00)",3722,3112
R009C010,2026-09-21,"[10:00,11:00)",95323,71851
R007C009,2026-09-21,"[09:00,10:00)",62258,49894
R004C012,2026-09-21,"[04:00,05:00)",1273,1071
R018C008,2026-09-21,"[06:00,07:00)",2311,2013
R003C010,2026-09-21,"[12:00,13:00)",5873,3605
R022C013,2026-09-21,"[05:00,06:00)",373,300
R008C009,2026-09-21,"[09:00,10:00)",71073,57938
R012C005,2026-09-21,"[03:00,04:00)",1006,606
R018C007,2026-09-21,"[08:00,09:00)",5337,4739
R008C012,2026-09-21,"[14:00,15:00)",57014,48006
R010C001,2026-09-21,"[04:00,05:00)",1108,1043
R013C022,2026-09-21,"[05:00,06:00)",702,572
R021C002,2026-09-21,"[21:00,22:00)",12,12
R020C002,2026-09-21,"[14:00,15:00)",41,40
R006C016,2026-09-21,"[22:00,23:00)",2779,2347
R012C014,2026-09-21,"[19:00,20:00)",53320,38467
R018C006,2026-09-21,"[11:00,12:00)",5609,4205
R024C011,2026-09-21,"[16:00,17:00)",1339,1196
R021C012,2026-09-21,"[17:00,18:00)",2224,2069
R011C005,2026-09-21,"[13:00,14:00)",39589,26536
R009C003,2026-09-21,"[06:00,07:00)",13635,12847
R021C012,2026-09-21,"[05:00,06:00)",284,260
R024C010,2026-09-21,"[22:00,23:00)",333,296
R015C006,2026-09-21,"[14:00,15:00)",889,787
R009C009,2026-09-21,"[11:00,12:00)",67519,56049
R004C012,2026-09-21,"[13:00,14:00)",24079,18967
R008C015,2026-09-21,"[08:00,09:00)",22010,17075
R013C010,2026-09-21,"[22:00,23:00)",14566,10669
R013C013,2026-09-21,"[06:00,07:00)",26250,21573
R017C012,2026-09-21,"[04:00,05:00)",273,190
R011C001,2026-09-21,"[15:00,16:00)",39168,34743
R020C008,2026-09-21,"[08:00,09:00)",17369,12297
R010C006,2026-09-21,"[18:00,19:00)",79275,62633
R019C015,2026-09-21,"[07:00,08:00)",1960,1853
R021C010,2026-09-21,"[14:00,15:00)",9382,7786
R005C015,2026-09-21,"[14:00,15:00)",31565,21279
R021C002,2026-09-21,"[05:00,06:00)",20,20
R004C009,2026-09-21,"[15:00,16:00)",508,396
R009C017,2026-09-21,"[14:00,15:00)",22111,17639
R012C005,2026-09-21,"[20:00,21:00)",15203,10586
R012C016,2026-09-21,"[17:00,18:00)",24246,21558
R015C017,2026-09-21,"[23:00,00:00)",5369,4194
R013C011,2026-09-21,"[08:00,09:00)",141149,108810
R014C014,2026-09-21,"[17:00,18:00)",78386,60391
R017C016,2026-09-21,"[08:00,09:00)",4718,3798
R020C012,2026-09-21,"[16:00,17:00)",3467,2513
R016C007,2026-09-21,"[20:00,21:00)",2206,1899
R018C017,2026-09-21,"[09:00,10:00)",505,414
R010C012,2026-09-21,"[06:00,07:00)",15484,13802
R023C008,2026-09-21,"[10:00,11:00)",2605,1958
R021C014,2026-09-21,"[22:00,23:00)",193,193
R010C008,2026-09-21,"[22:00,23:00)",32013,24964
R017C012,2026-09-21,"[22:00,23:00)",2293,1582
R003C007,2026-09-21,"[02:00,03:00)",688,420
R006C011,2026-09-21,"[04:00,05:00)",1586,1324
R009C018,2026-09-21,"[21:00,22:00)",2084,1736
R017C019,2026-09-21,"[04:00,05:00)",843,743
R021C003,2026-09-21,"[08:00,09:00)",80,60
R020C010,2026-09-21,"[19:00,20:00)",24092,17224
R010C003,2026-09-21,"[11:00,12:00)",36715,27175
R023C006,2026-09-21,"[18:00,19:00)",1461,965
R016C014,2026-09-21,"[06:00,07:00)",295,295
R014C014,2026-09-21,"[04:00,05:00)",2171,1862
R009C018,2026-09-21,"[09:00,10:00)",5399,4792
R015C018,2026-09-21,"[14:00,15:00)",25106,21339
R017C007,2026-09-21,"[07:00,08:00)",5817,5305
R015C012,2026-09-21,"[21:00,22:00)",12711,10480
R020C009,2026-09-21,"[19:00,20:00)",16895,11147
R012C003,2026-09-21,"[09:00,10:00)",25881,18667
R022C011,2026-09-21,"[23:00,00:00)",567,461
R016C007,2026-09-21,"[04:00,05:00)",190,167
R011C019,2026-09-21,"[20:00,21:00)",1743,1602
R003C015,2026-09-21,"[11:00,12:00)",1281,886
R019C006,2026-09-21,"[23:00,00:00)",977,830
R004C008,2026-09-21,"[18:00,19:00)",5245,4622
R006C012,2026-09-21,"[09:00,10:00)",23331,21615
R018C003,2026-09-21,"[14:00,15:00)",438,426
R008C015,2026-09-21,"[16:00,17:00)",20232,15325
R018C007,2026-09-21,"[22:00,23:00)",1135,898
R017C017,2026-09-21,"[03:00,04:00)",43,43
R016C005,2026-09-21,"[17:00,18:00)",1908,1643
R005C007,2026-09-21,"[19:00,20:00)",19685,15674
R025C007,2026-09-21,"[17:00,18:00)",1259,1199
R010C000,2026-09-21,"[06:00,07:00)",7187,6786
R021C012,2026-09-21,"[18:00,19:00)",2143,1973
R021C014,2026-09-21,"[21:00,22:00)",325,305
R007C012,2026-09-21,"[07:00,08:00)",43344,37514
R014C019,2026-09-21,"[09:00,10:00)",3952,2982
R015C008,2026-09-21,"[18:00,19:00)",3584,3238
R003C010,2026-09-21,"[10:00,11:00)",5425,3187
R019C003,2026-09-21,"[12:00,13:00)",730,612
R011C013,2026-09-21,"[12:00,13:00)",59679,46353
R020C005,2026-09-21,"[10:00,11:00)",6017,4118
R003C008,2026-09-21,"[03:00,04:00)",54,54
R015C006,2026-09-21,"[04:00,05:00)",44,44
R009C013,2026-09-21,"[19:00,20:00)",46359,39261
R007C015,2026-09-21,"[08:00,09:00)",26668,21689
R009C016,2026-09-21,"[04:00,05:00)",1914,1713
R012C015,2026-09-21,"[17:00,18:00)",37749,32141
R004C014,2026-09-21,"[14:00,15:00)",1574,1133
R025C010,2026-09-21,"[07:00,08:00)",2420,1986
R008C010,2026-09-21,"[23:00,00:00)",2897,2701
R019C001,2026-09-21,"[19:00,20:00)",151,119
R005C012,2026-09-21,"[17:00,18:00)",28503,24184
R007C006,2026-09-21,"[23:00,00:00)",2913,2026
R011C019,2026-09-21,"[03:00,04:00)",172,160
R009C002,2026-09-21,"[07:00,08:00)",31585,29837
R016C006,2026-09-21,"[18:00,19:00)",676,652
R011C007,2026-09-21,"[18:00,19:00)",83233,64301
R006C013,2026-09-21,"[20:00,21:00)",12204,10220
R023C012,2026-09-21,"[17:00,18:00)",5975,5734
R021C010,2026-09-21,"[15:00,16:00)",11243,9566
R014C007,2026-09-21,"[17:00,18:00)",8178,6381
R013C007,2026-09-21,"[18:00,19:00)",11051,8563
R010C004,2026-09-21,"[23:00,00:00)",3574,2685
R008C007,2026-09-21,"[12:00,13:00)",59952,46929
R009C015,2026-09-21,"[18:00,19:00)",48837,38090
R017C008,2026-09-21,"[07:00,08:00)",3009,2826
R005C012,2026-09-21,"[12:00,13:00)",18574,14843
R024C006,2026-09-21,"[03:00,04:00)",139,64
R014C007,2026-09-21,"[13:00,14:00)",8893,6226
R017C016,2026-09-21,"[02:00,03:00)",184,96
R019C013,2026-09-21,"[21:00,22:00)",349,337
R018C012,2026-09-21,"[16:00,17:00)",3034,2091
R013C004,2026-09-21,"[05:00,06:00)",1693,1331
R019C007,2026-09-21,"[13:00,14:00)",6743,4263
R008C014,2026-09-21,"[20:00,21:00)",33252,29577
R017C007,2026-09-21,"[04:00,05:00)",250,214
R023C010,2026-09-21,"[03:00,04:00)",40,20
R018C017,2026-09-21,"[21:00,22:00)",116,103
R007C014,2026-09-21,"[08:00,09:00)",58838,47525
R022C010,2026-09-21,"[07:00,08:00)",9119,8722
R021C010,2026-09-21,"[07:00,08:00)",15931,14363
R006C014,2026-09-21,"[13:00,14:00)",39065,27975
R007C016,2026-09-21,"[17:00,18:00)",4975,4372
R015C018,2026-09-21,"[04:00,05:00)",1634,1485
R014C015,2026-09-21,"[06:00,07:00)",15308,13201
R012C001,2026-09-21,"[19:00,20:00)",8889,7935
R017C017,2026-09-21,"[09:00,10:00)",3049,2784
R020C013,2026-09-21,"[05:00,06:00)",232,211
R018C004,2026-09-21,"[17:00,18:00)",2752,2599
R014C014,2026-09-21,"[12:00,13:00)",47578,36523
R009C016,2026-09-21,"[11:00,12:00)",22851,19344
R006C014,2026-09-21,"[11:00,12:00)",34717,24970
R015C004,2026-09-21,"[21:00,22:00)",2052,1397
R007C010,2026-09-21,"[16:00,17:00)",38387,28825
R011C008,2026-09-21,"[02:00,03:00)",2826,1919
R013C022,2026-09-21,"[13:00,14:00)",5532,4396
R019C007,2026-09-21,"[19:00,20:00)",3934,2878
R013C012,2026-09-21,"[20:00,21:00)",67758,51066
R021C002,2026-09-21,"[13:00,14:00)",60,40
R016C016,2026-09-21,"[23:00,00:00)",313,247
R013C004,2026-09-21,"[04:00,05:00)",908,672
R011C008,2026-09-21,"[21:00,22:00)",38071,29829
R017C007,2026-09-21,"[19:00,20:00)",3663,3160
R010C018,2026-09-21,"[07:00,08:00)",33672,27118
R017C004,2026-09-21,"[04:00,05:00)",123,123
R021C005,2026-09-21,"[14:00,15:00)",762,576
R016C011,2026-09-21,"[12:00,13:00)",17097,14153
R003C019,2026-09-21,"[15:00,16:00)",4313,4313
R020C010,2026-09-21,"[20:00,21:00)",16201,11692
R019C002,2026-09-21,"[20:00,21:00)",1040,699
R008C014,2026-09-21,"[02:00,03:00)",2430,2051
R021C012,2026-09-21,"[20:00,21:00)",1089,933
R014C009,2026-09-21,"[10:00,11:00)",20140,14253
R022C007,2026-09-21,"[08:00,09:00)",3938,2979
R005C014,2026-09-21,"[02:00,03:00)",1218,633
R003C011,2026-09-21,"[20:00,21:00)",7645,5756
R016C007,2026-09-21,"[23:00,00:00)",530,483
R016C008,2026-09-21,"[18:00,19:00)",4967,3853
R003C016,2026-09-21,"[22:00,23:00)",884,684
R019C015,2026-09-21,"[03:00,04:00)",130,58
R015C001,2026-09-21,"[11:00,12:00)",523,421
R018C002,2026-09-21,"[04:00,05:00)",64,64
R020C006,2026-09-21,"[09:00,10:00)",3480,2305
R005C013,2026-09-21,"[05:00,06:00)",605,497
R011C006,2026-09-21,"[09:00,10:00)",55451,41237
R003C008,2026-09-21,"[08:00,09:00)",867,853
R008C006,2026-09-21,"[13:00,14:00)",45038,37075
R014C007,2026-09-21,"[23:00,00:00)",1238,915
R011C010,2026-09-21,"[18:00,19:00)",295655,187401
R003C017,2026-09-21,"[22:00,23:00)",2539,2273
R025C011,2026-09-21,"[10:00,11:00)",2001,1340
R016C019,2026-09-21,"[09:00,10:00)",34306,28470
R010C004,2026-09-21,"[04:00,05:00)",1515,1039
R019C005,2026-09-21,"[05:00,06:00)",2234,1804
R009C011,2026-09-21,"[09:00,10:00)",89504,71446
R012C002,2026-09-21,"[04:00,05:00)",642,547
R007C014,2026-09-21,"[13:00,14:00)",38102,30121
R011C002,2026-09-21,"[17:00,18:00)",53491,45525
R019C007,2026-09-21,"[17:00,18:00)",5184,4015
R017C015,2026-09-21,"[21:00,22:00)",614,546
R009C000,2026-09-21,"[15:00,16:00)",1663,1639
R008C009,2026-09-21,"[05:00,06:00)",9068,7777
R021C012,2026-09-21,"[12:00,13:00)",1638,1482
R016C015,2026-09-21,"[21:00,22:00)",200,165
R007C005,2026-09-21,"[06:00,07:00)",5616,4086
R016C004,2026-09-21,"[17:00,18:00)",4375,3646
R021C013,2026-09-21,"[18:00,19:00)",5655,4071
R021C011,2026-09-21,"[23:00,00:00)",245,234
R017C006,2026-09-21,"[06:00,07:00)",1446,1387
R014C016,2026-09-21,"[11:00,12:00)",14301,12476
R010C012,2026-09-21,"[15:00,16:00)",40921,34237
R004C008,2026-09-21,"[20:00,21:00)",3338,2884
R016C007,2026-09-21,"[14:00,15:00)",3912,3292
R014C009,2026-09-21,"[17:00,18:00)",31047,23696
R006C008,2026-09-21,"[13:00,14:00)",33598,24515
R005C007,2026-09-21,"[03:00,04:00)",935,778
R014C021,2026-09-21,"[10:00,11:00)",1986,1581
R011C012,2026-09-21,"[22:00,23:00)",13935,11531
R017C010,2026-09-21,"[10:00,11:00)",17102,13828
R006C011,2026-09-21,"[22:00,23:00)",6215,5404
R012C011,2026-09-21,"[20:00,21:00)",71678,55623
R014C016,2026-09-21,"[05:00,06:00)",2228,2007
R021C008,2026-09-21,"[18:00,19:00)",5151,4122
R009C003,2026-09-21,"[14:00,15:00)",51381,43824
R025C010,2026-09-21,"[18:00,19:00)",2941,2176
R010C000,2026-09-21,"[21:00,22:00)",5003,4631
R024C005,2026-09-21,"[06:00,07:00)",272,272
R017C003,2026-09-21,"[04:00,05:00)",32,32
R007C016,2026-09-21,"[20:00,21:00)",1445,1312
R014C007,2026-09-21,"[14:00,15:00)",8857,6180
R017C017,2026-09-21,"[18:00,19:00)",3289,3069
R018C011,2026-09-21,"[15:00,16:00)",7246,6856
R020C006,2026-09-21,"[07:00,08:00)",4527,3559
R003C007,2026-09-21,"[09:00,10:00)",14927,13242
R012C017,2026-09-21,"[11:00,12:00)",36706,25639
R020C003,2026-09-21,"[12:00,13:00)",333,265
R022C013,2026-09-21,"[19:00,20:00)",2212,1867
R003C017,2026-09-21,"[18:00,19:00)",14003,12625
R010C017,2026-09-21,"[13:00,14:00)",42374,30596
R007C010,2026-09-21,"[12:00,13:00)",31422,22845
R024C008,2026-09-21,"[11:00,12:00)",2665,1933
R015C011,2026-09-21,"[23:00,00:00)",2233,1814
R010C016,2026-09-21,"[22:00,23:00)",10228,7631
R005C017,2026-09-21,"[14:00,15:00)",8975,6908
R009C016,2026-09-21,"[23:00,00:00)",4045,3447
R013C008,2026-09-21,"[08:00,09:00)",9148,8533
R012C020,2026-09-21,"[21:00,22:00)",1256,1236
R013C008,2026-09-21,"[11:00,12:00)",6941,6003
R010C000,2026-09-21,"[16:00,17:00)",17873,16724
R017C014,2026-09-21,"[22:00,23:00)",253,205
R017C015,2026-09-21,"[15:00,16:00)",1500,1418
R017C015,2026-09-21,"[22:00,23:00)",235,188
R013C006,2026-09-21,"[17:00,18:00)",22792,16528
R008C010,2026-09-21,"[07:00,08:00)",19874,18989
R003C007,2026-09-21,"[16:00,17:00)",18432,16641
R018C013,2026-09-21,"[13:00,14:00)",2835,2123
R005C012,2026-09-21,"[22:00,23:00)",4982,3955
R019C007,2026-09-21,"[23:00,00:00)",689,475
R015C020,2026-09-21,"[20:00,21:00)",2803,2251
R008C005,2026-09-21,"[14:00,15:00)",75782,56317
R021C008,2026-09-21,"[23:00,00:00)",432,409
R008C018,2026-09-21,"[05:00,06:00)",983,576
R016C012,2026-09-21,"[21:00,22:00)",10614,8219
R014C020,2026-09-21,"[04:00,05:00)",99,67
R020C015,2026-09-21,"[19:00,20:00)",183,183
R001C020,2026-09-21,"[13:00,14:00)",12500,11191
R013C008,2026-09-21,"[07:00,08:00)",9119,8638
R018C003,2026-09-21,"[05:00,06:00)",227,187
R010C011,2026-09-21,"[20:00,21:00)",58811,42979
R024C007,2026-09-21,"[14:00,15:00)",847,573
R010C004,2026-09-21,"[18:00,19:00)",30974,23290
R017C017,2026-09-21,"[21:00,22:00)",986,905
R013C012,2026-09-21,"[22:00,23:00)",25469,20453
R011C014,2026-09-21,"[15:00,16:00)",70249,52450
R017C002,2026-09-21,"[02:00,03:00)",12,12
R014C012,2026-09-21,"[06:00,07:00)",22909,18565
R025C011,2026-09-21,"[22:00,23:00)",665,522
R014C002,2026-09-21,"[12:00,13:00)",2986,1966
R013C018,2026-09-21,"[14:00,15:00)",23326,18765
R010C003,2026-09-21,"[06:00,07:00)",12887,10816
R015C006,2026-09-21,"[18:00,19:00)",705,681
R009C010,2026-09-21,"[04:00,05:00)",6763,4925
R023C012,2026-09-21,"[10:00,11:00)",2511,2360
R004C014,2026-09-21,"[17:00,18:00)",2228,1554
R013C012,2026-09-21,"[09:00,10:00)",97185,75389
R017C001,2026-09-21,"[10:00,11:00)",91,91
R019C014,2026-09-21,"[22:00,23:00)",547,451
R009C007,2026-09-21,"[21:00,22:00)",21481,16989
R011C017,2026-09-21,"[06:00,07:00)",13411,10880
R010C010,2026-09-21,"[04:00,05:00)",6472,4492
R008C003,2026-09-21,"[10:00,11:00)",39953,32453
R015C005,2026-09-21,"[16:00,17:00)",1179,1131
R020C013,2026-09-21,"[04:00,05:00)",171,139
R017C005,2026-09-21,"[07:00,08:00)",1375,1284
R010C014,2026-09-21,"[09:00,10:00)",48306,37188
R007C006,2026-09-21,"[20:00,21:00)",13721,9956
R008C012,2026-09-21,"[09:00,10:00)",51160,45567
R009C010,2026-09-21,"[03:00,04:00)",5733,4074
R011C016,2026-09-21,"[02:00,03:00)",1221,704
R006C009,2026-09-21,"[07:00,08:00)",21840,17851
R016C001,2026-09-21,"[07:00,08:00)",31,31
R008C011,2026-09-21,"[18:00,19:00)",17354,16493
R007C007,2026-09-21,"[16:00,17:00)",76562,57027
R014C006,2026-09-21,"[04:00,05:00)",531,289
R021C013,2026-09-21,"[14:00,15:00)",5188,3511
R005C017,2026-09-21,"[23:00,00:00)",1010,739
R023C003,2026-09-21,"[10:00,11:00)",40,40
R009C002,2026-09-21,"[18:00,19:00)",23562,20593
R021C012,2026-09-21,"[02:00,03:00)",142,59
R013C011,2026-09-21,"[20:00,21:00)",60039,45888
R007C015,2026-09-21,"[22:00,23:00)",4037,3275
R016C015,2026-09-21,"[07:00,08:00)",513,501
R017C014,2026-09-21,"[04:00,05:00)",79,79
R011C016,2026-09-21,"[21:00,22:00)",9466,7273
R008C011,2026-09-21,"[23:00,00:00)",2859,2462
R011C007,2026-09-21,"[14:00,15:00)",86551,61334
R007C016,2026-09-21,"[19:00,20:00)",2054,1888
R014C016,2026-09-21,"[23:00,00:00)",2011,1696
R015C014,2026-09-21,"[22:00,23:00)",1001,918
R022C005,2026-09-21,"[11:00,12:00)",124,124
R008C018,2026-09-21,"[11:00,12:00)",4040,2370
R005C017,2026-09-21,"[07:00,08:00)",14873,13428
R004C013,2026-09-21,"[03:00,04:00)",528,291
R015C019,2026-09-21,"[18:00,19:00)",12194,11320
R004C010,2026-09-21,"[04:00,05:00)",52,52
R015C016,2026-09-21,"[06:00,07:00)",15936,12980
R006C015,2026-09-21,"[12:00,13:00)",30326,22352
R017C001,2026-09-21,"[16:00,17:00)",83,83
R011C005,2026-09-21,"[09:00,10:00)",34559,25829
R003C016,2026-09-21,"[08:00,09:00)",2880,2325
R016C006,2026-09-21,"[09:00,10:00)",728,704
R006C007,2026-09-21,"[20:00,21:00)",19386,14630
R017C005,2026-09-21,"[22:00,23:00)",322,191
R023C011,2026-09-21,"[06:00,07:00)",1944,1635
R018C016,2026-09-21,"[03:00,04:00)",60,48
R009C004,2026-09-21,"[16:00,17:00)",62208,50943
R009C012,2026-09-21,"[20:00,21:00)",33886,29403
R018C003,2026-09-21,"[20:00,21:00)",329,305
R023C006,2026-09-21,"[08:00,09:00)",2565,1880
R024C008,2026-09-21,"[07:00,08:00)",3129,2584
R011C015,2026-09-21,"[13:00,14:00)",29662,21712
R018C002,2026-09-21,"[10:00,11:00)",854,647
R010C009,2026-09-21,"[05:00,06:00)",15367,11021
R003C012,2026-09-21,"[02:00,03:00)",676,572
R020C005,2026-09-21,"[02:00,03:00)",419,268
R020C009,2026-09-21,"[05:00,06:00)",3547,2464
R013C008,2026-09-21,"[10:00,11:00)",6485,5532
R020C008,2026-09-21,"[20:00,21:00)",9258,5831
R015C004,2026-09-21,"[05:00,06:00)",745,518
R004C017,2026-09-21,"[14:00,15:00)",25676,18384
R004C014,2026-09-21,"[11:00,12:00)",1513,943
R011C019,2026-09-21,"[13:00,14:00)",2476,2322
R015C006,2026-09-21,"[11:00,12:00)",928,852
R017C017,2026-09-21,"[10:00,11:00)",2586,2382
R014C005,2026-09-21,"[18:00,19:00)",4525,3830
R007C014,2026-09-21,"[11:00,12:00)",36237,28106
R004C014,2026-09-21,"[12:00,13:00)",1461,1056
R007C007,2026-09-21,"[06:00,07:00)",20059,17070
R011C006,2026-09-21,"[02:00,03:00)",1409,965
R020C010,2026-09-21,"[21:00,22:00)",11486,7792
R010C016,2026-09-21,"[09:00,10:00)",39008,29761
R018C014,2026-09-21,"[20:00,21:00)",1474,1092
R006C014,2026-09-21,"[18:00,19:00)",49358,37173
R010C015,2026-09-21,"[11:00,12:00)",36722,26175
R012C007,2026-09-21,"[14:00,15:00)",32564,22329
R010C018,2026-09-21,"[19:00,20:00)",28288,22704
R015C013,2026-09-21,"[08:00,09:00)",26255,21438
R008C014,2026-09-21,"[08:00,09:00)",84832,73380
R017C007,2026-09-21,"[20:00,21:00)",2692,2165
R011C003,2026-09-21,"[07:00,08:00)",30329,24519
R009C015,2026-09-21,"[04:00,05:00)",3622,2816
R008C009,2026-09-21,"[14:00,15:00)",80202,62165
R023C006,2026-09-21,"[16:00,17:00)",2961,2125
R015C012,2026-09-21,"[06:00,07:00)",9428,8111
R012C009,2026-09-21,"[17:00,18:00)",155992,107791
R008C006,2026-09-21,"[15:00,16:00)",52100,44268
R017C006,2026-09-21,"[22:00,23:00)",167,143
R013C014,2026-09-21,"[11:00,12:00)",30847,23989
R015C007,2026-09-21,"[08:00,09:00)",4423,4144
R015C016,2026-09-21,"[22:00,23:00)",8734,7298
R020C006,2026-09-21,"[15:00,16:00)",4628,3031
R013C004,2026-09-21,"[06:00,07:00)",4593,3814
R020C005,2026-09-21,"[23:00,00:00)",1111,737
R022C008,2026-09-21,"[10:00,11:00)",6029,3563
R017C017,2026-09-21,"[13:00,14:00)",2225,2088
R016C000,2026-09-21,"[18:00,19:00)",83,71
R007C010,2026-09-21,"[23:00,00:00)",2617,2235
R018C015,2026-09-21,"[09:00,10:00)",4509,3151
R020C002,2026-09-21,"[11:00,12:00)",132,132
R013C009,2026-09-21,"[05:00,06:00)",3149,2502
R012C010,2026-09-21,"[22:00,23:00)",39496,28485
R010C014,2026-09-21,"[12:00,13:00)",49710,36575
R016C006,2026-09-21,"[13:00,14:00)",909,862
R019C008,2026-09-21,"[05:00,06:00)",349,285
R025C011,2026-09-21,"[16:00,17:00)",3048,2304
R008C004,2026-09-21,"[17:00,18:00)",103120,75518
R011C013,2026-09-21,"[16:00,17:00)",88056,68707
R011C018,2026-09-21,"[21:00,22:00)",14506,11137
R020C008,2026-09-21,"[13:00,14:00)",14315,8531
R015C015,2026-09-21,"[19:00,20:00)",35784,27653
R024C006,2026-09-21,"[19:00,20:00)",495,291
R006C007,2026-09-21,"[17:00,18:00)",44223,32050
R007C017,2026-09-21,"[16:00,17:00)",6716,5469
R008C011,2026-09-21,"[03:00,04:00)",706,603
R011C017,2026-09-21,"[12:00,13:00)",35408,27073
R010C018,2026-09-21,"[15:00,16:00)",32563,25421
R003C012,2026-09-21,"[11:00,12:00)",17603,15814
R021C009,2026-09-21,"[17:00,18:00)",19776,15313
R020C010,2026-09-21,"[03:00,04:00)",958,649
R022C007,2026-09-21,"[12:00,13:00)",2790,1830
R012C002,2026-09-21,"[19:00,20:00)",13265,10353
R013C015,2026-09-21,"[03:00,04:00)",296,276
R005C015,2026-09-21,"[07:00,08:00)",36152,27723
R004C016,2026-09-21,"[03:00,04:00)",295,252
R021C015,2026-09-21,"[07:00,08:00)",44,32
R021C006,2026-09-21,"[10:00,11:00)",279,259
R025C010,2026-09-21,"[13:00,14:00)",1445,1098
R010C009,2026-09-21,"[02:00,03:00)",7417,3845
R009C001,2026-09-21,"[12:00,13:00)",3478,3108
R024C009,2026-09-21,"[14:00,15:00)",3096,2428
R006C006,2026-09-21,"[20:00,21:00)",9293,7253
R011C014,2026-09-21,"[19:00,20:00)",57685,42450
R011C004,2026-09-21,"[10:00,11:00)",21678,15735
R008C014,2026-09-21,"[22:00,23:00)",12797,11266
R016C005,2026-09-21,"[09:00,10:00)",1264,1055
R013C005,2026-09-21,"[12:00,13:00)",13082,8917
R021C009,2026-09-21,"[07:00,08:00)",17566,15346
R021C004,2026-09-21,"[08:00,09:00)",964,742
R010C011,2026-09-21,"[07:00,08:00)",96511,73098
R011C004,2026-09-21,"[05:00,06:00)",2819,2196
R024C011,2026-09-21,"[08:00,09:00)",2425,2166
R015C012,2026-09-21,"[07:00,08:00)",35177,29887
R015C016,2026-09-21,"[05:00,06:00)",4498,3636
R014C008,2026-09-21,"[14:00,15:00)",5299,4111
R007C015,2026-09-21,"[09:00,10:00)",21512,16540
R016C017,2026-09-21,"[18:00,19:00)",16633,15783
R004C013,2026-09-21,"[15:00,16:00)",6865,5242
R003C016,2026-09-21,"[19:00,20:00)",1900,1617
R016C002,2026-09-21,"[06:00,07:00)",32,32
R009C014,2026-09-21,"[22:00,23:00)",16660,13107
R013C021,2026-09-21,"[20:00,21:00)",1404,1332
R006C008,2026-09-21,"[23:00,00:00)",5494,4140
R024C010,2026-09-21,"[06:00,07:00)",744,724
R025C011,2026-09-21,"[03:00,04:00)",92,79
R012C018,2026-09-21,"[13:00,14:00)",21094,17006
R009C011,2026-09-21,"[07:00,08:00)",93085,78489
R013C008,2026-09-21,"[03:00,04:00)",319,213
R018C002,2026-09-21,"[19:00,20:00)",1143,768
R018C010,2026-09-21,"[02:00,03:00)",495,356
R012C009,2026-09-21,"[14:00,15:00)",115993,78892
R010C003,2026-09-21,"[10:00,11:00)",34354,25768
R020C010,2026-09-21,"[16:00,17:00)",30477,21256
R015C001,2026-09-21,"[06:00,07:00)",209,209
R020C011,2026-09-21,"[02:00,03:00)",621,435
R013C020,2026-09-21,"[02:00,03:00)",301,129
R014C017,2026-09-21,"[13:00,14:00)",19103,14920
R004C010,2026-09-21,"[16:00,17:00)",1319,1161
R012C002,2026-09-21,"[06:00,07:00)",4455,3671
R011C011,2026-09-21,"[08:00,09:00)",134020,105032
R009C004,2026-09-21,"[12:00,13:00)",54116,41919
R008C010,2026-09-21,"[10:00,11:00)",18245,16691
R004C009,2026-09-21,"[16:00,17:00)",845,621
R001C021,2026-09-21,"[13:00,14:00)",18432,15324
R023C006,2026-09-21,"[15:00,16:00)",1359,878
R010C009,2026-09-21,"[16:00,17:00)",233043,162070
R019C009,2026-09-21,"[23:00,00:00)",1258,885
R012C011,2026-09-21,"[15:00,16:00)",125409,94628
R011C015,2026-09-21,"[16:00,17:00)",41818,32058
R004C009,2026-09-21,"[07:00,08:00)",800,705
R016C013,2026-09-21,"[20:00,21:00)",2939,2328
R021C011,2026-09-21,"[02:00,03:00)",107,67
R010C002,2026-09-21,"[10:00,11:00)",44120,34652
R008C007,2026-09-21,"[22:00,23:00)",13041,10690
R005C011,2026-09-21,"[07:00,08:00)",44973,38078
R017C001,2026-09-21,"[15:00,16:00)",99,99
R015C004,2026-09-21,"[23:00,00:00)",291,291
R016C018,2026-09-21,"[02:00,03:00)",1143,940
R008C013,2026-09-21,"[05:00,06:00)",12966,10349
R016C003,2026-09-21,"[16:00,17:00)",527,516
R004C016,2026-09-21,"[13:00,14:00)",18215,14153
R012C020,2026-09-21,"[16:00,17:00)",4527,4427
R009C009,2026-09-21,"[14:00,15:00)",77510,64861
R019C006,2026-09-21,"[02:00,03:00)",1006,483
R016C005,2026-09-21,"[08:00,09:00)",1356,1182
R003C010,2026-09-21,"[03:00,04:00)",253,173
R012C016,2026-09-21,"[10:00,11:00)",12585,11177
R013C008,2026-09-21,"[20:00,21:00)",4130,3583
R005C016,2026-09-21,"[03:00,04:00)",495,408
R016C014,2026-09-21,"[20:00,21:00)",537,525
R004C010,2026-09-21,"[17:00,18:00)",1720,1541
R020C003,2026-09-21,"[21:00,22:00)",95,83
R009C014,2026-09-21,"[21:00,22:00)",29646,23100
R016C011,2026-09-21,"[13:00,14:00)",18210,15195
R013C008,2026-09-21,"[19:00,20:00)",5017,4428
R005C010,2026-09-21,"[19:00,20:00)",8660,7537
R006C009,2026-09-21,"[04:00,05:00)",917,645
R011C008,2026-09-21,"[08:00,09:00)",118233,89183
R011C012,2026-09-21,"[16:00,17:00)",66813,54113
R018C003,2026-09-21,"[15:00,16:00)",391,379
R015C007,2026-09-21,"[15:00,16:00)",4670,4133
R004C009,2026-09-21,"[13:00,14:00)",926,587
R009C015,2026-09-21,"[03:00,04:00)",3366,2374
R023C010,2026-09-21,"[05:00,06:00)",210,210
R010C004,2026-09-21,"[12:00,13:00)",25336,17597
R016C018,2026-09-21,"[04:00,05:00)",1469,1222
R010C010,2026-09-21,"[20:00,21:00)",110004,77337
R013C015,2026-09-21,"[22:00,23:00)",2860,2655
R022C014,2026-09-21,"[17:00,18:00)",351,262
R008C006,2026-09-21,"[17:00,18:00)",60265,50859
R023C006,2026-09-21,"[06:00,07:00)",910,711
R004C017,2026-09-21,"[20:00,21:00)",11521,9526
R012C003,2026-09-21,"[15:00,16:00)",31227,22217
R003C012,2026-09-21,"[16:00,17:00)",26477,23662
R020C010,2026-09-21,"[06:00,07:00)",12228,9399
R002C019,2026-09-21,"[03:00,04:00)",646,403
R018C006,2026-09-21,"[22:00,23:00)",1220,843
R021C006,2026-09-21,"[08:00,09:00)",641,609
R005C017,2026-09-21,"[06:00,07:00)",5535,4503
R009C008,2026-09-21,"[05:00,06:00)",4910,4112
R020C009,2026-09-21,"[03:00,04:00)",1214,657
R017C012,2026-09-21,"[09:00,10:00)",6311,4696
R025C011,2026-09-21,"[05:00,06:00)",419,314
R021C013,2026-09-21,"[06:00,07:00)",2066,1670
R017C008,2026-09-21,"[19:00,20:00)",1525,1251
R015C000,2026-09-21,"[15:00,16:00)",197,197
R018C005,2026-09-21,"[02:00,03:00)",151,104
R013C017,2026-09-21,"[03:00,04:00)",795,610
R017C009,2026-09-21,"[10:00,11:00)",5551,3832
R014C015,2026-09-21,"[05:00,06:00)",4251,3527
R014C010,2026-09-21,"[03:00,04:00)",650,458
R019C008,2026-09-21,"[14:00,15:00)",2184,1650
R013C006,2026-09-21,"[02:00,03:00)",1027,640
R010C002,2026-09-21,"[04:00,05:00)",2262,1918
R008C005,2026-09-21,"[06:00,07:00)",22340,18694
R012C006,2026-09-21,"[10:00,11:00)",22421,16219
R010C000,2026-09-21,"[23:00,00:00)",1650,1459
R011C011,2026-09-21,"[18:00,19:00)",133629,100166
R020C012,2026-09-21,"[21:00,22:00)",1368,1019
R007C014,2026-09-21,"[04:00,05:00)",2086,1656
R011C011,2026-09-21,"[19:00,20:00)",101212,74583
R020C014,2026-09-21,"[13:00,14:00)",2228,1786
R016C019,2026-09-21,"[13:00,14:00)",28892,24000
R008C008,2026-09-21,"[21:00,22:00)",17640,15356
R012C015,2026-09-21,"[19:00,20:00)",20759,17925
R016C001,2026-09-21,"[10:00,11:00)",12,12
R012C002,2026-09-21,"[14:00,15:00)",15246,11608
R013C016,2026-09-21,"[04:00,05:00)",332,264
R006C017,2026-09-21,"[12:00,13:00)",9909,6576
R012C003,2026-09-21,"[14:00,15:00)",29242,19939
R004C008,2026-09-21,"[10:00,11:00)",6271,4603
R018C009,2026-09-21,"[16:00,17:00)",12541,9333
R011C007,2026-09-21,"[06:00,07:00)",27113,22538
R013C015,2026-09-21,"[13:00,14:00)",15559,13845
R011C013,2026-09-21,"[17:00,18:00)",99934,78285
R020C005,2026-09-21,"[17:00,18:00)",12085,8617
R005C013,2026-09-21,"[13:00,14:00)",2986,2328
R008C005,2026-09-21,"[16:00,17:00)",83703,64338
R009C012,2026-09-21,"[08:00,09:00)",75348,66053
R013C008,2026-09-21,"[15:00,16:00)",8453,7502
R017C004,2026-09-21,"[22:00,23:00)",266,239
R010C013,2026-09-21,"[20:00,21:00)",23304,19363
R019C013,2026-09-21,"[19:00,20:00)",803,736
R004C011,2026-09-21,"[13:00,14:00)",22192,16236
R017C016,2026-09-21,"[09:00,10:00)",3544,2798
R018C003,2026-09-21,"[18:00,19:00)",481,458
R009C013,2026-09-21,"[11:00,12:00)",63068,47616
R022C010,2026-09-21,"[04:00,05:00)",119,119
R015C013,2026-09-21,"[05:00,06:00)",1313,1091
R007C017,2026-09-21,"[09:00,10:00)",6901,5198
R015C000,2026-09-21,"[11:00,12:00)",333,246
R014C013,2026-09-21,"[17:00,18:00)",87034,71618
R024C009,2026-09-21,"[02:00,03:00)",159,91
R004C013,2026-09-21,"[09:00,10:00)",5712,4508
R010C002,2026-09-21,"[05:00,06:00)",4787,3938
R018C001,2026-09-21,"[21:00,22:00)",103,91
R024C011,2026-09-21,"[12:00,13:00)",683,583
R012C011,2026-09-21,"[21:00,22:00)",51335,40039
R017C009,2026-09-21,"[11:00,12:00)",5885,3807
R008C004,2026-09-21,"[03:00,04:00)",5691,3912
R017C013,2026-09-21,"[20:00,21:00)",2785,1923
R021C002,2026-09-21,"[06:00,07:00)",80,80
R012C011,2026-09-21,"[18:00,19:00)",134926,103350
R014C018,2026-09-21,"[13:00,14:00)",21459,16165
R020C014,2026-09-21,"[08:00,09:00)",2967,2430
R021C005,2026-09-21,"[18:00,19:00)",1113,800
R011C014,2026-09-21,"[03:00,04:00)",1765,1314
R016C014,2026-09-21,"[14:00,15:00)",730,719
R006C010,2026-09-21,"[23:00,00:00)",2311,2001
R012C016,2026-09-21,"[07:00,08:00)",23413,21078
R009C009,2026-09-21,"[04:00,05:00)",4456,3527
R015C005,2026-09-21,"[09:00,10:00)",1193,1035
R015C008,2026-09-21,"[15:00,16:00)",4622,3662
R024C007,2026-09-21,"[15:00,16:00)",884,717
R013C016,2026-09-21,"[03:00,04:00)",153,141
R013C016,2026-09-21,"[13:00,14:00)",9837,8060
R017C014,2026-09-21,"[10:00,11:00)",733,613
R009C013,2026-09-21,"[03:00,04:00)",1889,1664
R015C005,2026-09-21,"[13:00,14:00)",1530,1226
R003C019,2026-09-21,"[21:00,22:00)",2297,2289
R002C019,2026-09-21,"[13:00,14:00)",12795,10580
R008C008,2026-09-21,"[05:00,06:00)",5181,4659
R007C017,2026-09-21,"[21:00,22:00)",1557,1297
R010C014,2026-09-21,"[03:00,04:00)",1954,1321
R018C013,2026-09-21,"[08:00,09:00)",1935,1560
R010C002,2026-09-21,"[19:00,20:00)",38484,31278
R024C010,2026-09-21,"[13:00,14:00)",848,733
R017C011,2026-09-21,"[04:00,05:00)",355,307
R022C006,2026-09-21,"[16:00,17:00)",3064,2054
R014C013,2026-09-21,"[10:00,11:00)",45351,37437
R008C011,2026-09-21,"[09:00,10:00)",17845,17054
R022C008,2026-09-21,"[13:00,14:00)",7811,4455
R006C014,2026-09-21,"[16:00,17:00)",52552,39700
R008C015,2026-09-21,"[11:00,12:00)",20204,14086
R009C009,2026-09-21,"[23:00,00:00)",9539,8503
R014C008,2026-09-21,"[15:00,16:00)",6062,4758
R006C017,2026-09-21,"[07:00,08:00)",12711,9795
R018C008,2026-09-21,"[04:00,05:00)",256,173
R024C008,2026-09-21,"[15:00,16:00)",3383,2332
R013C010,2026-09-21,"[08:00,09:00)",75973,59303
R023C007,2026-09-21,"[21:00,22:00)",609,457
R019C011,2026-09-21,"[16:00,17:00)",25754,18951
R010C006,2026-09-21,"[11:00,12:00)",58455,45822
R006C013,2026-09-21,"[09:00,10:00)",16475,14392
R018C010,2026-09-21,"[21:00,22:00)",7653,6473
R009C012,2026-09-21,"[03:00,04:00)",2410,2081
R010C005,2026-09-21,"[19:00,20:00)",22883,18744
R017C009,2026-09-21,"[15:00,16:00)",6124,4166
R018C000,2026-09-21,"[10:00,11:00)",267,179
R018C003,2026-09-21,"[11:00,12:00)",313,313
R010C005,2026-09-21,"[04:00,05:00)",1944,1627
R015C005,2026-09-21,"[07:00,08:00)",936,916
R008C008,2026-09-21,"[03:00,04:00)",1315,1219
R008C010,2026-09-21,"[22:00,23:00)",5064,4584
R015C004,2026-09-21,"[11:00,12:00)",5552,3782
R007C016,2026-09-21,"[14:00,15:00)",4619,3685
R007C005,2026-09-21,"[20:00,21:00)",15704,10926
R008C003,2026-09-21,"[18:00,19:00)",41364,36906
R013C003,2026-09-21,"[04:00,05:00)",478,444
R014C014,2026-09-21,"[13:00,14:00)",51652,39384
R017C009,2026-09-21,"[23:00,00:00)",450,304
R014C018,2026-09-21,"[12:00,13:00)",18407,14009
R009C015,2026-09-21,"[19:00,20:00)",38042,29046
R016C009,2026-09-21,"[22:00,23:00)",1537,1241
R015C018,2026-09-21,"[11:00,12:00)",21218,18515
R012C004,2026-09-21,"[03:00,04:00)",1017,663
R005C013,2026-09-21,"[08:00,09:00)",3197,2677
R005C012,2026-09-21,"[21:00,22:00)",8711,7220
R006C014,2026-09-21,"[07:00,08:00)",54401,43703
R017C007,2026-09-21,"[17:00,18:00)",5055,4420
R020C015,2026-09-21,"[23:00,00:00)",24,24
R024C004,2026-09-21,"[15:00,16:00)",74,74
R020C014,2026-09-21,"[20:00,21:00)",1356,1007
R009C006,2026-09-21,"[23:00,00:00)",8308,7059
R005C016,2026-09-21,"[09:00,10:00)",22147,18083
R010C006,2026-09-21,"[09:00,10:00)",71671,56414
R015C008,2026-09-21,"[20:00,21:00)",2089,1717
R011C018,2026-09-21,"[05:00,06:00)",2938,2344
R017C011,2026-09-21,"[23:00,00:00)",951,884
R007C017,2026-09-21,"[15:00,16:00)",6615,4892
R020C014,2026-09-21,"[07:00,08:00)",2518,2119
R007C012,2026-09-21,"[14:00,15:00)",36428,30004
R005C013,2026-09-21,"[21:00,22:00)",1792,1310
R008C006,2026-09-21,"[18:00,19:00)",50910,44172
R018C014,2026-09-21,"[19:00,20:00)",1951,1530
R002C019,2026-09-21,"[23:00,00:00)",2363,1953
R009C001,2026-09-21,"[04:00,05:00)",303,303
R019C013,2026-09-21,"[10:00,11:00)",2029,1473
R014C017,2026-09-21,"[21:00,22:00)",9390,7733
R016C007,2026-09-21,"[10:00,11:00)",3445,2747
R011C019,2026-09-21,"[07:00,08:00)",4777,4562
R005C008,2026-09-21,"[15:00,16:00)",24572,18633
R022C004,2026-09-21,"[06:00,07:00)",20,20
R017C013,2026-09-21,"[16:00,17:00)",5973,4464
R017C005,2026-09-21,"[03:00,04:00)",49,49
R010C003,2026-09-21,"[23:00,00:00)",5859,4713
R020C009,2026-09-21,"[10:00,11:00)",13086,9015
R020C015,2026-09-21,"[02:00,03:00)",8,8
R012C016,2026-09-21,"[04:00,05:00)",537,478
R017C000,2026-09-21,"[15:00,16:00)",59,59
R013C019,2026-09-21,"[11:00,12:00)",1869,1402
R013C011,2026-09-21,"[07:00,08:00)",104508,84117
R013C019,2026-09-21,"[23:00,00:00)",502,431
R014C019,2026-09-21,"[11:00,12:00)",4196,2836
R008C012,2026-09-21,"[23:00,00:00)",9003,7533
R015C014,2026-09-21,"[06:00,07:00)",2110,2093
R006C016,2026-09-21,"[02:00,03:00)",580,378
R018C017,2026-09-21,"[11:00,12:00)",297,262
R015C004,2026-09-21,"[07:00,08:00)",6121,4684
R004C012,2026-09-21,"[06:00,07:00)",11469,9890
R016C000,2026-09-21,"[19:00,20:00)",63,51
R013C009,2026-09-21,"[12:00,13:00)",36060,24842
R008C008,2026-09-21,"[12:00,13:00)",45036,36867
R002C019,2026-09-21,"[08:00,09:00)",16564,14429
R005C012,2026-09-21,"[10:00,11:00)",17244,13652
R016C010,2026-09-21,"[16:00,17:00)",41925,31857
R020C004,2026-09-21,"[14:00,15:00)",3838,2603
R018C016,2026-09-21,"[02:00,03:00)",108,64
R006C017,2026-09-21,"[21:00,22:00)",2870,2073
R003C012,2026-09-21,"[23:00,00:00)",2124,1909
R006C007,2026-09-21,"[03:00,04:00)",1005,734
R015C010,2026-09-21,"[21:00,22:00)",9701,7484
R013C012,2026-09-21,"[16:00,17:00)",136025,101059
R020C013,2026-09-21,"[14:00,15:00)",2686,2219
R020C002,2026-09-21,"[12:00,13:00)",152,112
R011C012,2026-09-21,"[03:00,04:00)",1557,1252
R014C014,2026-09-21,"[19:00,20:00)",47629,37807
R016C014,2026-09-21,"[10:00,11:00)",667,659
R019C014,2026-09-21,"[06:00,07:00)",1141,1058
R008C010,2026-09-21,"[20:00,21:00)",13348,11735
R017C016,2026-09-21,"[20:00,21:00)",2276,1562
R012C003,2026-09-21,"[16:00,17:00)",37010,25612
R024C011,2026-09-21,"[06:00,07:00)",872,786
R017C013,2026-09-21,"[19:00,20:00)",4444,3290
R009C004,2026-09-21,"[17:00,18:00)",65987,54099
R016C013,2026-09-21,"[14:00,15:00)",5527,4057
R011C001,2026-09-21,"[18:00,19:00)",41245,37042
R009C015,2026-09-21,"[05:00,06:00)",6437,5156
R008C010,2026-09-21,"[03:00,04:00)",1227,1120
R014C004,2026-09-21,"[11:00,12:00)",6184,4586
R010C011,2026-09-21,"[22:00,23:00)",23044,17454
R016C017,2026-09-21,"[09:00,10:00)",13897,13084
R018C006,2026-09-21,"[08:00,09:00)",6426,4839
R009C005,2026-09-21,"[22:00,23:00)",15309,11729
R016C018,2026-09-21,"[13:00,14:00)",18916,17157
R008C009,2026-09-21,"[15:00,16:00)",83531,64889
R003C007,2026-09-21,"[22:00,23:00)",2966,2585
R012C021,2026-09-21,"[22:00,23:00)",855,771
R017C004,2026-09-21,"[16:00,17:00)",2615,2504
R004C007,2026-09-21,"[15:00,16:00)",24174,18438
R021C010,2026-09-21,"[10:00,11:00)",7511,6295
R015C001,2026-09-21,"[19:00,20:00)",445,395
R012C017,2026-09-21,"[03:00,04:00)",1681,1186
R020C015,2026-09-21,"[08:00,09:00)",107,107
R011C015,2026-09-21,"[20:00,21:00)",21136,16315
R012C011,2026-09-21,"[04:00,05:00)",4939,3682
R022C009,2026-09-21,"[09:00,10:00)",8854,7048
R021C006,2026-09-21,"[15:00,16:00)",281,206
R009C016,2026-09-21,"[22:00,23:00)",6304,5157
R018C005,2026-09-21,"[10:00,11:00)",1743,1550
R004C011,2026-09-21,"[05:00,06:00)",2513,1983
R006C014,2026-09-21,"[09:00,10:00)",37708,28329
R012C018,2026-09-21,"[03:00,04:00)",1288,1074
R015C008,2026-09-21,"[07:00,08:00)",4597,4251
R004C017,2026-09-21,"[09:00,10:00)",25525,18996
R016C009,2026-09-21,"[12:00,13:00)",8783,5974
R007C012,2026-09-21,"[11:00,12:00)",34792,28408
R010C011,2026-09-21,"[15:00,16:00)",97241,68234
R009C004,2026-09-21,"[20:00,21:00)",29795,24203
R011C001,2026-09-21,"[08:00,09:00)",44671,39561
R020C003,2026-09-21,"[10:00,11:00)",310,223
R012C012,2026-09-21,"[20:00,21:00)",49531,38356
R001C021,2026-09-21,"[02:00,03:00)",637,530
R010C009,2026-09-21,"[15:00,16:00)",201718,137602
R016C020,2026-09-21,"[14:00,15:00)",28307,22272
R018C014,2026-09-21,"[03:00,04:00)",147,79
R001C019,2026-09-21,"[04:00,05:00)",1589,1139
R010C004,2026-09-21,"[11:00,12:00)",23683,16341
R021C004,2026-09-21,"[02:00,03:00)",60,60
R021C005,2026-09-21,"[17:00,18:00)",2561,2098
R007C016,2026-09-21,"[04:00,05:00)",367,347
R008C005,2026-09-21,"[10:00,11:00)",58513,45290
R012C005,2026-09-21,"[05:00,06:00)",3288,2318
R004C009,2026-09-21,"[06:00,07:00)",329,261
R008C003,2026-09-21,"[02:00,03:00)",2447,1722
R016C008,2026-09-21,"[06:00,07:00)",5680,4178
R016C008,2026-09-21,"[21:00,22:00)",1911,1454
R014C013,2026-09-21,"[19:00,20:00)",51717,43298
R022C008,2026-09-21,"[12:00,13:00)",7245,4401
R019C006,2026-09-21,"[17:00,18:00)",8727,6563
R015C017,2026-09-21,"[15:00,16:00)",52869,40121
R015C018,2026-09-21,"[07:00,08:00)",34238,31156
R007C006,2026-09-21,"[22:00,23:00)",5403,3801
R001C021,2026-09-21,"[16:00,17:00)",30360,25851
R021C008,2026-09-21,"[08:00,09:00)",6727,5297
R003C014,2026-09-21,"[21:00,22:00)",1078,676
R012C004,2026-09-21,"[08:00,09:00)",35705,26067
R017C007,2026-09-21,"[10:00,11:00)",4135,3414
R023C009,2026-09-21,"[11:00,12:00)",5316,3786
R022C007,2026-09-21,"[15:00,16:00)",2907,1875
R006C014,2026-09-21,"[12:00,13:00)",37628,26926
R012C003,2026-09-21,"[03:00,04:00)",1099,777
R012C016,2026-09-21,"[19:00,20:00)",15295,13146
R023C008,2026-09-21,"[17:00,18:00)",4988,4111
R017C004,2026-09-21,"[19:00,20:00)",1355,1311
R012C016,2026-09-21,"[22:00,23:00)",2741,2477
R012C020,2026-09-21,"[07:00,08:00)",6638,6562
R016C005,2026-09-21,"[19:00,20:00)",910,748
R016C002,2026-09-21,"[16:00,17:00)",97,97
R010C006,2026-09-21,"[16:00,17:00)",91610,70631
R013C015,2026-09-21,"[18:00,19:00)",18109,16468
R016C004,2026-09-21,"[12:00,13:00)",3980,2878
R015C003,2026-09-21,"[12:00,13:00)",1381,1297
R018C006,2026-09-21,"[09:00,10:00)",5555,4254
R004C017,2026-09-21,"[15:00,16:00)",27903,20461
R015C014,2026-09-21,"[19:00,20:00)",4925,4692
R010C000,2026-09-21,"[20:00,21:00)",8251,7540
R015C002,2026-09-21,"[19:00,20:00)",2288,1653
R005C008,2026-09-21,"[03:00,04:00)",1217,979
R021C004,2026-09-21,"[14:00,15:00)",593,513
R003C010,2026-09-21,"[17:00,18:00)",7899,5802
R023C006,2026-09-21,"[23:00,00:00)",185,121
R004C016,2026-09-21,"[09:00,10:00)",18591,14791
R016C010,2026-09-21,"[13:00,14:00)",30842,22507
R009C009,2026-09-21,"[08:00,09:00)",94592,82670
R019C004,2026-09-21,"[11:00,12:00)",5024,3288
R021C004,2026-09-21,"[18:00,19:00)",1080,822
R015C014,2026-09-21,"[14:00,15:00)",5081,4834
R016C003,2026-09-21,"[20:00,21:00)",285,273
R010C018,2026-09-21,"[04:00,05:00)",1464,1324
R016C013,2026-09-21,"[03:00,04:00)",36,36
R012C017,2026-09-21,"[04:00,05:00)",2125,1534
R009C015,2026-09-21,"[06:00,07:00)",21768,16880
R017C001,2026-09-21,"[05:00,06:00)",60,60
R014C004,2026-09-21,"[07:00,08:00)",5555,4729
R022C009,2026-09-21,"[15:00,16:00)",10390,7909
R004C007,2026-09-21,"[19:00,20:00)",16868,13726
R010C008,2026-09-21,"[07:00,08:00)",137616,108261
R009C012,2026-09-21,"[05:00,06:00)",7381,6307
R006C014,2026-09-21,"[14:00,15:00)",43554,31540
R023C008,2026-09-21,"[22:00,23:00)",981,756
R004C014,2026-09-21,"[16:00,17:00)",1753,1293
R022C009,2026-09-21,"[12:00,13:00)",8373,6203
R022C006,2026-09-21,"[11:00,12:00)",1826,1118
R018C004,2026-09-21,"[04:00,05:00)",170,170
R017C000,2026-09-21,"[17:00,18:00)",736,641
R016C014,2026-09-21,"[12:00,13:00)",712,712
R024C009,2026-09-21,"[13:00,14:00)",3142,2260
R020C015,2026-09-21,"[11:00,12:00)",158,158
R018C010,2026-09-21,"[20:00,21:00)",12432,10250
R009C012,2026-09-21,"[16:00,17:00)",77004,65716
R004C014,2026-09-21,"[08:00,09:00)",1843,1436
R020C008,2026-09-21,"[03:00,04:00)",1135,566
R003C011,2026-09-21,"[19:00,20:00)",10100,7485
R005C016,2026-09-21,"[17:00,18:00)",32535,28159
R015C007,2026-09-21,"[16:00,17:00)",7457,7194
R017C001,2026-09-21,"[12:00,13:00)",137,125
R016C009,2026-09-21,"[21:00,22:00)",2163,1825
R021C013,2026-09-21,"[23:00,00:00)",614,380
R016C007,2026-09-21,"[06:00,07:00)",4101,3663
R013C018,2026-09-21,"[10:00,11:00)",16009,13118
R015C004,2026-09-21,"[20:00,21:00)",3386,2470
R015C014,2026-09-21,"[21:00,22:00)",2002,1884
R018C003,2026-09-21,"[16:00,17:00)",768,756
R011C017,2026-09-21,"[21:00,22:00)",14968,12001
R012C016,2026-09-21,"[16:00,17:00)",20313,18278
R017C012,2026-09-21,"[11:00,12:00)",5460,3747
R014C009,2026-09-21,"[18:00,19:00)",22062,17666
R022C012,2026-09-21,"[18:00,19:00)",7791,6889
R014C021,2026-09-21,"[18:00,19:00)",2571,2186
R004C011,2026-09-21,"[21:00,22:00)",9693,7679
R005C016,2026-09-21,"[10:00,11:00)",20565,16802
R013C016,2026-09-21,"[14:00,15:00)",9920,7910
R012C014,2026-09-21,"[22:00,23:00)",13743,9986
R021C002,2026-09-21,"[18:00,19:00)",20,20
R009C008,2026-09-21,"[12:00,13:00)",56564,44226
R019C014,2026-09-21,"[10:00,11:00)",2166,1759
R021C014,2026-09-21,"[02:00,03:00)",17,17
R017C009,2026-09-21,"[04:00,05:00)",336,181
R019C004,2026-09-21,"[21:00,22:00)",2217,1435
R010C003,2026-09-21,"[05:00,06:00)",4052,3196
R022C006,2026-09-21,"[05:00,06:00)",240,181
R013C015,2026-09-21,"[02:00,03:00)",354,287
R021C009,2026-09-21,"[15:00,16:00)",14055,10699
R008C008,2026-09-21,"[07:00,08:00)",52507,45558
R012C020,2026-09-21,"[20:00,21:00)",2288,2228
R009C009,2026-09-21,"[19:00,20:00)",54665,46423
R019C012,2026-09-21,"[04:00,05:00)",151,115
R006C012,2026-09-21,"[07:00,08:00)",29149,28008
R012C006,2026-09-21,"[16:00,17:00)",33282,24602
R024C010,2026-09-21,"[11:00,12:00)",915,754
R005C011,2026-09-21,"[17:00,18:00)",50405,40475
R006C006,2026-09-21,"[08:00,09:00)",15751,13506
R009C017,2026-09-21,"[21:00,22:00)",7720,6446
R011C014,2026-09-21,"[06:00,07:00)",21240,16974
R020C015,2026-09-21,"[22:00,23:00)",13,13
R011C017,2026-09-21,"[11:00,12:00)",33377,25848
R019C014,2026-09-21,"[09:00,10:00)",2461,2171
R003C018,2026-09-21,"[17:00,18:00)",20305,18976
R018C004,2026-09-21,"[08:00,09:00)",1933,1880
R013C006,2026-09-21,"[10:00,11:00)",14172,9868
R011C003,2026-09-21,"[08:00,09:00)",33879,26483
R016C013,2026-09-21,"[23:00,00:00)",358,296
R023C005,2026-09-21,"[12:00,13:00)",41,41
R011C016,2026-09-21,"[11:00,12:00)",25210,17805
R003C013,2026-09-21,"[07:00,08:00)",24746,21765
R021C006,2026-09-21,"[19:00,20:00)",290,204
R017C004,2026-09-21,"[20:00,21:00)",1025,989
R011C004,2026-09-21,"[23:00,00:00)",3731,3153
R011C007,2026-09-21,"[19:00,20:00)",57605,44907
R021C011,2026-09-21,"[08:00,09:00)",3471,3407
R015C014,2026-09-21,"[05:00,06:00)",651,627
R020C011,2026-09-21,"[08:00,09:00)",18712,15955
R016C000,2026-09-21,"[16:00,17:00)",77,39
R003C009,2026-09-21,"[13:00,14:00)",258,243
R013C021,2026-09-21,"[18:00,19:00)",2521,2381
R017C007,2026-09-21,"[06:00,07:00)",5243,4462
R023C008,2026-09-21,"[14:00,15:00)",3044,2384
R004C009,2026-09-21,"[11:00,12:00)",477,345
R008C011,2026-09-21,"[05:00,06:00)",2512,2476
R014C014,2026-09-21,"[23:00,00:00)",6585,5292
R022C014,2026-09-21,"[13:00,14:00)",157,105
R009C018,2026-09-21,"[03:00,04:00)",92,68
R004C014,2026-09-21,"[22:00,23:00)",599,397
R015C015,2026-09-21,"[20:00,21:00)",26038,20004
R022C010,2026-09-21,"[21:00,22:00)",1589,1450
R008C017,2026-09-21,"[08:00,09:00)",1624,1548
R013C011,2026-09-21,"[13:00,14:00)",89141,66200
R013C009,2026-09-21,"[17:00,18:00)",47774,36583
R009C006,2026-09-21,"[17:00,18:00)",74130,61804
R016C015,2026-09-21,"[09:00,10:00)",637,544
R017C011,2026-09-21,"[17:00,18:00)",11720,11009
R013C017,2026-09-21,"[16:00,17:00)",31063,23695
R021C006,2026-09-21,"[03:00,04:00)",59,47
R008C010,2026-09-21,"[14:00,15:00)",20008,18395
R016C015,2026-09-21,"[20:00,21:00)",290,243
R015C004,2026-09-21,"[03:00,04:00)",217,158
R011C001,2026-09-21,"[14:00,15:00)",32946,29168
R006C011,2026-09-21,"[18:00,19:00)",37372,31775
R014C010,2026-09-21,"[23:00,00:00)",4382,3308
R007C015,2026-09-21,"[13:00,14:00)",20367,15470
R008C003,2026-09-21,"[23:00,00:00)",10612,8591
R016C019,2026-09-21,"[05:00,06:00)",3738,3319
R020C005,2026-09-21,"[21:00,22:00)",3583,2513
R012C019,2026-09-21,"[04:00,05:00)",326,326
R013C022,2026-09-21,"[22:00,23:00)",1255,1034
R022C011,2026-09-21,"[18:00,19:00)",8084,7541
R014C020,2026-09-21,"[10:00,11:00)",728,562
R017C011,2026-09-21,"[12:00,13:00)",7381,6622
R009C012,2026-09-21,"[13:00,14:00)",58183,48114
R018C007,2026-09-21,"[06:00,07:00)",4404,4179
R019C009,2026-09-21,"[16:00,17:00)",11469,9360
R018C006,2026-09-21,"[19:00,20:00)",4206,3171
R015C016,2026-09-21,"[12:00,13:00)",30062,23675
R008C008,2026-09-21,"[22:00,23:00)",9116,7797
R014C005,2026-09-21,"[23:00,00:00)",275,203
R006C009,2026-09-21,"[22:00,23:00)",4679,3463
R016C006,2026-09-21,"[02:00,03:00)",76,76
R010C015,2026-09-21,"[03:00,04:00)",2262,1435
R003C017,2026-09-21,"[05:00,06:00)",2267,1990
R015C009,2026-09-21,"[19:00,20:00)",3262,1942
R007C008,2026-09-21,"[07:00,08:00)",76327,62326
R015C000,2026-09-21,"[14:00,15:00)",109,109
R008C011,2026-09-21,"[07:00,08:00)",19446,19058
R024C010,2026-09-21,"[07:00,08:00)",1531,1448
R007C008,2026-09-21,"[06:00,07:00)",25043,21809
R021C011,2026-09-21,"[19:00,20:00)",2701,2634
R007C008,2026-09-21,"[10:00,11:00)",59059,46926
R005C016,2026-09-21,"[08:00,09:00)",28265,23993
R013C013,2026-09-21,"[19:00,20:00)",71859,55628
R006C009,2026-09-21,"[10:00,11:00)",14363,10861
R012C002,2026-09-21,"[23:00,00:00)",2081,1664
R020C004,2026-09-21,"[15:00,16:00)",3842,2627
R022C009,2026-09-21,"[21:00,22:00)",4577,3389
R003C015,2026-09-21,"[07:00,08:00)",1041,794
R003C012,2026-09-21,"[15:00,16:00)",22034,19461
R012C017,2026-09-21,"[21:00,22:00)",14075,10728
R017C013,2026-09-21,"[14:00,15:00)",5327,3588
R019C008,2026-09-21,"[11:00,12:00)",2537,2009
R008C013,2026-09-21,"[17:00,18:00)",166230,123700
R020C004,2026-09-21,"[18:00,19:00)",4679,3283
R016C010,2026-09-21,"[05:00,06:00)",4116,3214
R014C003,2026-09-21,"[20:00,21:00)",588,588
R016C010,2026-09-21,"[15:00,16:00)",35136,26463
R015C014,2026-09-21,"[03:00,04:00)",109,98
R011C009,2026-09-21,"[13:00,14:00)",180797,115293
R004C017,2026-09-21,"[18:00,19:00)",24128,20237
R021C006,2026-09-21,"[07:00,08:00)",289,265
R007C016,2026-09-21,"[02:00,03:00)",292,224
R016C005,2026-09-21,"[10:00,11:00)",1548,1248
R013C012,2026-09-21,"[02:00,03:00)",3541,2216
R013C004,2026-09-21,"[15:00,16:00)",12133,9607
R009C011,2026-09-21,"[22:00,23:00)",22521,17704
R013C004,2026-09-21,"[11:00,12:00)",10328,8120
R014C007,2026-09-21,"[05:00,06:00)",1702,1344
R019C009,2026-09-21,"[15:00,16:00)",8559,6497
R003C010,2026-09-21,"[04:00,05:00)",417,288
R008C015,2026-09-21,"[05:00,06:00)",1896,1624
R011C007,2026-09-21,"[21:00,22:00)",31817,24273
R011C018,2026-09-21,"[02:00,03:00)",1477,1115
R012C013,2026-09-21,"[06:00,07:00)",21729,17245
R014C002,2026-09-21,"[05:00,06:00)",400,290
R014C012,2026-09-21,"[12:00,13:00)",58916,43772
R005C006,2026-09-21,"[17:00,18:00)",21497,15689
R015C011,2026-09-21,"[20:00,21:00)",10660,8823
R008C012,2026-09-21,"[17:00,18:00)",69168,61501
R018C014,2026-09-21,"[06:00,07:00)",761,655
R004C014,2026-09-21,"[04:00,05:00)",98,98
R018C000,2026-09-21,"[22:00,23:00)",19,19
R022C011,2026-09-21,"[15:00,16:00)",5313,4782
R008C003,2026-09-21,"[14:00,15:00)",48063,40244
R007C010,2026-09-21,"[22:00,23:00)",4877,3951
R015C000,2026-09-21,"[19:00,20:00)",242,210
R003C016,2026-09-21,"[05:00,06:00)",316,316
R005C009,2026-09-21,"[11:00,12:00)",4985,3642
R009C009,2026-09-21,"[20:00,21:00)",41402,35497
R021C010,2026-09-21,"[02:00,03:00)",443,280
R018C006,2026-09-21,"[10:00,11:00)",5071,3589
R015C007,2026-09-21,"[13:00,14:00)",4500,4040
R017C016,2026-09-21,"[22:00,23:00)",817,516
R009C008,2026-09-21,"[16:00,17:00)",84342,67837
R005C011,2026-09-21,"[15:00,16:00)",37002,29356
R022C012,2026-09-21,"[15:00,16:00)",4776,4187
R016C002,2026-09-21,"[03:00,04:00)",12,12
R006C016,2026-09-21,"[14:00,15:00)",11928,10343
R005C014,2026-09-21,"[16:00,17:00)",19745,15909
R011C009,2026-09-21,"[15:00,16:00)",198383,131681
R012C011,2026-09-21,"[14:00,15:00)",114747,85458
R011C006,2026-09-21,"[05:00,06:00)",4973,4013
R025C009,2026-09-21,"[17:00,18:00)",3197,2719
R008C003,2026-09-21,"[08:00,09:00)",49117,43040
R012C011,2026-09-21,"[09:00,10:00)",106092,83556
R023C005,2026-09-21,"[19:00,20:00)",20,20
R004C012,2026-09-21,"[19:00,20:00)",22871,18636
R013C008,2026-09-21,"[16:00,17:00)",16939,15688
R007C016,2026-09-21,"[10:00,11:00)",4053,3151
R003C014,2026-09-21,"[12:00,13:00)",1514,858
R008C009,2026-09-21,"[17:00,18:00)",93931,74820
R006C011,2026-09-21,"[03:00,04:00)",1646,1321
R020C003,2026-09-21,"[19:00,20:00)",506,451
R012C004,2026-09-21,"[21:00,22:00)",14846,10290
R010C012,2026-09-21,"[18:00,19:00)",41007,36141
R017C018,2026-09-21,"[09:00,10:00)",4285,3967
R017C019,2026-09-21,"[06:00,07:00)",6976,6170
R012C012,2026-09-21,"[04:00,05:00)",1991,1646
R011C003,2026-09-21,"[02:00,03:00)",1040,590
R008C016,2026-09-21,"[21:00,22:00)",2614,2082
R016C006,2026-09-21,"[08:00,09:00)",1042,974
R015C005,2026-09-21,"[06:00,07:00)",839,781
R024C006,2026-09-21,"[10:00,11:00)",629,355
R009C014,2026-09-21,"[07:00,08:00)",83187,68216
R010C008,2026-09-21,"[21:00,22:00)",56763,43988
R021C007,2026-09-21,"[21:00,22:00)",602,392
R007C006,2026-09-21,"[19:00,20:00)",17673,13077
R021C002,2026-09-21,"[14:00,15:00)",21,20
R021C004,2026-09-21,"[09:00,10:00)",477,409
R011C001,2026-09-21,"[09:00,10:00)",32650,29277
R014C011,2026-09-21,"[15:00,16:00)",49209,38471
R017C019,2026-09-21,"[10:00,11:00)",16301,12846
R009C015,2026-09-21,"[22:00,23:00)",11543,8396
R003C016,2026-09-21,"[10:00,11:00)",2377,1957
R010C005,2026-09-21,"[16:00,17:00)",34545,28443
R024C007,2026-09-21,"[07:00,08:00)",561,514
R005C008,2026-09-21,"[10:00,11:00)",17291,12764
R009C002,2026-09-21,"[06:00,07:00)",9019,8704
R021C014,2026-09-21,"[23:00,00:00)",107,83
R020C003,2026-09-21,"[14:00,15:00)",336,305
R020C006,2026-09-21,"[10:00,11:00)",3983,2416
R004C018,2026-09-21,"[22:00,23:00)",2110,1740
R010C014,2026-09-21,"[16:00,17:00)",69722,52300
R023C005,2026-09-21,"[18:00,19:00)",33,33
R008C011,2026-09-21,"[15:00,16:00)",18355,17340
R020C010,2026-09-21,"[10:00,11:00)",20288,13599
R017C000,2026-09-21,"[06:00,07:00)",177,177
R015C010,2026-09-21,"[22:00,23:00)",6189,4602
R015C010,2026-09-21,"[16:00,17:00)",38298,28722
R021C011,2026-09-21,"[16:00,17:00)",3481,3365
R010C006,2026-09-21,"[06:00,07:00)",26940,21763
R020C008,2026-09-21,"[17:00,18:00)",19420,12601
R023C008,2026-09-21,"[21:00,22:00)",1381,1005
R015C004,2026-09-21,"[16:00,17:00)",7458,5759
R016C001,2026-09-21,"[17:00,18:00)",71,71
R004C007,2026-09-21,"[21:00,22:00)",8829,7410
R004C016,2026-09-21,"[19:00,20:00)",14029,12031
R013C006,2026-09-21,"[11:00,12:00)",14146,9777
R012C010,2026-09-21,"[23:00,00:00)",20681,15454
R008C017,2026-09-21,"[05:00,06:00)",262,242
R006C017,2026-09-21,"[13:00,14:00)",9913,6548
R021C005,2026-09-21,"[04:00,05:00)",56,44
R005C014,2026-09-21,"[06:00,07:00)",7827,6122
R014C020,2026-09-21,"[05:00,06:00)",216,184
R007C015,2026-09-21,"[19:00,20:00)",12282,10565
R012C021,2026-09-21,"[09:00,10:00)",4654,4303
R012C009,2026-09-21,"[08:00,09:00)",135953,101528
R010C005,2026-09-21,"[06:00,07:00)",11528,9685
R021C005,2026-09-21,"[19:00,20:00)",1137,767
R014C003,2026-09-21,"[04:00,05:00)",36,36
R006C015,2026-09-21,"[10:00,11:00)",26489,19956
R011C007,2026-09-21,"[05:00,06:00)",9111,7256
R009C009,2026-09-21,"[06:00,07:00)",27763,24316
R009C008,2026-09-21,"[15:00,16:00)",67133,54278
R001C021,2026-09-21,"[11:00,12:00)",16708,14291
R010C005,2026-09-21,"[21:00,22:00)",12333,10265
R017C014,2026-09-21,"[08:00,09:00)",909,786
R009C004,2026-09-21,"[02:00,03:00)",2180,1454
R025C010,2026-09-21,"[16:00,17:00)",2206,1740
R023C012,2026-09-21,"[12:00,13:00)",2746,2522
R014C008,2026-09-21,"[11:00,12:00)",5345,4068
R001C019,2026-09-21,"[15:00,16:00)",21978,17283
R012C009,2026-09-21,"[18:00,19:00)",127581,89971
R013C017,2026-09-21,"[14:00,15:00)",24219,17883
R014C017,2026-09-21,"[11:00,12:00)",16993,13738
R011C015,2026-09-21,"[08:00,09:00)",49343,38228
R023C004,2026-09-21,"[14:00,15:00)",49,49
R014C009,2026-09-21,"[20:00,21:00)",8689,6746
R015C016,2026-09-21,"[09:00,10:00)",38216,29853
R018C016,2026-09-21,"[16:00,17:00)",1896,1717
R001C019,2026-09-21,"[07:00,08:00)",31185,25036
R003C014,2026-09-21,"[15:00,16:00)",1370,1095
R022C009,2026-09-21,"[20:00,21:00)",7001,5343
R003C017,2026-09-21,"[19:00,20:00)",10243,9129
R008C014,2026-09-21,"[09:00,10:00)",63392,52555
R005C017,2026-09-21,"[19:00,20:00)",6357,5512
R003C008,2026-09-21,"[23:00,00:00)",110,98
R005C007,2026-09-21,"[13:00,14:00)",20562,16047
R019C011,2026-09-21,"[06:00,07:00)",10211,7806
R021C007,2026-09-21,"[08:00,09:00)",2642,2135
R007C012,2026-09-21,"[17:00,18:00)",55499,47436
R008C015,2026-09-21,"[21:00,22:00)",4542,3684
R017C008,2026-09-21,"[05:00,06:00)",716,571
R012C012,2026-09-21,"[18:00,19:00)",87450,69009
R012C011,2026-09-21,"[02:00,03:00)",5825,3340
R005C014,2026-09-21,"[07:00,08:00)",20072,16601
R019C005,2026-09-21,"[17:00,18:00)",10623,7758
R015C003,2026-09-21,"[04:00,05:00)",94,82
R018C002,2026-09-21,"[08:00,09:00)",1376,982
R015C018,2026-09-21,"[08:00,09:00)",31092,27944
R006C014,2026-09-21,"[08:00,09:00)",54539,42647
R022C011,2026-09-21,"[12:00,13:00)",4145,3797
R012C019,2026-09-21,"[11:00,12:00)",3036,2977
R015C018,2026-09-21,"[18:00,19:00)",26584,23427
R017C004,2026-09-21,"[08:00,09:00)",2010,1922
R023C010,2026-09-21,"[18:00,19:00)",1409,1231
R010C008,2026-09-21,"[09:00,10:00)",138936,106530
R021C002,2026-09-21,"[08:00,09:00)",204,163
R014C016,2026-09-21,"[18:00,19:00)",21316,18438
R001C019,2026-09-21,"[11:00,12:00)",18368,13785
R006C016,2026-09-21,"[12:00,13:00)",12253,10417
R018C017,2026-09-21,"[14:00,15:00)",398,386
R022C013,2026-09-21,"[13:00,14:00)",1843,1701
R003C012,2026-09-21,"[18:00,19:00)",25240,22718
R013C004,2026-09-21,"[02:00,03:00)",384,267
R023C010,2026-09-21,"[19:00,20:00)",1076,1002
R009C016,2026-09-21,"[07:00,08:00)",28108,24087
R013C013,2026-09-21,"[15:00,16:00)",80726,63334
R009C012,2026-09-21,"[06:00,07:00)",22582,20721
R007C010,2026-09-21,"[06:00,07:00)",9799,8405
R009C014,2026-09-21,"[09:00,10:00)",74313,58283
R005C015,2026-09-21,"[02:00,03:00)",1675,906
R019C007,2026-09-21,"[02:00,03:00)",691,381
R009C012,2026-09-21,"[18:00,19:00)",69421,59873
R025C007,2026-09-21,"[15:00,16:00)",100,40
R010C010,2026-09-21,"[06:00,07:00)",55888,39509
R009C002,2026-09-21,"[09:00,10:00)",26565,23557
R022C013,2026-09-21,"[15:00,16:00)",2360,2116
R003C011,2026-09-21,"[22:00,23:00)",2444,1782
R016C006,2026-09-21,"[07:00,08:00)",1083,1071
R013C021,2026-09-21,"[07:00,08:00)",2571,2352
R008C008,2026-09-21,"[17:00,18:00)",63119,52734
R008C014,2026-09-21,"[15:00,16:00)",68001,57847
R009C005,2026-09-21,"[04:00,05:00)",4811,3704
R024C011,2026-09-21,"[13:00,14:00)",991,865
R020C009,2026-09-21,"[11:00,12:00)",14294,9250
R018C001,2026-09-21,"[08:00,09:00)",1334,1042
R022C006,2026-09-21,"[04:00,05:00)",103,67
R007C014,2026-09-21,"[19:00,20:00)",34244,27826
R009C011,2026-09-21,"[02:00,03:00)",3572,2858
R015C007,2026-09-21,"[03:00,04:00)",141,118
R005C013,2026-09-21,"[09:00,10:00)",3065,2580
R009C016,2026-09-21,"[10:00,11:00)",20912,17491
R005C006,2026-09-21,"[11:00,12:00)",11281,7410
R007C011,2026-09-21,"[17:00,18:00)",13532,11562
R017C008,2026-09-21,"[12:00,13:00)",2556,2223
R021C008,2026-09-21,"[15:00,16:00)",5062,3933
R012C003,2026-09-21,"[11:00,12:00)",25523,17093
R018C006,2026-09-21,"[07:00,08:00)",6301,5178
R017C009,2026-09-21,"[02:00,03:00)",238,159
R010C007,2026-09-21,"[10:00,11:00)",81609,65604
R013C022,2026-09-21,"[11:00,12:00)",4779,3906
R020C015,2026-09-21,"[12:00,13:00)",247,235
R019C001,2026-09-21,"[13:00,14:00)",77,66
R012C008,2026-09-21,"[22:00,23:00)",8629,6942
R013C014,2026-09-21,"[02:00,03:00)",1942,964
R011C002,2026-09-21,"[16:00,17:00)",48646,41307
R014C019,2026-09-21,"[19:00,20:00)",3889,2703
R004C010,2026-09-21,"[13:00,14:00)",1123,823
R019C014,2026-09-21,"[21:00,22:00)",974,839
R015C002,2026-09-21,"[06:00,07:00)",1310,974
R023C007,2026-09-21,"[03:00,04:00)",235,107
R012C019,2026-09-21,"[02:00,03:00)",44,44
R013C007,2026-09-21,"[07:00,08:00)",14715,12306
R019C006,2026-09-21,"[16:00,17:00)",11703,8941
R013C014,2026-09-21,"[07:00,08:00)",45521,37057
R005C012,2026-09-21,"[14:00,15:00)",19236,15326
R017C011,2026-09-21,"[10:00,11:00)",6340,5756
R024C011,2026-09-21,"[11:00,12:00)",942,866
R020C006,2026-09-21,"[21:00,22:00)",2321,1593
R022C008,2026-09-21,"[03:00,04:00)",546,324
R021C008,2026-09-21,"[19:00,20:00)",4417,3457
R004C017,2026-09-21,"[03:00,04:00)",482,368
R017C004,2026-09-21,"[17:00,18:00)",2584,2482
R019C005,2026-09-21,"[15:00,16:00)",8447,5736
R005C012,2026-09-21,"[19:00,20:00)",18329,15119
R016C000,2026-09-21,"[22:00,23:00)",19,19
R019C006,2026-09-21,"[05:00,06:00)",1898,1529
R009C009,2026-09-21,"[10:00,11:00)",63332,53419
R013C011,2026-09-21,"[10:00,11:00)",75357,57504
R009C005,2026-09-21,"[20:00,21:00)",40537,28797
R007C013,2026-09-21,"[16:00,17:00)",76414,61736
R003C015,2026-09-21,"[10:00,11:00)",1243,830
R023C012,2026-09-21,"[20:00,21:00)",2314,2204
R015C007,2026-09-21,"[20:00,21:00)",2548,2242
R018C000,2026-09-21,"[23:00,00:00)",24,12
R010C011,2026-09-21,"[06:00,07:00)",34332,25936
R013C019,2026-09-21,"[15:00,16:00)",1808,1440
R003C008,2026-09-21,"[17:00,18:00)",1109,1097
R020C006,2026-09-21,"[20:00,21:00)",2772,1840
R011C011,2026-09-21,"[12:00,13:00)",103885,73042
R023C009,2026-09-21,"[23:00,00:00)",1065,670
R013C004,2026-09-21,"[09:00,10:00)",10394,8294
R013C019,2026-09-21,"[02:00,03:00)",119,59
R019C014,2026-09-21,"[20:00,21:00)",1331,1057
R014C017,2026-09-21,"[05:00,06:00)",2645,2162
R010C014,2026-09-21,"[14:00,15:00)",54930,40829
R009C005,2026-09-21,"[16:00,17:00)",80678,57934
R015C011,2026-09-21,"[06:00,07:00)",5827,4978
R015C019,2026-09-21,"[02:00,03:00)",654,598
R012C011,2026-09-21,"[05:00,06:00)",9771,8009
R008C009,2026-09-21,"[21:00,22:00)",31020,25867
R017C008,2026-09-21,"[03:00,04:00)",197,138
R021C006,2026-09-21,"[20:00,21:00)",356,243
R016C009,2026-09-21,"[08:00,09:00)",9187,7240
R015C020,2026-09-21,"[18:00,19:00)",5060,4199
R004C016,2026-09-21,"[05:00,06:00)",1960,1852
R011C011,2026-09-21,"[20:00,21:00)",74664,56220
R015C002,2026-09-21,"[23:00,00:00)",298,214
R022C011,2026-09-21,"[09:00,10:00)",5606,5186
R022C013,2026-09-21,"[02:00,03:00)",156,96
R013C013,2026-09-21,"[16:00,17:00)",96643,75496
R005C014,2026-09-21,"[18:00,19:00)",20256,15338
R009C016,2026-09-21,"[03:00,04:00)",1864,1614
R007C017,2026-09-21,"[20:00,21:00)",1907,1634
R014C002,2026-09-21,"[11:00,12:00)",3306,2119
R015C007,2026-09-21,"[19:00,20:00)",3077,2808
R007C013,2026-09-21,"[17:00,18:00)",82528,67698
R021C002,2026-09-21,"[11:00,12:00)",92,92
R015C006,2026-09-21,"[19:00,20:00)",626,566
R020C002,2026-09-21,"[13:00,14:00)",103,83
R019C014,2026-09-21,"[11:00,12:00)",1924,1661
R017C013,2026-09-21,"[22:00,23:00)",1253,876
R020C004,2026-09-21,"[17:00,18:00)",6302,4915
R024C010,2026-09-21,"[02:00,03:00)",40,20
R014C005,2026-09-21,"[22:00,23:00)",762,531
R008C009,2026-09-21,"[12:00,13:00)",78718,59090
R008C008,2026-09-21,"[13:00,14:00)",45944,36957
R011C008,2026-09-21,"[09:00,10:00)",105743,77680
R020C004,2026-09-21,"[05:00,06:00)",1128,756
R018C012,2026-09-21,"[23:00,00:00)",564,446
R009C010,2026-09-21,"[17:00,18:00)",138076,107078
R007C016,2026-09-21,"[07:00,08:00)",6666,5976
R019C009,2026-09-21,"[09:00,10:00)",6960,5579
R024C008,2026-09-21,"[14:00,15:00)",3060,2024
R017C014,2026-09-21,"[05:00,06:00)",186,174
R005C010,2026-09-21,"[05:00,06:00)",1054,958
R012C003,2026-09-21,"[17:00,18:00)",41268,29086
R015C003,2026-09-21,"[13:00,14:00)",1331,1207
R012C020,2026-09-21,"[18:00,19:00)",4453,4369
R015C018,2026-09-21,"[03:00,04:00)",1185,1027
R013C005,2026-09-21,"[05:00,06:00)",2369,1622
R011C004,2026-09-21,"[07:00,08:00)",32746,27779
R014C012,2026-09-21,"[04:00,05:00)",2336,1884
R005C015,2026-09-21,"[09:00,10:00)",26445,18775
R003C019,2026-09-21,"[03:00,04:00)",38,38
R009C012,2026-09-21,"[19:00,20:00)",49018,42143
R001C019,2026-09-21,"[03:00,04:00)",1189,867
R021C015,2026-09-21,"[18:00,19:00)",100,100
R014C013,2026-09-21,"[08:00,09:00)",82953,68564
R018C016,2026-09-21,"[09:00,10:00)",1775,1496
R020C013,2026-09-21,"[22:00,23:00)",689,510
R015C002,2026-09-21,"[17:00,18:00)",4003,3227
R023C007,2026-09-21,"[05:00,06:00)",154,119
R014C004,2026-09-21,"[21:00,22:00)",1814,1521
R010C007,2026-09-21,"[15:00,16:00)",108763,85772
R010C013,2026-09-21,"[02:00,03:00)",1162,898
R011C008,2026-09-21,"[15:00,16:00)",106859,75899
R022C004,2026-09-21,"[14:00,15:00)",1,1
R018C008,2026-09-21,"[09:00,10:00)",4422,3909
R019C013,2026-09-21,"[06:00,07:00)",515,490
R021C013,2026-09-21,"[04:00,05:00)",414,249
R007C005,2026-09-21,"[13:00,14:00)",26633,16806
R011C013,2026-09-21,"[08:00,09:00)",89464,72964
R017C001,2026-09-21,"[19:00,20:00)",158,134
R015C012,2026-09-21,"[03:00,04:00)",654,601
R008C008,2026-09-21,"[20:00,21:00)",24742,21357
R022C012,2026-09-21,"[23:00,00:00)",450,396
R017C015,2026-09-21,"[13:00,14:00)",1408,1280
R003C013,2026-09-21,"[15:00,16:00)",17530,15324
R018C008,2026-09-21,"[08:00,09:00)",4792,3811
R016C014,2026-09-21,"[18:00,19:00)",1121,1097
R021C010,2026-09-21,"[03:00,04:00)",345,246
R006C015,2026-09-21,"[05:00,06:00)",5185,4008
R024C011,2026-09-21,"[04:00,05:00)",13,13
R019C012,2026-09-21,"[11:00,12:00)",3774,2540
R003C013,2026-09-21,"[16:00,17:00)",20485,17772
R009C005,2026-09-21,"[19:00,20:00)",55291,38943
R015C015,2026-09-21,"[21:00,22:00)",16356,13712
R005C015,2026-09-21,"[05:00,06:00)",4852,3404
R015C001,2026-09-21,"[23:00,00:00)",55,55
R013C017,2026-09-21,"[09:00,10:00)",22136,15993
R012C018,2026-09-21,"[20:00,21:00)",14150,11908
R009C016,2026-09-21,"[15:00,16:00)",27099,23270
R021C015,2026-09-21,"[12:00,13:00)",179,150
R018C013,2026-09-21,"[10:00,11:00)",1753,1262
R024C004,2026-09-21,"[14:00,15:00)",101,81
R003C008,2026-09-21,"[16:00,17:00)",718,718
R019C005,2026-09-21,"[11:00,12:00)",7999,5608
R010C005,2026-09-21,"[14:00,15:00)",29855,23175
R016C012,2026-09-21,"[13:00,14:00)",23079,17060
R014C010,2026-09-21,"[05:00,06:00)",3457,2729
R023C010,2026-09-21,"[04:00,05:00)",12,12
R016C012,2026-09-21,"[12:00,13:00)",22735,16810
R020C004,2026-09-21,"[06:00,07:00)",3092,2200
R019C002,2026-09-21,"[07:00,08:00)",804,721
R011C019,2026-09-21,"[04:00,05:00)",111,99
R018C013,2026-09-21,"[15:00,16:00)",1746,1363
R010C003,2026-09-21,"[08:00,09:00)",52183,41260
R004C007,2026-09-21,"[11:00,12:00)",20866,14825
R025C011,2026-09-21,"[17:00,18:00)",5519,4396
R019C002,2026-09-21,"[02:00,03:00)",87,75
R022C011,2026-09-21,"[17:00,18:00)",8823,8197
R005C012,2026-09-21,"[13:00,14:00)",18044,14502
R014C015,2026-09-21,"[16:00,17:00)",63220,46592
R010C011,2026-09-21,"[03:00,04:00)",3448,2349
R006C006,2026-09-21,"[16:00,17:00)",17124,13533
R019C007,2026-09-21,"[09:00,10:00)",6210,4224
R019C009,2026-09-21,"[11:00,12:00)",7032,5249
R004C016,2026-09-21,"[15:00,16:00)",20598,16648
R019C003,2026-09-21,"[15:00,16:00)",750,639
R017C016,2026-09-21,"[03:00,04:00)",167,83
R006C014,2026-09-21,"[15:00,16:00)",45708,34208
R012C021,2026-09-21,"[17:00,18:00)",6815,6357
R016C008,2026-09-21,"[11:00,12:00)",7409,4666
R022C012,2026-09-21,"[19:00,20:00)",5163,4391
R009C002,2026-09-21,"[15:00,16:00)",26016,22428
R007C010,2026-09-21,"[09:00,10:00)",29988,22516
R013C018,2026-09-21,"[19:00,20:00)",18842,15244
R009C008,2026-09-21,"[19:00,20:00)",47384,37489
R009C000,2026-09-21,"[13:00,14:00)",1139,1092
R020C013,2026-09-21,"[23:00,00:00)",334,195
R012C002,2026-09-21,"[08:00,09:00)",18423,14255
R011C018,2026-09-21,"[11:00,12:00)",35609,24154
R008C008,2026-09-21,"[02:00,03:00)",1184,1010
R015C019,2026-09-21,"[23:00,00:00)",1641,1510
R021C013,2026-09-21,"[17:00,18:00)",6684,4928
R012C019,2026-09-21,"[09:00,10:00)",4056,3899
R020C014,2026-09-21,"[12:00,13:00)",2263,1657
R013C019,2026-09-21,"[20:00,21:00)",1917,1269
R009C007,2026-09-21,"[06:00,07:00)",18499,14489
R010C014,2026-09-21,"[11:00,12:00)",43813,32353
R019C002,2026-09-21,"[15:00,16:00)",883,605
R020C013,2026-09-21,"[10:00,11:00)",2147,1752
R012C011,2026-09-21,"[13:00,14:00)",105839,78077
R019C011,2026-09-21,"[18:00,19:00)",29226,21601
R013C012,2026-09-21,"[05:00,06:00)",9664,7593
R021C002,2026-09-21,"[07:00,08:00)",40,40
R002C018,2026-09-21,"[21:00,22:00)",6596,5491
R017C001,2026-09-21,"[06:00,07:00)",198,198
R022C008,2026-09-21,"[23:00,00:00)",1131,797
R018C009,2026-09-21,"[04:00,05:00)",485,248
R023C008,2026-09-21,"[15:00,16:00)",3557,2770
R013C015,2026-09-21,"[14:00,15:00)",16281,14499
R022C011,2026-09-21,"[10:00,11:00)",3613,3266
R019C005,2026-09-21,"[19:00,20:00)",7078,5011
R008C012,2026-09-21,"[07:00,08:00)",56147,51786
R013C008,2026-09-21,"[21:00,22:00)",3010,2451
R019C001,2026-09-21,"[22:00,23:00)",19,19
R016C012,2026-09-21,"[03:00,04:00)",495,412
R014C005,2026-09-21,"[16:00,17:00)",6684,5362
R017C009,2026-09-21,"[09:00,10:00)",6509,4871
R014C004,2026-09-21,"[19:00,20:00)",4652,3714
R016C000,2026-09-21,"[03:00,04:00)",24,24
R025C009,2026-09-21,"[20:00,21:00)",1224,918
R015C011,2026-09-21,"[05:00,06:00)",1464,1306
R023C003,2026-09-21,"[08:00,09:00)",28,28
R013C009,2026-09-21,"[09:00,10:00)",38955,29758
R018C010,2026-09-21,"[17:00,18:00)",28253,24209
R009C017,2026-09-21,"[11:00,12:00)",17743,14191
R020C015,2026-09-21,"[06:00,07:00)",51,51
R014C021,2026-09-21,"[05:00,06:00)",251,231
R007C005,2026-09-21,"[16:00,17:00)",30300,20378
R015C003,2026-09-21,"[18:00,19:00)",1876,1808
R017C003,2026-09-21,"[17:00,18:00)",338,338
R021C005,2026-09-21,"[08:00,09:00)",1237,985
R012C001,2026-09-21,"[02:00,03:00)",459,292
R022C009,2026-09-21,"[04:00,05:00)",618,372
R008C012,2026-09-21,"[20:00,21:00)",32475,27440
R002C018,2026-09-21,"[03:00,04:00)",627,438
R008C015,2026-09-21,"[14:00,15:00)",18962,13530
R015C019,2026-09-21,"[08:00,09:00)",16563,15815
R014C007,2026-09-21,"[12:00,13:00)",9647,6489
R020C004,2026-09-21,"[23:00,00:00)",760,511
R015C021,2026-09-21,"[21:00,22:00)",4257,3315
R005C013,2026-09-21,"[17:00,18:00)",3972,3248
R019C001,2026-09-21,"[05:00,06:00)",100,100
R007C010,2026-09-21,"[10:00,11:00)",27410,20157
R008C012,2026-09-21,"[10:00,11:00)",44000,38543
R020C005,2026-09-21,"[20:00,21:00)",5390,3751
R012C012,2026-09-21,"[06:00,07:00)",21150,17597
R012C005,2026-09-21,"[08:00,09:00)",27273,20339
R001C020,2026-09-21,"[23:00,00:00)",2091,1920
R018C002,2026-09-21,"[07:00,08:00)",920,771
R017C004,2026-09-21,"[23:00,00:00)",166,166
R021C015,2026-09-21,"[22:00,23:00)",13,13
R024C011,2026-09-21,"[17:00,18:00)",1739,1514
R016C000,2026-09-21,"[12:00,13:00)",196,86
R020C010,2026-09-21,"[08:00,09:00)",32133,25482
R009C004,2026-09-21,"[04:00,05:00)",4125,3354
R014C012,2026-09-21,"[18:00,19:00)",70981,56471
R010C007,2026-09-21,"[02:00,03:00)",2331,1787
R023C009,2026-09-21,"[08:00,09:00)",7716,6219
R022C006,2026-09-21,"[14:00,15:00)",1671,953
R006C009,2026-09-21,"[14:00,15:00)",18995,14859
R016C003,2026-09-21,"[07:00,08:00)",537,537
R020C005,2026-09-21,"[11:00,12:00)",7109,4745
R013C022,2026-09-21,"[15:00,16:00)",5856,4703
R014C006,2026-09-21,"[09:00,10:00)",4571,3456
R017C003,2026-09-21,"[07:00,08:00)",367,367
R022C012,2026-09-21,"[20:00,21:00)",3260,2691
R004C008,2026-09-21,"[22:00,23:00)",1574,1352
R021C004,2026-09-21,"[21:00,22:00)",383,348
R012C021,2026-09-21,"[11:00,12:00)",3911,3531
R004C017,2026-09-21,"[23:00,00:00)",2470,2070
R020C009,2026-09-21,"[13:00,14:00)",15784,10369
R011C009,2026-09-21,"[22:00,23:00)",42685,30869
R022C012,2026-09-21,"[08:00,09:00)",10229,8664
R013C018,2026-09-21,"[05:00,06:00)",2594,2208
R005C017,2026-09-21,"[15:00,16:00)",10239,7986
R015C019,2026-09-21,"[05:00,06:00)",1427,1318
R022C013,2026-09-21,"[21:00,22:00)",1134,949
R007C012,2026-09-21,"[18:00,19:00)",40398,34281
R025C007,2026-09-21,"[10:00,11:00)",40,40
R010C004,2026-09-21,"[13:00,14:00)",27031,18405
R015C021,2026-09-21,"[09:00,10:00)",11013,9089
R008C006,2026-09-21,"[02:00,03:00)",2202,1828
R011C006,2026-09-21,"[11:00,12:00)",48955,35822
R015C015,2026-09-21,"[07:00,08:00)",41803,36021
R005C014,2026-09-21,"[05:00,06:00)",2575,1944
R014C015,2026-09-21,"[13:00,14:00)",48539,34483
R016C004,2026-09-21,"[06:00,07:00)",1996,1704
R022C014,2026-09-21,"[18:00,19:00)",434,260
R006C014,2026-09-21,"[04:00,05:00)",2461,1779
R022C013,2026-09-21,"[08:00,09:00)",3094,2941
R005C014,2026-09-21,"[20:00,21:00)",12509,9156
R023C006,2026-09-21,"[05:00,06:00)",242,170
R008C005,2026-09-21,"[03:00,04:00)",3474,2862
R008C017,2026-09-21,"[18:00,19:00)",1373,1195
R024C008,2026-09-21,"[18:00,19:00)",4042,2899
R012C012,2026-09-21,"[05:00,06:00)",5690,4904
R011C012,2026-09-21,"[23:00,00:00)",8123,6734
R016C006,2026-09-21,"[06:00,07:00)",1173,1110
R013C019,2026-09-21,"[19:00,20:00)",2002,1536
R019C011,2026-09-21,"[13:00,14:00)",19065,13649
R004C009,2026-09-21,"[10:00,11:00)",638,520
R021C012,2026-09-21,"[03:00,04:00)",82,47
R003C017,2026-09-21,"[02:00,03:00)",254,183
R016C011,2026-09-21,"[05:00,06:00)",1980,1715
R009C010,2026-09-21,"[20:00,21:00)",63149,49107
R016C011,2026-09-21,"[19:00,20:00)",19376,16321
R004C014,2026-09-21,"[06:00,07:00)",713,529
R016C014,2026-09-21,"[16:00,17:00)",1007,1007
R011C011,2026-09-21,"[04:00,05:00)",4752,3575
R007C013,2026-09-21,"[19:00,20:00)",48478,38503
R012C012,2026-09-21,"[10:00,11:00)",54382,42895
R008C004,2026-09-21,"[16:00,17:00)",99190,71990
R017C018,2026-09-21,"[17:00,18:00)",6794,6386
R019C006,2026-09-21,"[15:00,16:00)",8697,5867
R007C009,2026-09-21,"[14:00,15:00)",71629,53412
R010C005,2026-09-21,"[20:00,21:00)",16647,13632
R006C017,2026-09-21,"[05:00,06:00)",1322,965
R003C016,2026-09-21,"[02:00,03:00)",76,76
R010C010,2026-09-21,"[23:00,00:00)",23588,17971
R020C002,2026-09-21,"[15:00,16:00)",92,92
R012C015,2026-09-21,"[23:00,00:00)",2692,2286
R015C008,2026-09-21,"[05:00,06:00)",670,634
R020C012,2026-09-21,"[02:00,03:00)",281,174
R019C010,2026-09-21,"[21:00,22:00)",9722,7481
R008C009,2026-09-21,"[19:00,20:00)",60495,47190
R017C011,2026-09-21,"[07:00,08:00)",12788,11846
R012C004,2026-09-21,"[16:00,17:00)",42428,27994
R001C019,2026-09-21,"[23:00,00:00)",2965,2486
R007C005,2026-09-21,"[19:00,20:00)",20820,13742
R015C004,2026-09-21,"[14:00,15:00)",5810,3978
R016C009,2026-09-21,"[23:00,00:00)",765,634
R016C020,2026-09-21,"[09:00,10:00)",29048,23248
R025C010,2026-09-21,"[19:00,20:00)",2144,1499
R012C006,2026-09-21,"[08:00,09:00)",35376,26161
R008C016,2026-09-21,"[22:00,23:00)",1544,1145
R013C011,2026-09-21,"[02:00,03:00)",4174,2518
R012C016,2026-09-21,"[03:00,04:00)",420,325
R021C005,2026-09-21,"[07:00,08:00)",1041,790
R007C017,2026-09-21,"[10:00,11:00)",5443,3909
R012C008,2026-09-21,"[11:00,12:00)",43271,32857
R015C007,2026-09-21,"[17:00,18:00)",4662,4330
R020C006,2026-09-21,"[13:00,14:00)",3911,2567
R021C014,2026-09-21,"[18:00,19:00)",1185,995
R023C005,2026-09-21,"[09:00,10:00)",44,32
R008C006,2026-09-21,"[20:00,21:00)",28172,24045
R012C014,2026-09-21,"[17:00,18:00)",90066,62912
R010C017,2026-09-21,"[20:00,21:00)",28296,21313
R013C013,2026-09-21,"[23:00,00:00)",9360,7759
R017C000,2026-09-21,"[11:00,12:00)",308,241
R007C006,2026-09-21,"[13:00,14:00)",18483,14045
R010C012,2026-09-21,"[17:00,18:00)",52507,45589
R015C001,2026-09-21,"[08:00,09:00)",666,584
R014C018,2026-09-21,"[05:00,06:00)",2624,2194
R011C002,2026-09-21,"[23:00,00:00)",4639,3893
R023C012,2026-09-21,"[02:00,03:00)",20,20
R015C012,2026-09-21,"[09:00,10:00)",31071,25499
R015C020,2026-09-21,"[08:00,09:00)",6201,5111
R021C015,2026-09-21,"[14:00,15:00)",165,145
R009C014,2026-09-21,"[02:00,03:00)",3922,2613
R006C008,2026-09-21,"[14:00,15:00)",36060,27314
R011C007,2026-09-21,"[16:00,17:00)",107236,80120
R005C011,2026-09-21,"[20:00,21:00)",21408,16423
R018C001,2026-09-21,"[23:00,00:00)",71,47
R023C007,2026-09-21,"[04:00,05:00)",111,67
R003C007,2026-09-21,"[23:00,00:00)",1605,1440
R017C014,2026-09-21,"[11:00,12:00)",863,717
R022C013,2026-09-21,"[17:00,18:00)",3962,3598
R010C015,2026-09-21,"[18:00,19:00)",59191,42191
R018C015,2026-09-21,"[07:00,08:00)",4714,3756
R020C011,2026-09-21,"[17:00,18:00)",19372,16534
R021C013,2026-09-21,"[03:00,04:00)",424,205
R003C018,2026-09-21,"[23:00,00:00)",1794,1658
R009C013,2026-09-21,"[02:00,03:00)",1603,1259
R013C011,2026-09-21,"[14:00,15:00)",97394,72784
R013C011,2026-09-21,"[19:00,20:00)",80563,61418
R010C001,2026-09-21,"[23:00,00:00)",2070,1901
R010C002,2026-09-21,"[09:00,10:00)",47269,37823
R015C007,2026-09-21,"[23:00,00:00)",609,538
R007C015,2026-09-21,"[11:00,12:00)",20697,15575
R011C005,2026-09-21,"[08:00,09:00)",49715,38246
R015C016,2026-09-21,"[17:00,18:00)",53376,40967
R009C000,2026-09-21,"[09:00,10:00)",1225,1164
R014C005,2026-09-21,"[11:00,12:00)",5664,4283
R015C020,2026-09-21,"[06:00,07:00)",1815,1476
R017C001,2026-09-21,"[14:00,15:00)",148,136
R010C000,2026-09-21,"[15:00,16:00)",16492,15268
R004C010,2026-09-21,"[22:00,23:00)",475,386
R024C004,2026-09-21,"[09:00,10:00)",64,52
R015C011,2026-09-21,"[15:00,16:00)",22112,16965
R018C010,2026-09-21,"[23:00,00:00)",2250,1904
R015C005,2026-09-21,"[10:00,11:00)",1203,1025
R011C005,2026-09-21,"[14:00,15:00)",41623,28627
R012C014,2026-09-21,"[20:00,21:00)",36814,27037
R015C015,2026-09-21,"[14:00,15:00)",37082,28318
R015C011,2026-09-21,"[03:00,04:00)",467,325
R022C012,2026-09-21,"[02:00,03:00)",160,76
R013C008,2026-09-21,"[06:00,07:00)",5106,4714
R004C010,2026-09-21,"[11:00,12:00)",804,700
R017C019,2026-09-21,"[16:00,17:00)",21289,18666
R016C010,2026-09-21,"[22:00,23:00)",8339,6298
R005C009,2026-09-21,"[22:00,23:00)",1761,1298
R006C011,2026-09-21,"[06:00,07:00)",13256,11535
R010C005,2026-09-21,"[23:00,00:00)",4724,3835
R004C009,2026-09-21,"[20:00,21:00)",470,402
R020C015,2026-09-21,"[17:00,18:00)",249,249
R019C006,2026-09-21,"[11:00,12:00)",8856,5706
R010C006,2026-09-21,"[22:00,23:00)",18213,14174
R013C018,2026-09-21,"[07:00,08:00)",24433,20765
R013C017,2026-09-21,"[05:00,06:00)",3052,2320
R011C017,2026-09-21,"[19:00,20:00)",33764,26980
R006C010,2026-09-21,"[20:00,21:00)",14578,12054
R007C005,2026-09-21,"[03:00,04:00)",888,447
R011C014,2026-09-21,"[04:00,05:00)",2241,1809
R009C010,2026-09-21,"[21:00,22:00)",42770,35235
R013C021,2026-09-21,"[15:00,16:00)",1869,1716
R006C010,2026-09-21,"[07:00,08:00)",31638,27333
R008C005,2026-09-21,"[04:00,05:00)",5421,4139
R016C020,2026-09-21,"[05:00,06:00)",3184,2747
R016C005,2026-09-21,"[20:00,21:00)",647,548
R009C012,2026-09-21,"[07:00,08:00)",64264,58502
R022C010,2026-09-21,"[17:00,18:00)",6303,5852
R008C013,2026-09-21,"[19:00,20:00)",96910,70970
R006C017,2026-09-21,"[14:00,15:00)",10176,6599
R011C000,2026-09-21,"[22:00,23:00)",6326,5986
R020C012,2026-09-21,"[22:00,23:00)",900,540
R017C015,2026-09-21,"[11:00,12:00)",1312,1194
R011C015,2026-09-21,"[23:00,00:00)",4454,3480
R015C007,2026-09-21,"[06:00,07:00)",4160,4062
R015C013,2026-09-21,"[02:00,03:00)",240,222
R012C010,2026-09-21,"[08:00,09:00)",186208,136479
R012C020,2026-09-21,"[04:00,05:00)",326,326
R007C007,2026-09-21,"[19:00,20:00)",42422,34313
R004C009,2026-09-21,"[05:00,06:00)",240,160
R005C012,2026-09-21,"[06:00,07:00)",9260,7580
R017C004,2026-09-21,"[05:00,06:00)",327,315
R011C009,2026-09-21,"[04:00,05:00)",6075,4449
R018C016,2026-09-21,"[21:00,22:00)",694,581
R011C012,2026-09-21,"[21:00,22:00)",25605,21025
R017C010,2026-09-21,"[09:00,10:00)",22124,18429
R012C021,2026-09-21,"[05:00,06:00)",342,342
R010C015,2026-09-21,"[02:00,03:00)",3170,1808
R012C017,2026-09-21,"[20:00,21:00)",23054,17352
R012C008,2026-09-21,"[07:00,08:00)",42678,34438
R010C016,2026-09-21,"[02:00,03:00)",2287,1584
R009C003,2026-09-21,"[08:00,09:00)",65576,56448
R003C019,2026-09-21,"[17:00,18:00)",7494,7484
R014C017,2026-09-21,"[12:00,13:00)",17129,13295
R016C003,2026-09-21,"[02:00,03:00)",12,12
R019C012,2026-09-21,"[09:00,10:00)",3797,2814
R016C009,2026-09-21,"[04:00,05:00)",421,270
R012C013,2026-09-21,"[02:00,03:00)",2100,1302
R012C017,2026-09-21,"[23:00,00:00)",3862,2988
R009C003,2026-09-21,"[12:00,13:00)",49471,40172
R015C004,2026-09-21,"[09:00,10:00)",5558,4228
R017C014,2026-09-21,"[17:00,18:00)",958,849
R006C015,2026-09-21,"[21:00,22:00)",12216,9528
R018C002,2026-09-21,"[22:00,23:00)",248,177
R015C015,2026-09-21,"[23:00,00:00)",3523,3115
R008C013,2026-09-21,"[23:00,00:00)",16113,12491
R004C009,2026-09-21,"[21:00,22:00)",342,265
R005C011,2026-09-21,"[13:00,14:00)",31347,23821
R003C014,2026-09-21,"[20:00,21:00)",1553,1009
R005C017,2026-09-21,"[22:00,23:00)",1981,1440
R005C008,2026-09-21,"[12:00,13:00)",20521,15342
R019C002,2026-09-21,"[04:00,05:00)",195,139
R014C002,2026-09-21,"[10:00,11:00)",2979,1952
R011C000,2026-09-21,"[02:00,03:00)",679,656
R003C010,2026-09-21,"[11:00,12:00)",5555,3159
R003C013,2026-09-21,"[04:00,05:00)",892,693
R014C003,2026-09-21,"[02:00,03:00)",12,12
R010C010,2026-09-21,"[16:00,17:00)",246826,167987
R012C004,2026-09-21,"[09:00,10:00)",26519,19057
R011C014,2026-09-21,"[14:00,15:00)",62243,45179
R012C021,2026-09-21,"[21:00,22:00)",1743,1606
R021C002,2026-09-21,"[10:00,11:00)",20,20
R020C010,2026-09-21,"[18:00,19:00)",32945,24035
R012C004,2026-09-21,"[17:00,18:00)",45789,31426
R010C003,2026-09-21,"[21:00,22:00)",18070,14327
R010C002,2026-09-21,"[08:00,09:00)",63861,52183
R011C005,2026-09-21,"[12:00,13:00)",38796,25799
R009C007,2026-09-21,"[08:00,09:00)",79619,61889
R007C009,2026-09-21,"[21:00,22:00)",25611,21072
R013C019,2026-09-21,"[12:00,13:00)",1733,1304
R019C012,2026-09-21,"[19:00,20:00)",4447,3359
R004C014,2026-09-21,"[10:00,11:00)",1283,989
R016C009,2026-09-21,"[19:00,20:00)",5201,4171
R013C012,2026-09-21,"[06:00,07:00)",33566,27204
R014C006,2026-09-21,"[15:00,16:00)",3751,2901
R012C003,2026-09-21,"[07:00,08:00)",30884,24011
R009C008,2026-09-21,"[04:00,05:00)",1788,1398
R003C017,2026-09-21,"[15:00,16:00)",16561,13983
R019C004,2026-09-21,"[16:00,17:00)",6691,4891
R012C008,2026-09-21,"[21:00,22:00)",15072,12163
R010C010,2026-09-21,"[03:00,04:00)",6002,3992
R016C012,2026-09-21,"[19:00,20:00)",22950,17875
R006C008,2026-09-21,"[06:00,07:00)",14814,11880
R015C008,2026-09-21,"[03:00,04:00)",161,138
R024C008,2026-09-21,"[22:00,23:00)",991,662
R003C015,2026-09-21,"[14:00,15:00)",1275,843
R023C007,2026-09-21,"[22:00,23:00)",505,274
R009C009,2026-09-21,"[18:00,19:00)",79228,68550
R022C005,2026-09-21,"[18:00,19:00)",12,12
R019C010,2026-09-21,"[19:00,20:00)",21733,16530
R014C002,2026-09-21,"[19:00,20:00)",3791,2469
R006C015,2026-09-21,"[17:00,18:00)",44129,34620
R019C002,2026-09-21,"[22:00,23:00)",265,174
R014C013,2026-09-21,"[09:00,10:00)",55984,46603
R001C021,2026-09-21,"[15:00,16:00)",23620,19787
R020C005,2026-09-21,"[06:00,07:00)",5949,4623
R007C007,2026-09-21,"[20:00,21:00)",32263,25906
R019C004,2026-09-21,"[04:00,05:00)",507,333
R015C003,2026-09-21,"[14:00,15:00)",1400,1299
R021C002,2026-09-21,"[19:00,20:00)",80,60
R010C009,2026-09-21,"[09:00,10:00)",182152,124556
R005C010,2026-09-21,"[12:00,13:00)",9668,8530
R006C017,2026-09-21,"[09:00,10:00)",10534,7270
R012C016,2026-09-21,"[09:00,10:00)",15218,13318
R024C006,2026-09-21,"[08:00,09:00)",1329,983
R010C015,2026-09-21,"[08:00,09:00)",66212,49753
R011C013,2026-09-21,"[02:00,03:00)",2280,1469
R001C020,2026-09-21,"[16:00,17:00)",19242,17653
R015C010,2026-09-21,"[12:00,13:00)",30108,20588
R020C009,2026-09-21,"[14:00,15:00)",15707,10388
R018C011,2026-09-21,"[14:00,15:00)",5904,5485
R015C007,2026-09-21,"[02:00,03:00)",270,239
R020C011,2026-09-21,"[20:00,21:00)",9373,7537
R010C004,2026-09-21,"[19:00,20:00)",24111,17879
R010C016,2026-09-21,"[20:00,21:00)",27110,20186
R014C019,2026-09-21,"[22:00,23:00)",1936,1124
R012C019,2026-09-21,"[18:00,19:00)",4802,4695
R018C001,2026-09-21,"[12:00,13:00)",528,421
R013C022,2026-09-21,"[10:00,11:00)",4410,3557
R016C006,2026-09-21,"[16:00,17:00)",1058,1058
R011C013,2026-09-21,"[09:00,10:00)",56586,46250
R025C008,2026-09-21,"[12:00,13:00)",683,415
R009C009,2026-09-21,"[21:00,22:00)",28917,25640
R005C017,2026-09-21,"[18:00,19:00)",8746,7732
R006C012,2026-09-21,"[15:00,16:00)",25142,23480
R022C008,2026-09-21,"[21:00,22:00)",3579,2089
R015C000,2026-09-21,"[10:00,11:00)",202,190
R017C006,2026-09-21,"[03:00,04:00)",85,85
R013C013,2026-09-21,"[08:00,09:00)",105662,82239
R020C008,2026-09-21,"[11:00,12:00)",13192,7752
R010C017,2026-09-21,"[08:00,09:00)",51977,38982
R016C013,2026-09-21,"[17:00,18:00)",7449,6191
R007C016,2026-09-21,"[21:00,22:00)",1054,897
R020C007,2026-09-21,"[13:00,14:00)",5740,3149
R010C005,2026-09-21,"[22:00,23:00)",7664,6079
R015C005,2026-09-21,"[11:00,12:00)",979,817
R013C014,2026-09-21,"[09:00,10:00)",35749,28768
R022C005,2026-09-21,"[14:00,15:00)",49,49
R002C019,2026-09-21,"[04:00,05:00)",956,642
R007C017,2026-09-21,"[03:00,04:00)",213,130
R014C020,2026-09-21,"[21:00,22:00)",950,509
R016C009,2026-09-21,"[14:00,15:00)",8843,6319
R015C007,2026-09-21,"[09:00,10:00)",4892,4516
R012C019,2026-09-21,"[12:00,13:00)",3333,3258
R006C011,2026-09-21,"[05:00,06:00)",3639,2924
R019C004,2026-09-21,"[18:00,19:00)",5275,3805
R014C007,2026-09-21,"[06:00,07:00)",7077,5815
R012C016,2026-09-21,"[12:00,13:00)",14780,12747
R023C008,2026-09-21,"[06:00,07:00)",1210,1047
R011C005,2026-09-21,"[16:00,17:00)",52002,36739
R015C009,2026-09-21,"[18:00,19:00)",4054,2911
R011C000,2026-09-21,"[07:00,08:00)",40789,40088
R012C012,2026-09-21,"[17:00,18:00)",105526,84007
R016C008,2026-09-21,"[19:00,20:00)",3811,2697
R011C004,2026-09-21,"[21:00,22:00)",12975,9989
R007C009,2026-09-21,"[07:00,08:00)",71928,58280
R009C014,2026-09-21,"[12:00,13:00)",79023,57875
R011C010,2026-09-21,"[10:00,11:00)",200548,127161
R006C015,2026-09-21,"[15:00,16:00)",34375,26173
R023C009,2026-09-21,"[04:00,05:00)",399,304
R009C003,2026-09-21,"[23:00,00:00)",6888,5993
R017C004,2026-09-21,"[14:00,15:00)",1875,1753
R022C005,2026-09-21,"[20:00,21:00)",80,72
R005C012,2026-09-21,"[05:00,06:00)",2871,2023
R008C018,2026-09-21,"[18:00,19:00)",5321,3180
R012C017,2026-09-21,"[18:00,19:00)",49225,35524
R004C008,2026-09-21,"[09:00,10:00)",6484,4909
R006C017,2026-09-21,"[11:00,12:00)",9044,6202
R017C001,2026-09-21,"[22:00,23:00)",19,19
R017C012,2026-09-21,"[23:00,00:00)",907,669
R004C018,2026-09-21,"[11:00,12:00)",11215,8041
R017C006,2026-09-21,"[08:00,09:00)",1105,1085
R004C014,2026-09-21,"[03:00,04:00)",81,37
R018C001,2026-09-21,"[20:00,21:00)",254,165
R014C010,2026-09-21,"[22:00,23:00)",9756,6937
R005C008,2026-09-21,"[16:00,17:00)",30828,22548
R010C002,2026-09-21,"[22:00,23:00)",10548,8695
R013C016,2026-09-21,"[16:00,17:00)",13338,11287
R021C010,2026-09-21,"[11:00,12:00)",7768,6663
R010C008,2026-09-21,"[10:00,11:00)",126479,90768
R013C015,2026-09-21,"[09:00,10:00)",15893,14265
R016C007,2026-09-21,"[18:00,19:00)",3850,3353
R009C001,2026-09-21,"[07:00,08:00)",3828,3814
R003C008,2026-09-21,"[10:00,11:00)",361,361
R006C013,2026-09-21,"[17:00,18:00)",21902,19249
R025C007,2026-09-21,"[16:00,17:00)",67,41
R014C008,2026-09-21,"[12:00,13:00)",6030,4648
R010C010,2026-09-21,"[10:00,11:00)",150410,104848
R019C007,2026-09-21,"[18:00,19:00)",4317,3272
R005C009,2026-09-21,"[14:00,15:00)",5029,3975
R023C011,2026-09-21,"[09:00,10:00)",4332,3588
R011C019,2026-09-21,"[14:00,15:00)",2107,2018
R012C009,2026-09-21,"[21:00,22:00)",44707,32479
R007C016,2026-09-21,"[03:00,04:00)",177,154
R010C002,2026-09-21,"[23:00,00:00)",5752,4740
R019C008,2026-09-21,"[12:00,13:00)",2054,1562
R015C008,2026-09-21,"[04:00,05:00)",182,170
R011C006,2026-09-21,"[15:00,16:00)",62340,46394
R009C011,2026-09-21,"[11:00,12:00)",86533,66515
R007C008,2026-09-21,"[19:00,20:00)",49440,40854
R010C011,2026-09-21,"[11:00,12:00)",76988,53576
R012C012,2026-09-21,"[14:00,15:00)",72388,56066
R020C007,2026-09-21,"[03:00,04:00)",646,345
R009C006,2026-09-21,"[02:00,03:00)",1622,1178
R011C003,2026-09-21,"[16:00,17:00)",32840,23574
R007C009,2026-09-21,"[03:00,04:00)",3268,2648
R005C007,2026-09-21,"[23:00,00:00)",2419,2003
R015C000,2026-09-21,"[21:00,22:00)",51,51
R016C020,2026-09-21,"[18:00,19:00)",31982,25329
R014C005,2026-09-21,"[07:00,08:00)",4864,3947
R011C009,2026-09-21,"[18:00,19:00)",191934,132626
R011C012,2026-09-21,"[08:00,09:00)",70519,56926
R017C017,2026-09-21,"[12:00,13:00)",2649,2391
R009C016,2026-09-21,"[16:00,17:00)",29094,25111
R023C009,2026-09-21,"[21:00,22:00)",2737,1986
R016C000,2026-09-21,"[08:00,09:00)",43,43
R013C008,2026-09-21,"[12:00,13:00)",6967,6042
R015C015,2026-09-21,"[12:00,13:00)",33806,25443
R015C014,2026-09-21,"[15:00,16:00)",5869,5698
R013C018,2026-09-21,"[17:00,18:00)",28907,22732
R017C008,2026-09-21,"[06:00,07:00)",2897,2568
R012C018,2026-09-21,"[09:00,10:00)",19466,16362
R018C014,2026-09-21,"[21:00,22:00)",1180,812
R010C000,2026-09-21,"[07:00,08:00)",24791,23585
R013C013,2026-09-21,"[22:00,23:00)",18296,15037
R007C005,2026-09-21,"[22:00,23:00)",5396,3817
R019C013,2026-09-21,"[17:00,18:00)",1889,1695
R010C006,2026-09-21,"[14:00,15:00)",72956,56567
R014C003,2026-09-21,"[07:00,08:00)",1094,1038
R010C001,2026-09-21,"[03:00,04:00)",1091,1036
R020C009,2026-09-21,"[08:00,09:00)",19151,14148
R008C013,2026-09-21,"[07:00,08:00)",124861,102842
R015C014,2026-09-21,"[12:00,13:00)",4941,4729
R009C006,2026-09-21,"[06:00,07:00)",20891,18024
R012C015,2026-09-21,"[10:00,11:00)",23118,17975
R015C008,2026-09-21,"[16:00,17:00)",10719,9611
R009C000,2026-09-21,"[19:00,20:00)",615,601
R005C006,2026-09-21,"[13:00,14:00)",12737,8655
R013C003,2026-09-21,"[11:00,12:00)",8059,6425
R009C005,2026-09-21,"[06:00,07:00)",20755,17012
R010C018,2026-09-21,"[13:00,14:00)",30301,23299
R010C014,2026-09-21,"[21:00,22:00)",23411,17683
R013C016,2026-09-21,"[23:00,00:00)",960,852
R025C007,2026-09-21,"[06:00,07:00)",100,100
R003C017,2026-09-21,"[20:00,21:00)",6664,6025
R013C022,2026-09-21,"[16:00,17:00)",6829,5779
R025C010,2026-09-21,"[02:00,03:00)",103,45
R009C015,2026-09-21,"[10:00,11:00)",36214,27500
R005C010,2026-09-21,"[09:00,10:00)",9663,8696
R020C013,2026-09-21,"[08:00,09:00)",2503,2260
R024C006,2026-09-21,"[02:00,03:00)",36,12
R010C013,2026-09-21,"[19:00,20:00)",31760,27121
R020C013,2026-09-21,"[06:00,07:00)",935,857
R019C015,2026-09-21,"[18:00,19:00)",2831,2411
R018C002,2026-09-21,"[14:00,15:00)",1111,780
R020C009,2026-09-21,"[06:00,07:00)",9808,7503
R011C013,2026-09-21,"[11:00,12:00)",55374,42929
R006C006,2026-09-21,"[10:00,11:00)",10484,7887
R012C011,2026-09-21,"[19:00,20:00)",96912,73485
R012C003,2026-09-21,"[20:00,21:00)",22334,15502
R019C005,2026-09-21,"[18:00,19:00)",9237,6778
R011C005,2026-09-21,"[03:00,04:00)",1122,690
R015C012,2026-09-21,"[12:00,13:00)",27766,22315
R014C017,2026-09-21,"[09:00,10:00)",18855,15514
R007C016,2026-09-21,"[18:00,19:00)",3380,3118
R004C018,2026-09-21,"[20:00,21:00)",5967,4816
R012C012,2026-09-21,"[09:00,10:00)",64766,52262
R022C007,2026-09-21,"[02:00,03:00)",147,44
R021C010,2026-09-21,"[20:00,21:00)",7185,5986
R003C018,2026-09-21,"[18:00,19:00)",14937,13717
R019C012,2026-09-21,"[02:00,03:00)",425,234
R018C004,2026-09-21,"[19:00,20:00)",1341,1277
R005C007,2026-09-21,"[05:00,06:00)",2219,2019
R010C016,2026-09-21,"[06:00,07:00)",17273,13997
R012C021,2026-09-21,"[07:00,08:00)",7962,7370
R011C013,2026-09-21,"[18:00,19:00)",81416,64235
R020C013,2026-09-21,"[21:00,22:00)",1142,930
R007C005,2026-09-21,"[23:00,00:00)",2788,2063
R017C015,2026-09-21,"[09:00,10:00)",1660,1499
R017C019,2026-09-21,"[07:00,08:00)",25188,22013
R016C003,2026-09-21,"[13:00,14:00)",348,316
R012C018,2026-09-21,"[17:00,18:00)",29509,23659
R003C007,2026-09-21,"[18:00,19:00)",15112,14081
R015C015,2026-09-21,"[04:00,05:00)",1188,1077
R021C004,2026-09-21,"[10:00,11:00)",688,529
R015C013,2026-09-21,"[09:00,10:00)",18705,15518
R014C010,2026-09-21,"[09:00,10:00)",43508,34202
R021C011,2026-09-21,"[17:00,18:00)",4899,4780
R013C017,2026-09-21,"[11:00,12:00)",19636,14549
R004C009,2026-09-21,"[19:00,20:00)",407,352
R004C010,2026-09-21,"[18:00,19:00)",1930,1692
R004C012,2026-09-21,"[21:00,22:00)",11225,9428
R005C014,2026-09-21,"[19:00,20:00)",17045,12115
R020C010,2026-09-21,"[13:00,14:00)",21953,15548
R001C021,2026-09-21,"[10:00,11:00)",17105,14383
R004C015,2026-09-21,"[12:00,13:00)",8834,6098
R009C004,2026-09-21,"[21:00,22:00)",20431,17320
R016C011,2026-09-21,"[17:00,18:00)",28430,23731
R012C015,2026-09-21,"[08:00,09:00)",36325,30126
R020C005,2026-09-21,"[14:00,15:00)",7857,5235
R012C002,2026-09-21,"[20:00,21:00)",9960,7894
R019C007,2026-09-21,"[07:00,08:00)",6400,4500
R009C005,2026-09-21,"[10:00,11:00)",52786,38171
R012C016,2026-09-21,"[23:00,00:00)",1473,1355
R014C006,2026-09-21,"[21:00,22:00)",1828,1265
R006C011,2026-09-21,"[11:00,12:00)",31289,25427
R020C005,2026-09-21,"[18:00,19:00)",9608,6606
R005C010,2026-09-21,"[08:00,09:00)",16134,14518
R004C008,2026-09-21,"[11:00,12:00)",7204,5127
R014C020,2026-09-21,"[02:00,03:00)",71,71
R019C010,2026-09-21,"[11:00,12:00)",20581,14241
R008C011,2026-09-21,"[13:00,14:00)",17872,16491
R011C015,2026-09-21,"[09:00,10:00)",28481,21985
R005C015,2026-09-21,"[19:00,20:00)",26249,17930
R006C006,2026-09-21,"[11:00,12:00)",10829,7787
R011C008,2026-09-21,"[03:00,04:00)",2818,2114
R010C012,2026-09-21,"[19:00,20:00)",26672,23480
R011C015,2026-09-21,"[10:00,11:00)",23817,17699
R008C007,2026-09-21,"[19:00,20:00)",47266,38517
R019C014,2026-09-21,"[05:00,06:00)",304,284
R008C003,2026-09-21,"[19:00,20:00)",27903,24905
R008C012,2026-09-21,"[06:00,07:00)",20781,18917
R017C019,2026-09-21,"[03:00,04:00)",395,338
R012C012,2026-09-21,"[12:00,13:00)",67930,51067
R005C010,2026-09-21,"[21:00,22:00)",4013,3704
R016C002,2026-09-21,"[11:00,12:00)",164,140
R009C000,2026-09-21,"[16:00,17:00)",1500,1468
R021C014,2026-09-21,"[09:00,10:00)",1295,1074
R007C016,2026-09-21,"[11:00,12:00)",6623,4586
R020C004,2026-09-21,"[13:00,14:00)",3747,2643
R006C006,2026-09-21,"[15:00,16:00)",14209,10656
R001C021,2026-09-21,"[04:00,05:00)",989,903
R020C005,2026-09-21,"[12:00,13:00)",7504,5068
R023C009,2026-09-21,"[19:00,20:00)",6181,4562
R021C011,2026-09-21,"[12:00,13:00)",1790,1733
R013C012,2026-09-21,"[21:00,22:00)",45197,35413
R011C017,2026-09-21,"[20:00,21:00)",25414,20475
R021C009,2026-09-21,"[16:00,17:00)",16029,12496
R010C009,2026-09-21,"[07:00,08:00)",162538,119414
R022C006,2026-09-21,"[08:00,09:00)",2432,1746
R013C017,2026-09-21,"[02:00,03:00)",1230,659
R012C019,2026-09-21,"[22:00,23:00)",703,659
R015C021,2026-09-21,"[06:00,07:00)",4880,4138
R023C012,2026-09-21,"[14:00,15:00)",2843,2737
R010C004,2026-09-21,"[15:00,16:00)",30503,21598
R010C012,2026-09-21,"[11:00,12:00)",34602,27741
R024C006,2026-09-21,"[07:00,08:00)",291,207
R016C015,2026-09-21,"[06:00,07:00)",244,244
R004C013,2026-09-21,"[05:00,06:00)",893,720
R016C004,2026-09-21,"[04:00,05:00)",324,229
R005C017,2026-09-21,"[10:00,11:00)",9127,7109
R005C015,2026-09-21,"[17:00,18:00)",41519,30066
R010C015,2026-09-21,"[12:00,13:00)",44953,30840
R009C002,2026-09-21,"[21:00,22:00)",7855,7109
R010C010,2026-09-21,"[17:00,18:00)",277636,188693
R021C015,2026-09-21,"[08:00,09:00)",15,15
R013C020,2026-09-21,"[16:00,17:00)",2685,1709
R003C012,2026-09-21,"[10:00,11:00)",16975,15016
R011C011,2026-09-21,"[05:00,06:00)",10480,8246
R006C017,2026-09-21,"[22:00,23:00)",1711,1182
R003C019,2026-09-21,"[14:00,15:00)",3388,3345
R013C018,2026-09-21,"[03:00,04:00)",1177,951
R022C006,2026-09-21,"[12:00,13:00)",1980,1125
R005C008,2026-09-21,"[20:00,21:00)",16104,12318
R006C009,2026-09-21,"[21:00,22:00)",7732,5890
R013C016,2026-09-21,"[17:00,18:00)",14029,11995
R016C017,2026-09-21,"[05:00,06:00)",1668,1562
R019C002,2026-09-21,"[09:00,10:00)",1246,852
R009C012,2026-09-21,"[12:00,13:00)",59854,49079
R013C019,2026-09-21,"[16:00,17:00)",2297,1728
R018C010,2026-09-21,"[10:00,11:00)",15059,11916
R019C013,2026-09-21,"[14:00,15:00)",2355,1720
R002C018,2026-09-21,"[07:00,08:00)",24035,20837
R012C006,2026-09-21,"[15:00,16:00)",28608,20896
R009C014,2026-09-21,"[17:00,18:00)",107781,80651
R003C009,2026-09-21,"[16:00,17:00)",456,456
R023C007,2026-09-21,"[07:00,08:00)",1219,845
R006C007,2026-09-21,"[21:00,22:00)",14205,10462
R023C005,2026-09-21,"[10:00,11:00)",112,112
R006C016,2026-09-21,"[08:00,09:00)",17366,15800
R005C016,2026-09-21,"[06:00,07:00)",10596,9443
R013C006,2026-09-21,"[13:00,14:00)",16206,10782
R009C018,2026-09-21,"[05:00,06:00)",784,704
R001C020,2026-09-21,"[04:00,05:00)",912,800
R004C007,2026-09-21,"[22:00,23:00)",4569,3624
R009C013,2026-09-21,"[20:00,21:00)",32141,27333
R003C017,2026-09-21,"[23:00,00:00)",1589,1420
R016C004,2026-09-21,"[13:00,14:00)",3760,2929
R016C007,2026-09-21,"[16:00,17:00)",7444,6562
R021C007,2026-09-21,"[10:00,11:00)",1174,803
R010C015,2026-09-21,"[14:00,15:00)",47836,33406
R014C014,2026-09-21,"[03:00,04:00)",1532,1177
R025C010,2026-09-21,"[15:00,16:00)",1344,1003
R015C003,2026-09-21,"[08:00,09:00)",2920,2822
R007C009,2026-09-21,"[18:00,19:00)",71488,56350
R010C000,2026-09-21,"[04:00,05:00)",898,868
R022C007,2026-09-21,"[14:00,15:00)",2468,1788
R010C014,2026-09-21,"[04:00,05:00)",2701,1841
R003C016,2026-09-21,"[09:00,10:00)",2224,1749
R021C014,2026-09-21,"[07:00,08:00)",960,888
R003C016,2026-09-21,"[06:00,07:00)",1219,1065
R022C012,2026-09-21,"[10:00,11:00)",3485,3060
R016C008,2026-09-21,"[23:00,00:00)",899,692
R010C009,2026-09-21,"[19:00,20:00)",136890,96088
R013C013,2026-09-21,"[07:00,08:00)",88474,71426
R018C017,2026-09-21,"[06:00,07:00)",210,178
R012C005,2026-09-21,"[19:00,20:00)",21767,14843
R005C016,2026-09-21,"[05:00,06:00)",2726,2428
R021C008,2026-09-21,"[03:00,04:00)",174,139
R009C017,2026-09-21,"[16:00,17:00)",24636,20133
R018C002,2026-09-21,"[18:00,19:00)",1422,882
R009C017,2026-09-21,"[08:00,09:00)",26086,21426
R008C014,2026-09-21,"[14:00,15:00)",63882,52637
R005C011,2026-09-21,"[02:00,03:00)",1554,1048
R004C013,2026-09-21,"[12:00,13:00)",4729,3581
R012C013,2026-09-21,"[04:00,05:00)",2335,1733
R022C014,2026-09-21,"[16:00,17:00)",249,184
R023C011,2026-09-21,"[21:00,22:00)",1629,1195
R015C006,2026-09-21,"[20:00,21:00)",402,402
R012C005,2026-09-21,"[13:00,14:00)",26788,17422
R011C002,2026-09-21,"[19:00,20:00)",34216,28409
R003C015,2026-09-21,"[08:00,09:00)",1458,858
R006C012,2026-09-21,"[13:00,14:00)",20818,19018
R006C007,2026-09-21,"[04:00,05:00)",1086,918
R013C006,2026-09-21,"[08:00,09:00)",20376,15305
R012C020,2026-09-21,"[19:00,20:00)",3401,3289
R015C016,2026-09-21,"[11:00,12:00)",29379,22932
R016C016,2026-09-21,"[20:00,21:00)",2356,1799
R009C014,2026-09-21,"[10:00,11:00)",63066,48235
R010C011,2026-09-21,"[02:00,03:00)",4215,2650
R016C001,2026-09-21,"[09:00,10:00)",70,70
R010C009,2026-09-21,"[06:00,07:00)",53645,38488
R015C016,2026-09-21,"[23:00,00:00)",3919,3220
R012C002,2026-09-21,"[21:00,22:00)",6102,4774
R003C009,2026-09-21,"[09:00,10:00)",408,408
R017C000,2026-09-21,"[07:00,08:00)",101,101
R022C007,2026-09-21,"[23:00,00:00)",243,170
R014C020,2026-09-21,"[13:00,14:00)",920,635
R007C007,2026-09-21,"[03:00,04:00)",2852,2318
R017C015,2026-09-21,"[08:00,09:00)",1932,1799
R008C005,2026-09-21,"[05:00,06:00)",10526,8249
R004C009,2026-09-21,"[02:00,03:00)",25,22
R018C005,2026-09-21,"[19:00,20:00)",1139,1032
R011C012,2026-09-21,"[12:00,13:00)",49933,38085
R016C009,2026-09-21,"[05:00,06:00)",1018,843
R008C010,2026-09-21,"[05:00,06:00)",3323,3089
R009C008,2026-09-21,"[11:00,12:00)",54363,42117
R006C017,2026-09-21,"[18:00,19:00)",6937,5504
R014C011,2026-09-21,"[19:00,20:00)",32670,25933
R014C019,2026-09-21,"[14:00,15:00)",4086,2923
R003C015,2026-09-21,"[22:00,23:00)",626,346
R015C008,2026-09-21,"[08:00,09:00)",4333,3770
R004C015,2026-09-21,"[09:00,10:00)",7923,5550
R020C004,2026-09-21,"[12:00,13:00)",3380,2429
R007C015,2026-09-21,"[06:00,07:00)",12078,10298
R020C009,2026-09-21,"[16:00,17:00)",22734,15299
R013C010,2026-09-21,"[04:00,05:00)",1446,1169
R009C013,2026-09-21,"[21:00,22:00)",23123,19671
R003C018,2026-09-21,"[02:00,03:00)",212,164
R013C014,2026-09-21,"[06:00,07:00)",12639,10209
R014C006,2026-09-21,"[14:00,15:00)",4416,3014
R012C021,2026-09-21,"[14:00,15:00)",4637,4181
R015C020,2026-09-21,"[13:00,14:00)",3842,3022
R010C015,2026-09-21,"[07:00,08:00)",54002,42155
R010C016,2026-09-21,"[08:00,09:00)",57320,44212
R021C015,2026-09-21,"[21:00,22:00)",13,13
R011C018,2026-09-21,"[15:00,16:00)",42135,29567
R003C009,2026-09-21,"[06:00,07:00)",261,261
R012C006,2026-09-21,"[03:00,04:00)",1079,754
R014C014,2026-09-21,"[07:00,08:00)",63244,51542
R005C017,2026-09-21,"[20:00,21:00)",3907,3308
R017C000,2026-09-21,"[23:00,00:00)",24,12
R010C007,2026-09-21,"[11:00,12:00)",82260,65892
R016C005,2026-09-21,"[07:00,08:00)",1242,1174
R008C008,2026-09-21,"[18:00,19:00)",50129,43023
R007C016,2026-09-21,"[13:00,14:00)",4739,3808
R013C007,2026-09-21,"[15:00,16:00)",12597,9417
R019C014,2026-09-21,"[03:00,04:00)",165,82
R011C011,2026-09-21,"[09:00,10:00)",101776,78996
R004C007,2026-09-21,"[20:00,21:00)",11994,9772
R022C011,2026-09-21,"[02:00,03:00)",171,76
R014C011,2026-09-21,"[13:00,14:00)",43290,31598
R013C018,2026-09-21,"[08:00,09:00)",29445,23282
R023C009,2026-09-21,"[14:00,15:00)",5936,4243
R003C014,2026-09-21,"[14:00,15:00)",1337,880
R003C008,2026-09-21,"[14:00,15:00)",461,438
R008C012,2026-09-21,"[15:00,16:00)",59406,50950
R014C019,2026-09-21,"[08:00,09:00)",4526,3610
R015C006,2026-09-21,"[22:00,23:00)",87,87
R014C002,2026-09-21,"[13:00,14:00)",2787,2016
R004C011,2026-09-21,"[23:00,00:00)",2488,1881
R018C008,2026-09-21,"[07:00,08:00)",2517,2208
R017C003,2026-09-21,"[14:00,15:00)",185,185
R013C005,2026-09-21,"[19:00,20:00)",7248,5606
R013C011,2026-09-21,"[23:00,00:00)",13731,10800
R017C012,2026-09-21,"[08:00,09:00)",7559,6114
R012C006,2026-09-21,"[17:00,18:00)",35324,26294
R019C010,2026-09-21,"[16:00,17:00)",28206,21480
R021C004,2026-09-21,"[15:00,16:00)",648,460
R014C009,2026-09-21,"[04:00,05:00)",632,563
R004C009,2026-09-21,"[18:00,19:00)",636,517
R023C012,2026-09-21,"[13:00,14:00)",3043,2781
R014C008,2026-09-21,"[16:00,17:00)",14370,12337
R024C004,2026-09-21,"[05:00,06:00)",52,52
R014C008,2026-09-21,"[20:00,21:00)",2938,2086
R016C006,2026-09-21,"[03:00,04:00)",105,105
R004C015,2026-09-21,"[19:00,20:00)",7519,5191
R024C008,2026-09-21,"[09:00,10:00)",2426,1898
R018C001,2026-09-21,"[22:00,23:00)",98,86
R017C001,2026-09-21,"[18:00,19:00)",137,125
R016C003,2026-09-21,"[14:00,15:00)",275,275
R024C008,2026-09-21,"[17:00,18:00)",6080,4553
R015C020,2026-09-21,"[04:00,05:00)",272,244
R015C021,2026-09-21,"[22:00,23:00)",2039,1713
R014C021,2026-09-21,"[12:00,13:00)",2482,2023
R005C008,2026-09-21,"[07:00,08:00)",26846,22052
R014C003,2026-09-21,"[22:00,23:00)",180,169
R006C007,2026-09-21,"[22:00,23:00)",7374,5516
R014C016,2026-09-21,"[17:00,18:00)",24513,21403
R011C006,2026-09-21,"[12:00,13:00)",54768,39961
R008C009,2026-09-21,"[03:00,04:00)",3472,2898
R017C001,2026-09-21,"[07:00,08:00)",77,77
R009C000,2026-09-21,"[11:00,12:00)",981,918
R012C001,2026-09-21,"[20:00,21:00)",7013,6047
R015C017,2026-09-21,"[10:00,11:00)",36576,28426
R016C002,2026-09-21,"[17:00,18:00)",115,115
R004C008,2026-09-21,"[06:00,07:00)",3127,2536
R011C014,2026-09-21,"[18:00,19:00)",76822,56759
R007C009,2026-09-21,"[02:00,03:00)",2435,1836
R022C005,2026-09-21,"[19:00,20:00)",32,32
R020C011,2026-09-21,"[16:00,17:00)",16643,13534
R015C002,2026-09-21,"[11:00,12:00)",2228,1659
R014C005,2026-09-21,"[06:00,07:00)",2822,2244
R011C000,2026-09-21,"[06:00,07:00)",11617,11488
R018C008,2026-09-21,"[17:00,18:00)",2563,2226
R016C006,2026-09-21,"[10:00,11:00)",810,751
R010C016,2026-09-21,"[13:00,14:00)",40546,29587
R006C013,2026-09-21,"[03:00,04:00)",772,536
R009C001,2026-09-21,"[10:00,11:00)",2423,2315
R024C007,2026-09-21,"[06:00,07:00)",261,250
R010C014,2026-09-21,"[20:00,21:00)",33997,25243
R007C008,2026-09-21,"[17:00,18:00)",89726,71710
R004C016,2026-09-21,"[08:00,09:00)",23081,19672
R019C010,2026-09-21,"[10:00,11:00)",19782,13778
R021C014,2026-09-21,"[17:00,18:00)",1183,1010
R016C014,2026-09-21,"[08:00,09:00)",1035,987
R024C004,2026-09-21,"[18:00,19:00)",21,21
R003C018,2026-09-21,"[19:00,20:00)",11305,10405
R005C006,2026-09-21,"[18:00,19:00)",18603,13147
R011C008,2026-09-21,"[20:00,21:00)",50002,39625
R019C014,2026-09-21,"[14:00,15:00)",2419,2114
R003C012,2026-09-21,"[21:00,22:00)",9448,8271
R010C008,2026-09-21,"[11:00,12:00)",126253,90492
R021C011,2026-09-21,"[13:00,14:00)",2079,1935
R009C012,2026-09-21,"[21:00,22:00)",25365,22076
R019C002,2026-09-21,"[08:00,09:00)",3014,1696
R004C012,2026-09-21,"[03:00,04:00)",1499,1413
R023C007,2026-09-21,"[14:00,15:00)",1836,1227
R011C013,2026-09-21,"[06:00,07:00)",24833,20372
R010C014,2026-09-21,"[10:00,11:00)",40814,30743
R016C020,2026-09-21,"[21:00,22:00)",9794,8717
R016C004,2026-09-21,"[11:00,12:00)",3257,2592
R016C012,2026-09-21,"[08:00,09:00)",30333,24031
R012C016,2026-09-21,"[15:00,16:00)",18438,16410
R023C007,2026-09-21,"[17:00,18:00)",4322,3327
R007C005,2026-09-21,"[05:00,06:00)",1948,1404
R015C000,2026-09-21,"[12:00,13:00)",145,110
R017C014,2026-09-21,"[07:00,08:00)",931,848
R008C008,2026-09-21,"[09:00,10:00)",45905,39088
R014C007,2026-09-21,"[19:00,20:00)",5614,4288
R015C017,2026-09-21,"[09:00,10:00)",44930,35266
R022C013,2026-09-21,"[11:00,12:00)",1876,1622
R010C017,2026-09-21,"[07:00,08:00)",47727,37442
R017C006,2026-09-21,"[21:00,22:00)",335,323
R011C013,2026-09-21,"[13:00,14:00)",63253,48392
R010C015,2026-09-21,"[19:00,20:00)",45790,32020
R002C018,2026-09-21,"[17:00,18:00)",24250,19961
R019C006,2026-09-21,"[03:00,04:00)",695,394
R006C009,2026-09-21,"[09:00,10:00)",15749,12538
R025C011,2026-09-21,"[13:00,14:00)",1621,1209
R018C006,2026-09-21,"[21:00,22:00)",2107,1828
R022C010,2026-09-21,"[19:00,20:00)",4231,3978
R011C012,2026-09-21,"[19:00,20:00)",43179,35024
R014C014,2026-09-21,"[21:00,22:00)",24793,19766
R004C013,2026-09-21,"[18:00,19:00)",8033,6030
R009C011,2026-09-21,"[23:00,00:00)",14886,12043
R011C012,2026-09-21,"[18:00,19:00)",60164,48713
R007C012,2026-09-21,"[12:00,13:00)",36899,29127
R020C013,2026-09-21,"[20:00,21:00)",1671,1319
R011C004,2026-09-21,"[08:00,09:00)",36824,29360
R016C013,2026-09-21,"[07:00,08:00)",5205,4521
R023C006,2026-09-21,"[19:00,20:00)",1456,913
R015C015,2026-09-21,"[18:00,19:00)",45395,35146
R019C009,2026-09-21,"[13:00,14:00)",7630,5528
R017C018,2026-09-21,"[08:00,09:00)",6046,5661
R016C002,2026-09-21,"[15:00,16:00)",124,104
R025C011,2026-09-21,"[21:00,22:00)",1100,865
R011C005,2026-09-21,"[10:00,11:00)",32105,21953
R017C006,2026-09-21,"[13:00,14:00)",1281,1145
R005C011,2026-09-21,"[22:00,23:00)",7510,6183
R021C008,2026-09-21,"[16:00,17:00)",8229,6755
R025C011,2026-09-21,"[20:00,21:00)",1893,1446
R021C004,2026-09-21,"[12:00,13:00)",651,534
R015C012,2026-09-21,"[14:00,15:00)",28443,23099
R014C021,2026-09-21,"[02:00,03:00)",99,47
R019C008,2026-09-21,"[20:00,21:00)",994,763
R013C005,2026-09-21,"[02:00,03:00)",534,299
R010C016,2026-09-21,"[11:00,12:00)",35717,26225
R022C005,2026-09-21,"[07:00,08:00)",84,84
R005C013,2026-09-21,"[12:00,13:00)",3077,2455
R015C011,2026-09-21,"[07:00,08:00)",22299,19166
R019C007,2026-09-21,"[21:00,22:00)",1962,1406
R016C013,2026-09-21,"[21:00,22:00)",1977,1614
R014C006,2026-09-21,"[20:00,21:00)",2193,1546
R022C008,2026-09-21,"[11:00,12:00)",6334,3834
R015C002,2026-09-21,"[16:00,17:00)",3362,2531
R010C000,2026-09-21,"[02:00,03:00)",384,302
R021C010,2026-09-21,"[09:00,10:00)",10238,8827
R016C011,2026-09-21,"[16:00,17:00)",23767,20236
R015C000,2026-09-21,"[17:00,18:00)",205,194
R014C002,2026-09-21,"[22:00,23:00)",1262,814
R020C005,2026-09-21,"[15:00,16:00)",8298,5630
R014C004,2026-09-21,"[08:00,09:00)",6743,5590
R008C018,2026-09-21,"[13:00,14:00)",4724,2655
R007C015,2026-09-21,"[15:00,16:00)",20635,16355
R017C016,2026-09-21,"[04:00,05:00)",147,123
R005C016,2026-09-21,"[02:00,03:00)",518,343
R025C009,2026-09-21,"[19:00,20:00)",1584,1079
R025C007,2026-09-21,"[23:00,00:00)",60,20
R011C017,2026-09-21,"[18:00,19:00)",43197,34957
R006C010,2026-09-21,"[04:00,05:00)",1151,941
R020C011,2026-09-21,"[07:00,08:00)",18291,16202
R019C010,2026-09-21,"[13:00,14:00)",21833,15679
R005C013,2026-09-21,"[16:00,17:00)",3389,2835
R017C008,2026-09-21,"[02:00,03:00)",147,123
R017C014,2026-09-21,"[16:00,17:00)",740,677
R009C013,2026-09-21,"[14:00,15:00)",67084,52871
R015C019,2026-09-21,"[11:00,12:00)",11814,10570
R009C018,2026-09-21,"[18:00,19:00)",7246,6275
R014C017,2026-09-21,"[22:00,23:00)",5655,4759
R016C019,2026-09-21,"[22:00,23:00)",7001,6210
R017C015,2026-09-21,"[17:00,18:00)",2284,2183
R022C013,2026-09-21,"[23:00,00:00)",184,148
R004C008,2026-09-21,"[04:00,05:00)",372,316
R012C014,2026-09-21,"[02:00,03:00)",2251,1254
R016C018,2026-09-21,"[22:00,23:00)",5308,4837
R008C017,2026-09-21,"[04:00,05:00)",45,45
R007C013,2026-09-21,"[10:00,11:00)",48399,39115
R017C018,2026-09-21,"[02:00,03:00)",79,79
R018C010,2026-09-21,"[04:00,05:00)",1149,812
R011C006,2026-09-21,"[10:00,11:00)",48513,34933
R019C011,2026-09-21,"[09:00,10:00)",21625,15818
R011C005,2026-09-21,"[06:00,07:00)",11696,9686
R007C017,2026-09-21,"[04:00,05:00)",486,372
R011C007,2026-09-21,"[13:00,14:00)",77767,56234
R023C012,2026-09-21,"[04:00,05:00)",121,121
R017C015,2026-09-21,"[16:00,17:00)",1804,1713
R013C020,2026-09-21,"[08:00,09:00)",2565,1865
R011C003,2026-09-21,"[14:00,15:00)",23794,18254
R016C008,2026-09-21,"[12:00,13:00)",7180,4751
R025C008,2026-09-21,"[11:00,12:00)",243,166
R006C015,2026-09-21,"[23:00,00:00)",3298,2809
R007C014,2026-09-21,"[02:00,03:00)",1965,1276
R006C010,2026-09-21,"[14:00,15:00)",25887,20808
R017C006,2026-09-21,"[09:00,10:00)",778,754
R004C016,2026-09-21,"[18:00,19:00)",18918,16523
R001C019,2026-09-21,"[09:00,10:00)",20247,15814
R020C015,2026-09-21,"[15:00,16:00)",121,121
R010C014,2026-09-21,"[22:00,23:00)",12737,9330
R003C007,2026-09-21,"[06:00,07:00)",8353,7648
R003C013,2026-09-21,"[06:00,07:00)",7736,6942
R009C004,2026-09-21,"[19:00,20:00)",41543,33126
R018C009,2026-09-21,"[14:00,15:00)",6328,3826
R019C004,2026-09-21,"[14:00,15:00)",4923,3255
R006C008,2026-09-21,"[17:00,18:00)",50590,37052
R022C008,2026-09-21,"[09:00,10:00)",5663,3684
R019C005,2026-09-21,"[23:00,00:00)",1085,795
R007C014,2026-09-21,"[05:00,06:00)",6375,5127
R024C009,2026-09-21,"[12:00,13:00)",2827,2100
R005C014,2026-09-21,"[22:00,23:00)",5464,3902
R010C013,2026-09-21,"[04:00,05:00)",2588,1915
R010C014,2026-09-21,"[13:00,14:00)",50556,36994
R019C008,2026-09-21,"[13:00,14:00)",2409,1700
R011C003,2026-09-21,"[23:00,00:00)",3828,2959
R016C009,2026-09-21,"[07:00,08:00)",8173,6468
R007C005,2026-09-21,"[18:00,19:00)",29773,19855
R018C016,2026-09-21,"[06:00,07:00)",929,786
R017C013,2026-09-21,"[07:00,08:00)",4296,3243
R013C017,2026-09-21,"[13:00,14:00)",23016,16576
R015C001,2026-09-21,"[15:00,16:00)",541,418
R004C012,2026-09-21,"[09:00,10:00)",26477,21506
R012C018,2026-09-21,"[21:00,22:00)",8815,7179
R013C009,2026-09-21,"[23:00,00:00)",3505,2730
R010C000,2026-09-21,"[12:00,13:00)",13427,12369
R007C016,2026-09-21,"[09:00,10:00)",5146,4253
R018C011,2026-09-21,"[11:00,12:00)",5769,5011
R009C002,2026-09-21,"[13:00,14:00)",23055,19581
R022C011,2026-09-21,"[04:00,05:00)",168,156
R003C013,2026-09-21,"[14:00,15:00)",16473,13842
R023C010,2026-09-21,"[21:00,22:00)",541,463
R016C015,2026-09-21,"[04:00,05:00)",24,24
R008C004,2026-09-21,"[13:00,14:00)",85596,59258
R025C008,2026-09-21,"[08:00,09:00)",513,418
R014C016,2026-09-21,"[13:00,14:00)",17586,15080
R017C017,2026-09-21,"[08:00,09:00)",3796,3521
R015C015,2026-09-21,"[16:00,17:00)",46385,37467
R025C009,2026-09-21,"[13:00,14:00)",1391,978
R019C010,2026-09-21,"[18:00,19:00)",28846,23037
R009C016,2026-09-21,"[09:00,10:00)",24736,20882
R017C015,2026-09-21,"[05:00,06:00)",232,208
R013C020,2026-09-21,"[04:00,05:00)",289,167
R023C009,2026-09-21,"[07:00,08:00)",7293,6087
R022C009,2026-09-21,"[02:00,03:00)",620,347
R010C018,2026-09-21,"[18:00,19:00)",36385,28383
R007C008,2026-09-21,"[03:00,04:00)",3165,2640
R002C019,2026-09-21,"[18:00,19:00)",17025,14316
R010C012,2026-09-21,"[08:00,09:00)",51133,45710
R019C004,2026-09-21,"[22:00,23:00)",1123,751
R004C008,2026-09-21,"[03:00,04:00)",311,290
R021C010,2026-09-21,"[04:00,05:00)",511,431
R015C018,2026-09-21,"[22:00,23:00)",5878,5194
R004C013,2026-09-21,"[17:00,18:00)",7715,5987
R015C013,2026-09-21,"[13:00,14:00)",18321,14230
R014C017,2026-09-21,"[16:00,17:00)",25150,20281
R012C008,2026-09-21,"[13:00,14:00)",48012,35984
R014C014,2026-09-21,"[05:00,06:00)",5276,4377
R017C008,2026-09-21,"[08:00,09:00)",3319,3109
R001C021,2026-09-21,"[05:00,06:00)",2904,2667
R012C003,2026-09-21,"[21:00,22:00)",14627,9990
R010C016,2026-09-21,"[18:00,19:00)",48660,37039
R022C004,2026-09-21,"[09:00,10:00)",28,28
R007C011,2026-09-21,"[11:00,12:00)",13126,9589
R023C009,2026-09-21,"[06:00,07:00)",3056,2345
R018C001,2026-09-21,"[07:00,08:00)",297,243
R012C018,2026-09-21,"[19:00,20:00)",19602,15870
R003C008,2026-09-21,"[21:00,22:00)",264,253
R010C006,2026-09-21,"[02:00,03:00)",2305,1554
R011C008,2026-09-21,"[13:00,14:00)",94715,65445
R011C010,2026-09-21,"[02:00,03:00)",9568,5125
R022C013,2026-09-21,"[20:00,21:00)",1492,1265
R018C000,2026-09-21,"[16:00,17:00)",84,84
R015C005,2026-09-21,"[22:00,23:00)",162,122
R009C001,2026-09-21,"[08:00,09:00)",4368,4292
R021C013,2026-09-21,"[11:00,12:00)",4450,2914
R016C010,2026-09-21,"[07:00,08:00)",43671,33911
R013C010,2026-09-21,"[19:00,20:00)",46585,33340
R015C020,2026-09-21,"[03:00,04:00)",248,184
R015C019,2026-09-21,"[12:00,13:00)",10460,9542
R014C009,2026-09-21,"[19:00,20:00)",14906,11676
R011C002,2026-09-21,"[08:00,09:00)",47960,38724
R022C009,2026-09-21,"[05:00,06:00)",1487,1077
R009C013,2026-09-21,"[04:00,05:00)",2775,2224
R013C005,2026-09-21,"[14:00,15:00)",13455,9023
R008C005,2026-09-21,"[20:00,21:00)",41063,31352
R018C011,2026-09-21,"[20:00,21:00)",4872,4438
R005C017,2026-09-21,"[16:00,17:00)",12412,10521
R006C007,2026-09-21,"[12:00,13:00)",29526,20463
R017C009,2026-09-21,"[13:00,14:00)",5777,3963
R025C011,2026-09-21,"[07:00,08:00)",3876,3515
R003C016,2026-09-21,"[11:00,12:00)",2342,1791
R008C016,2026-09-21,"[14:00,15:00)",7818,5940
R004C014,2026-09-21,"[07:00,08:00)",1833,1486
R006C011,2026-09-21,"[10:00,11:00)",28236,22855
R023C005,2026-09-21,"[17:00,18:00)",2036,1996
R013C010,2026-09-21,"[18:00,19:00)",64763,47364
R009C015,2026-09-21,"[09:00,10:00)",42057,32489
R013C006,2026-09-21,"[06:00,07:00)",9495,7506
R003C009,2026-09-21,"[07:00,08:00)",640,640
R018C008,2026-09-21,"[19:00,20:00)",1605,1229
R020C007,2026-09-21,"[09:00,10:00)",5567,3060
R009C005,2026-09-21,"[03:00,04:00)",2500,2041
R006C010,2026-09-21,"[09:00,10:00)",23714,19678
R011C000,2026-09-21,"[20:00,21:00)",18271,17598
R008C016,2026-09-21,"[12:00,13:00)",7667,5839
R008C006,2026-09-21,"[10:00,11:00)",42703,35042
R006C016,2026-09-21,"[23:00,00:00)",1340,1051
R011C000,2026-09-21,"[19:00,20:00)",25572,24686
R007C010,2026-09-21,"[15:00,16:00)",34509,26192
R006C012,2026-09-21,"[17:00,18:00)",35289,33311
R004C010,2026-09-21,"[10:00,11:00)",987,909
R008C017,2026-09-21,"[09:00,10:00)",1501,1283
R020C006,2026-09-21,"[11:00,12:00)",4157,2493
R021C011,2026-09-21,"[18:00,19:00)",4232,4136
R015C015,2026-09-21,"[15:00,16:00)",41099,32402
R021C003,2026-09-21,"[16:00,17:00)",20,20
R018C005,2026-09-21,"[20:00,21:00)",927,754
R010C011,2026-09-21,"[19:00,20:00)",74882,54701
R015C001,2026-09-21,"[16:00,17:00)",621,566
R015C004,2026-09-21,"[10:00,11:00)",5321,3844
R010C018,2026-09-21,"[03:00,04:00)",1273,1126
R013C019,2026-09-21,"[07:00,08:00)",1913,1565
R006C017,2026-09-21,"[08:00,09:00)",12769,9191
R021C012,2026-09-21,"[10:00,11:00)",1326,1210
R014C007,2026-09-21,"[15:00,16:00)",8733,6163
R004C013,2026-09-21,"[04:00,05:00)",483,352
R018C008,2026-09-21,"[21:00,22:00)",921,693
R009C011,2026-09-21,"[10:00,11:00)",81714,64096
R009C009,2026-09-21,"[02:00,03:00)",2938,2171
R005C015,2026-09-21,"[11:00,12:00)",24601,17151
R008C011,2026-09-21,"[19:00,20:00)",12837,12052
R009C004,2026-09-21,"[06:00,07:00)",17119,15359
R024C006,2026-09-21,"[12:00,13:00)",735,439
R014C019,2026-09-21,"[20:00,21:00)",3338,2037
R014C003,2026-09-21,"[19:00,20:00)",761,750
R018C007,2026-09-21,"[12:00,13:00)",5455,4463
R010C017,2026-09-21,"[11:00,12:00)",38837,27992
R008C017,2026-09-21,"[07:00,08:00)",1618,1522
R012C005,2026-09-21,"[07:00,08:00)",22758,18059
R013C011,2026-09-21,"[15:00,16:00)",107008,81285
R014C013,2026-09-21,"[03:00,04:00)",2086,1552
R018C009,2026-09-21,"[10:00,11:00)",6521,3792
R021C015,2026-09-21,"[16:00,17:00)",104,92
R013C004,2026-09-21,"[18:00,19:00)",11598,9962
R013C021,2026-09-21,"[03:00,04:00)",207,155
R023C010,2026-09-21,"[23:00,00:00)",250,178
R006C011,2026-09-21,"[08:00,09:00)",48921,41715
R013C021,2026-09-21,"[23:00,00:00)",210,182
R015C010,2026-09-21,"[19:00,20:00)",21467,16210
R013C012,2026-09-21,"[23:00,00:00)",11967,9946
R023C011,2026-09-21,"[03:00,04:00)",84,64
R004C011,2026-09-21,"[10:00,11:00)",19457,15097
R010C017,2026-09-21,"[03:00,04:00)",2219,1872
R015C010,2026-09-21,"[08:00,09:00)",39862,31241
R013C010,2026-09-21,"[03:00,04:00)",1382,1019
R012C010,2026-09-21,"[10:00,11:00)",120584,83023
R019C005,2026-09-21,"[12:00,13:00)",7733,5406
R015C001,2026-09-21,"[07:00,08:00)",605,583
R002C019,2026-09-21,"[16:00,17:00)",19514,16493
R016C013,2026-09-21,"[04:00,05:00)",144,132
R011C003,2026-09-21,"[06:00,07:00)",10689,8291
R009C005,2026-09-21,"[11:00,12:00)",59593,41342
R011C011,2026-09-21,"[06:00,07:00)",29757,23985
R014C015,2026-09-21,"[11:00,12:00)",41147,29824
R011C008,2026-09-21,"[22:00,23:00)",21309,17205
R021C007,2026-09-21,"[15:00,16:00)",997,783
R020C012,2026-09-21,"[23:00,00:00)",615,354
R007C005,2026-09-21,"[08:00,09:00)",33820,22183
R018C008,2026-09-21,"[23:00,00:00)",378,252
R019C003,2026-09-21,"[04:00,05:00)",91,67
R016C013,2026-09-21,"[19:00,20:00)",4901,4175
R004C015,2026-09-21,"[10:00,11:00)",7532,5324
R016C017,2026-09-21,"[06:00,07:00)",5683,5464
R006C013,2026-09-21,"[04:00,05:00)",1109,927
R005C015,2026-09-21,"[08:00,09:00)",35946,27022
R007C006,2026-09-21,"[11:00,12:00)",15885,11937
R013C005,2026-09-21,"[18:00,19:00)",9508,7638
R006C006,2026-09-21,"[21:00,22:00)",6003,4656
R017C008,2026-09-21,"[21:00,22:00)",776,654
R013C017,2026-09-21,"[12:00,13:00)",20246,14968
R023C011,2026-09-21,"[07:00,08:00)",8823,7384
R009C000,2026-09-21,"[04:00,05:00)",248,228
R012C004,2026-09-21,"[19:00,20:00)",32580,21621
R025C008,2026-09-21,"[23:00,00:00)",278,190
R016C008,2026-09-21,"[10:00,11:00)",6040,3974
R011C016,2026-09-21,"[08:00,09:00)",41539,31289
R013C007,2026-09-21,"[03:00,04:00)",684,378
R021C009,2026-09-21,"[20:00,21:00)",9487,7474
R014C013,2026-09-21,"[12:00,13:00)",50075,40715
R023C007,2026-09-21,"[10:00,11:00)",2044,1304
R014C005,2026-09-21,"[02:00,03:00)",454,241
R016C018,2026-09-21,"[19:00,20:00)",20639,18681
R003C011,2026-09-21,"[17:00,18:00)",14765,11936
R025C011,2026-09-21,"[11:00,12:00)",2039,1391
R008C017,2026-09-21,"[13:00,14:00)",1501,1243
R005C009,2026-09-21,"[16:00,17:00)",7147,5326
R009C007,2026-09-21,"[13:00,14:00)",58381,41270
R007C010,2026-09-21,"[08:00,09:00)",36553,29293
R017C019,2026-09-21,"[14:00,15:00)",16707,13971
R019C002,2026-09-21,"[19:00,20:00)",1451,974
R013C014,2026-09-21,"[05:00,06:00)",3244,2616
R003C016,2026-09-21,"[03:00,04:00)",47,36
R005C013,2026-09-21,"[11:00,12:00)",3026,2197
R005C015,2026-09-21,"[12:00,13:00)",28731,19234
R012C020,2026-09-21,"[09:00,10:00)",3798,3686
R024C008,2026-09-21,"[08:00,09:00)",3657,2842
R015C015,2026-09-21,"[06:00,07:00)",12537,11211
R017C001,2026-09-21,"[13:00,14:00)",176,176
R011C001,2026-09-21,"[20:00,21:00)",21386,19071
R003C015,2026-09-21,"[20:00,21:00)",1358,817
R012C004,2026-09-21,"[18:00,19:00)",41377,28067
R019C004,2026-09-21,"[15:00,16:00)",5248,3584
R021C014,2026-09-21,"[20:00,21:00)",329,246
R006C012,2026-09-21,"[20:00,21:00)",13009,11687
R020C015,2026-09-21,"[18:00,19:00)",232,203
R023C004,2026-09-21,"[20:00,21:00)",48,40
R017C013,2026-09-21,"[08:00,09:00)",7083,5033
R021C004,2026-09-21,"[17:00,18:00)",1890,1589
R005C006,2026-09-21,"[09:00,10:00)",10780,8265
R003C010,2026-09-21,"[20:00,21:00)",3389,2514
R020C012,2026-09-21,"[18:00,19:00)",3164,2490
R016C008,2026-09-21,"[22:00,23:00)",1110,817
R004C007,2026-09-21,"[03:00,04:00)",963,735
R016C005,2026-09-21,"[12:00,13:00)",1472,1149
R025C007,2026-09-21,"[14:00,15:00)",80,40
R017C018,2026-09-21,"[16:00,17:00)",6217,5887
R005C011,2026-09-21,"[14:00,15:00)",33088,25736
R014C019,2026-09-21,"[18:00,19:00)",4808,3619
R004C017,2026-09-21,"[06:00,07:00)",11219,9174
R017C002,2026-09-21,"[09:00,10:00)",281,246
R019C005,2026-09-21,"[14:00,15:00)",7477,5087
R015C019,2026-09-21,"[06:00,07:00)",5748,5446
R014C013,2026-09-21,"[18:00,19:00)",67513,55982
R012C010,2026-09-21,"[13:00,14:00)",146383,96395
R019C015,2026-09-21,"[17:00,18:00)",3109,2731
R012C018,2026-09-21,"[10:00,11:00)",16757,13939
R015C013,2026-09-21,"[06:00,07:00)",6051,5252
R008C005,2026-09-21,"[11:00,12:00)",66936,49004
R019C015,2026-09-21,"[10:00,11:00)",1887,1546
R019C006,2026-09-21,"[18:00,19:00)",7346,5601
R016C004,2026-09-21,"[18:00,19:00)",3652,3002
R008C017,2026-09-21,"[03:00,04:00)",12,12
R016C000,2026-09-21,"[23:00,00:00)",11,11
R014C013,2026-09-21,"[02:00,03:00)",2443,1750
R017C013,2026-09-21,"[23:00,00:00)",676,446
R008C016,2026-09-21,"[20:00,21:00)",3379,2763
R010C001,2026-09-21,"[07:00,08:00)",36792,34462
R010C003,2026-09-21,"[04:00,05:00)",2134,1623
R023C012,2026-09-21,"[08:00,09:00)",7610,7036
R004C015,2026-09-21,"[04:00,05:00)",655,392
R015C016,2026-09-21,"[18:00,19:00)",44146,33619
R020C005,2026-09-21,"[08:00,09:00)",9025,6839
R017C004,2026-09-21,"[18:00,19:00)",2025,1999
R011C014,2026-09-21,"[08:00,09:00)",86938,67216
R025C008,2026-09-21,"[06:00,07:00)",36,24
R016C015,2026-09-21,"[08:00,09:00)",623,588
R017C009,2026-09-21,"[05:00,06:00)",818,561
R016C020,2026-09-21,"[06:00,07:00)",11048,9769
R015C011,2026-09-21,"[21:00,22:00)",7184,5868
R006C014,2026-09-21,"[02:00,03:00)",2267,1265
R018C013,2026-09-21,"[12:00,13:00)",4023,2840
R013C017,2026-09-21,"[22:00,23:00)",4715,3682
R013C005,2026-09-21,"[06:00,07:00)",5507,4192
R018C011,2026-09-21,"[12:00,13:00)",5795,5209
R009C013,2026-09-21,"[06:00,07:00)",24831,21434
R014C012,2026-09-21,"[19:00,20:00)",52371,41961
R021C015,2026-09-21,"[05:00,06:00)",32,24
R009C014,2026-09-21,"[05:00,06:00)",9658,7437
R008C003,2026-09-21,"[15:00,16:00)",48219,41261
R014C010,2026-09-21,"[13:00,14:00)",42474,30072
R017C000,2026-09-21,"[18:00,19:00)",209,174
R004C009,2026-09-21,"[12:00,13:00)",633,487
R019C011,2026-09-21,"[07:00,08:00)",29173,23588
R017C000,2026-09-21,"[19:00,20:00)",340,221
R016C008,2026-09-21,"[20:00,21:00)",3192,2142
R009C001,2026-09-21,"[03:00,04:00)",201,180
R021C011,2026-09-21,"[15:00,16:00)",2623,2535
R011C007,2026-09-21,"[09:00,10:00)",84874,63414
R005C010,2026-09-21,"[20:00,21:00)",6245,5634
R006C017,2026-09-21,"[04:00,05:00)",753,529
R017C016,2026-09-21,"[10:00,11:00)",2948,2417
R012C021,2026-09-21,"[10:00,11:00)",3509,3212
R019C009,2026-09-21,"[08:00,09:00)",9239,7596
R020C010,2026-09-21,"[11:00,12:00)",21069,14161
R011C011,2026-09-21,"[16:00,17:00)",142171,105321
R024C010,2026-09-21,"[23:00,00:00)",200,140
R016C003,2026-09-21,"[05:00,06:00)",67,67
R023C006,2026-09-21,"[11:00,12:00)",1499,1105
R015C018,2026-09-21,"[02:00,03:00)",1233,1027
R017C002,2026-09-21,"[16:00,17:00)",222,222
R018C005,2026-09-21,"[17:00,18:00)",2198,1953
R007C016,2026-09-21,"[06:00,07:00)",2693,2506
R005C010,2026-09-21,"[04:00,05:00)",377,353
R007C017,2026-09-21,"[13:00,14:00)",5782,4350
R014C006,2026-09-21,"[11:00,12:00)",4605,3137
R003C018,2026-09-21,"[16:00,17:00)",17627,15889
R017C002,2026-09-21,"[07:00,08:00)",173,173
R013C015,2026-09-21,"[05:00,06:00)",1300,1206
R005C015,2026-09-21,"[06:00,07:00)",14648,10624
R013C020,2026-09-21,"[19:00,20:00)",2411,1597
R005C006,2026-09-21,"[08:00,09:00)",18063,13877
R007C005,2026-09-21,"[21:00,22:00)",9509,6736
R011C004,2026-09-21,"[11:00,12:00)",26622,18700
R014C006,2026-09-21,"[12:00,13:00)",4470,3005
R025C008,2026-09-21,"[04:00,05:00)",24,12
R010C017,2026-09-21,"[10:00,11:00)",36061,25774
R012C002,2026-09-21,"[15:00,16:00)",16328,12731
R010C008,2026-09-21,"[15:00,16:00)",153785,112719
R006C010,2026-09-21,"[15:00,16:00)",28421,22621
R006C009,2026-09-21,"[08:00,09:00)",25428,20445
R008C012,2026-09-21,"[11:00,12:00)",50310,42340
R016C013,2026-09-21,"[11:00,12:00)",5463,4222
R022C009,2026-09-21,"[07:00,08:00)",14310,11897
R012C008,2026-09-21,"[19:00,20:00)",33214,26617
R016C013,2026-09-21,"[05:00,06:00)",344,297
R018C015,2026-09-21,"[17:00,18:00)",6194,4641
R003C015,2026-09-21,"[05:00,06:00)",148,116
R010C018,2026-09-21,"[12:00,13:00)",29752,22083
R010C010,2026-09-21,"[07:00,08:00)",168837,123268
R006C014,2026-09-21,"[10:00,11:00)",34578,24934
R012C010,2026-09-21,"[15:00,16:00)",174454,115142
R007C006,2026-09-21,"[14:00,15:00)",20598,15250
R015C011,2026-09-21,"[22:00,23:00)",4422,3611
R014C020,2026-09-21,"[14:00,15:00)",1104,878
R020C007,2026-09-21,"[12:00,13:00)",6076,3360
R010C004,2026-09-21,"[08:00,09:00)",41841,30772
R015C018,2026-09-21,"[05:00,06:00)",2808,2554
R018C005,2026-09-21,"[05:00,06:00)",681,539
R016C013,2026-09-21,"[22:00,23:00)",824,717
R015C003,2026-09-21,"[19:00,20:00)",1438,1328
R020C006,2026-09-21,"[14:00,15:00)",4308,2833
R020C003,2026-09-21,"[16:00,17:00)",520,453
R021C009,2026-09-21,"[21:00,22:00)",6503,4719
R009C002,2026-09-21,"[05:00,06:00)",2924,2801
R006C007,2026-09-21,"[19:00,20:00)",26990,18952
R021C010,2026-09-21,"[19:00,20:00)",10637,9036
R020C011,2026-09-21,"[09:00,10:00)",12655,10624
R007C013,2026-09-21,"[23:00,00:00)",7948,6034
R021C013,2026-09-21,"[08:00,09:00)",5787,4378
R013C020,2026-09-21,"[14:00,15:00)",2437,1487
R011C001,2026-09-21,"[17:00,18:00)",51210,45847
R016C005,2026-09-21,"[03:00,04:00)",106,82
R010C007,2026-09-21,"[06:00,07:00)",31491,27538
R023C004,2026-09-21,"[07:00,08:00)",72,72
R022C010,2026-09-21,"[16:00,17:00)",5305,4855
R019C006,2026-09-21,"[09:00,10:00)",8081,5588
R004C018,2026-09-21,"[23:00,00:00)",1281,1138
R012C011,2026-09-21,"[16:00,17:00)",144458,108205
R009C012,2026-09-21,"[11:00,12:00)",54132,45422
R006C008,2026-09-21,"[19:00,20:00)",30781,22452
R018C010,2026-09-21,"[08:00,09:00)",28482,24504
R004C015,2026-09-21,"[13:00,14:00)",8534,5981
R009C012,2026-09-21,"[10:00,11:00)",49541,41498
R011C000,2026-09-21,"[12:00,13:00)",26990,26001
R016C014,2026-09-21,"[21:00,22:00)",291,291
R012C013,2026-09-21,"[22:00,23:00)",15701,11835
R016C005,2026-09-21,"[23:00,00:00)",128,105
R020C004,2026-09-21,"[10:00,11:00)",3364,2138
R015C006,2026-09-21,"[02:00,03:00)",32,32
R013C021,2026-09-21,"[09:00,10:00)",1852,1653
R019C005,2026-09-21,"[21:00,22:00)",3417,2452
R003C009,2026-09-21,"[22:00,23:00)",139,139
R016C017,2026-09-21,"[03:00,04:00)",632,564
R009C010,2026-09-21,"[18:00,19:00)",115173,89569
R011C006,2026-09-21,"[13:00,14:00)",57220,40927
R025C009,2026-09-21,"[16:00,17:00)",1646,1184
R012C009,2026-09-21,"[02:00,03:00)",3317,2085
R013C021,2026-09-21,"[08:00,09:00)",2349,2220
R012C010,2026-09-21,"[11:00,12:00)",126346,84041
R007C010,2026-09-21,"[02:00,03:00)",837,662
R015C011,2026-09-21,"[13:00,14:00)",18126,13694
R014C018,2026-09-21,"[23:00,00:00)",3079,2579
R020C005,2026-09-21,"[09:00,10:00)",6963,4726
R004C010,2026-09-21,"[07:00,08:00)",1504,1422
R013C013,2026-09-21,"[05:00,06:00)",7419,6127
R003C013,2026-09-21,"[20:00,21:00)",10495,8603
R021C004,2026-09-21,"[20:00,21:00)",670,552
R015C008,2026-09-21,"[14:00,15:00)",4316,3226
R004C016,2026-09-21,"[02:00,03:00)",249,237
R006C013,2026-09-21,"[19:00,20:00)",15674,13127
R013C018,2026-09-21,"[18:00,19:00)",24735,20367
R020C013,2026-09-21,"[09:00,10:00)",2056,1752
R001C021,2026-09-21,"[23:00,00:00)",3060,2700
R022C008,2026-09-21,"[05:00,06:00)",1157,732
R005C007,2026-09-21,"[11:00,12:00)",18291,14618
R009C005,2026-09-21,"[14:00,15:00)",71471,49776
R020C014,2026-09-21,"[17:00,18:00)",3360,2822
R010C010,2026-09-21,"[05:00,06:00)",16530,11819
R018C014,2026-09-21,"[09:00,10:00)",1561,1218
R016C016,2026-09-21,"[05:00,06:00)",576,462
R018C007,2026-09-21,"[03:00,04:00)",256,197
R019C014,2026-09-21,"[19:00,20:00)",2014,1739
R003C014,2026-09-21,"[10:00,11:00)",1417,905
R019C008,2026-09-21,"[22:00,23:00)",603,468
R004C013,2026-09-21,"[20:00,21:00)",5310,3980
R012C003,2026-09-21,"[10:00,11:00)",23538,16279
R019C002,2026-09-21,"[11:00,12:00)",1018,698
R004C012,2026-09-21,"[17:00,18:00)",36801,31463
R015C000,2026-09-21,"[07:00,08:00)",285,274
R009C009,2026-09-21,"[17:00,18:00)",97722,84465
R013C013,2026-09-21,"[11:00,12:00)",63285,48243
R021C010,2026-09-21,"[22:00,23:00)",2708,2120
R003C009,2026-09-21,"[17:00,18:00)",483,469
R010C018,2026-09-21,"[16:00,17:00)",37671,29414
R014C014,2026-09-21,"[02:00,03:00)",1827,1363
R006C007,2026-09-21,"[10:00,11:00)",23921,17469
R012C019,2026-09-21,"[08:00,09:00)",6109,5969
R017C018,2026-09-21,"[18:00,19:00)",5875,5473
R015C005,2026-09-21,"[14:00,15:00)",1298,991
R013C010,2026-09-21,"[07:00,08:00)",55184,43500
R019C007,2026-09-21,"[10:00,11:00)",6258,3834
R014C010,2026-09-21,"[04:00,05:00)",1250,937
R016C011,2026-09-21,"[09:00,10:00)",18695,16258
R008C014,2026-09-21,"[05:00,06:00)",7201,6265
R018C007,2026-09-21,"[18:00,19:00)",4576,4225
R022C012,2026-09-21,"[22:00,23:00)",826,715
R016C009,2026-09-21,"[13:00,14:00)",8518,5959
R018C017,2026-09-21,"[12:00,13:00)",432,359
R016C017,2026-09-21,"[21:00,22:00)",6075,5912
R011C005,2026-09-21,"[02:00,03:00)",1246,662
R023C005,2026-09-21,"[06:00,07:00)",272,272
R012C009,2026-09-21,"[07:00,08:00)",91232,71281
R018C015,2026-09-21,"[22:00,23:00)",1517,919
R018C003,2026-09-21,"[06:00,07:00)",463,432
R009C011,2026-09-21,"[12:00,13:00)",95287,72627
R004C017,2026-09-21,"[04:00,05:00)",1117,779
R016C002,2026-09-21,"[08:00,09:00)",168,133
R021C014,2026-09-21,"[19:00,20:00)",947,853
R021C010,2026-09-21,"[23:00,00:00)",1274,981
R008C004,2026-09-21,"[15:00,16:00)",88700,64287
R009C009,2026-09-21,"[16:00,17:00)",91563,79447
R005C007,2026-09-21,"[18:00,19:00)",25286,20915
R018C017,2026-09-21,"[19:00,20:00)",221,201
R013C009,2026-09-21,"[06:00,07:00)",13739,10228
R016C020,2026-09-21,"[17:00,18:00)",38013,30843
R011C009,2026-09-21,"[03:00,04:00)",4195,2801
R008C018,2026-09-21,"[17:00,18:00)",4952,3184
R015C021,2026-09-21,"[16:00,17:00)",13703,11368
R013C007,2026-09-21,"[05:00,06:00)",2231,1721
R012C019,2026-09-21,"[13:00,14:00)",4273,3991
R018C012,2026-09-21,"[07:00,08:00)",1584,1324
R020C008,2026-09-21,"[16:00,17:00)",26739,17143
R015C016,2026-09-21,"[03:00,04:00)",1528,1129
R013C006,2026-09-21,"[03:00,04:00)",971,561
R013C022,2026-09-21,"[20:00,21:00)",3826,3090
R016C016,2026-09-21,"[15:00,16:00)",3823,3165
R009C007,2026-09-21,"[19:00,20:00)",48953,36129
R013C022,2026-09-21,"[03:00,04:00)",467,385
R011C018,2026-09-21,"[23:00,00:00)",3818,3058
R011C001,2026-09-21,"[02:00,03:00)",810,650
R010C001,2026-09-21,"[20:00,21:00)",11551,10597
R021C010,2026-09-21,"[12:00,13:00)",8660,7413
R018C006,2026-09-21,"[16:00,17:00)",8709,7303
R006C009,2026-09-21,"[18:00,19:00)",23034,17391
R018C007,2026-09-21,"[17:00,18:00)",5014,4537
R014C012,2026-09-21,"[15:00,16:00)",70200,53656
R016C007,2026-09-21,"[09:00,10:00)",4176,3666
R022C007,2026-09-21,"[20:00,21:00)",1584,1170
R003C015,2026-09-21,"[06:00,07:00)",564,364
R012C007,2026-09-21,"[02:00,03:00)",1369,881
R014C012,2026-09-21,"[02:00,03:00)",1635,1201
R004C017,2026-09-21,"[05:00,06:00)",2817,2359
R014C016,2026-09-21,"[14:00,15:00)",17531,14994
R018C001,2026-09-21,"[14:00,15:00)",417,314
R018C015,2026-09-21,"[18:00,19:00)",6547,4456
R012C014,2026-09-21,"[18:00,19:00)",71558,51021
R015C012,2026-09-21,"[02:00,03:00)",740,522
R019C003,2026-09-21,"[10:00,11:00)",738,619
R006C016,2026-09-21,"[11:00,12:00)",11367,10166
R009C017,2026-09-21,"[18:00,19:00)",23656,19069
R008C006,2026-09-21,"[08:00,09:00)",61625,51533
R025C011,2026-09-21,"[15:00,16:00)",1983,1565
R013C019,2026-09-21,"[17:00,18:00)",2682,1953
R012C021,2026-09-21,"[18:00,19:00)",5394,5071
R013C011,2026-09-21,"[22:00,23:00)",27216,20863
R010C015,2026-09-21,"[22:00,23:00)",11403,8150
R013C013,2026-09-21,"[03:00,04:00)",2195,1581
R011C017,2026-09-21,"[17:00,18:00)",52404,41606
R019C005,2026-09-21,"[10:00,11:00)",6582,4783
R015C011,2026-09-21,"[16:00,17:00)",24481,19474
R014C003,2026-09-21,"[23:00,00:00)",68,68
R012C007,2026-09-21,"[22:00,23:00)",7608,5489
R011C019,2026-09-21,"[12:00,13:00)",2110,1949
R014C006,2026-09-21,"[10:00,11:00)",4368,3001
R024C004,2026-09-21,"[06:00,07:00)",372,372
R022C007,2026-09-21,"[21:00,22:00)",1158,751
R007C010,2026-09-21,"[18:00,19:00)",33034,25239
R016C017,2026-09-21,"[11:00,12:00)",11871,10931
R017C017,2026-09-21,"[07:00,08:00)",3132,2884
R013C009,2026-09-21,"[16:00,17:00)",48537,37128
R005C007,2026-09-21,"[10:00,11:00)",17147,13769
R013C017,2026-09-21,"[21:00,22:00)",8156,6446
R011C019,2026-09-21,"[19:00,20:00)",2333,2211
R021C004,2026-09-21,"[16:00,17:00)",1193,938
R013C018,2026-09-21,"[22:00,23:00)",5180,4271
R007C011,2026-09-21,"[22:00,23:00)",2376,1968
R011C000,2026-09-21,"[05:00,06:00)",3491,3307
R008C003,2026-09-21,"[06:00,07:00)",18406,16600
R004C015,2026-09-21,"[22:00,23:00)",1735,1092
R011C012,2026-09-21,"[02:00,03:00)",1476,1010
R016C001,2026-09-21,"[13:00,14:00)",122,122
R004C014,2026-09-21,"[09:00,10:00)",1808,1259
R018C015,2026-09-21,"[12:00,13:00)",4306,2974
R013C004,2026-09-21,"[23:00,00:00)",1331,1110
R002C018,2026-09-21,"[04:00,05:00)",1099,786
R014C018,2026-09-21,"[03:00,04:00)",1248,956
R005C007,2026-09-21,"[04:00,05:00)",993,824
R005C011,2026-09-21,"[18:00,19:00)",41635,32975
R008C004,2026-09-21,"[22:00,23:00)",18812,14262
R014C012,2026-09-21,"[21:00,22:00)",26102,20869
R009C018,2026-09-21,"[06:00,07:00)",2095,1971
R009C015,2026-09-21,"[17:00,18:00)",60759,45490
R020C012,2026-09-21,"[17:00,18:00)",3446,2814
R009C008,2026-09-21,"[10:00,11:00)",53317,41435
R008C012,2026-09-21,"[05:00,06:00)",6849,6081
R015C021,2026-09-21,"[11:00,12:00)",8654,6891
R004C017,2026-09-21,"[10:00,11:00)",24728,17319
R025C007,2026-09-21,"[22:00,23:00)",92,72
R018C015,2026-09-21,"[19:00,20:00)",4358,3153
R015C005,2026-09-21,"[15:00,16:00)",1012,929
R008C012,2026-09-21,"[16:00,17:00)",65320,57132
R021C003,2026-09-21,"[07:00,08:00)",20,20
R005C013,2026-09-21,"[04:00,05:00)",340,234
R014C009,2026-09-21,"[12:00,13:00)",23641,16808
R003C010,2026-09-21,"[14:00,15:00)",6984,4021
R025C008,2026-09-21,"[15:00,16:00)",904,581
R012C009,2026-09-21,"[16:00,17:00)",145487,100940
R004C016,2026-09-21,"[06:00,07:00)",7134,6578
R008C012,2026-09-21,"[22:00,23:00)",14199,11803
R003C008,2026-09-21,"[22:00,23:00)",172,172
R014C009,2026-09-21,"[22:00,23:00)",3626,2890
R021C005,2026-09-21,"[22:00,23:00)",356,249
R014C003,2026-09-21,"[21:00,22:00)",351,340
R020C014,2026-09-21,"[09:00,10:00)",2497,2023
R006C016,2026-09-21,"[17:00,18:00)",17805,16521
R018C001,2026-09-21,"[04:00,05:00)",92,72
R015C020,2026-09-21,"[05:00,06:00)",435,375
R018C006,2026-09-21,"[12:00,13:00)",6448,4576
R010C003,2026-09-21,"[22:00,23:00)",10430,8187
R016C003,2026-09-21,"[19:00,20:00)",280,280
R016C016,2026-09-21,"[16:00,17:00)",5333,4371
R013C016,2026-09-21,"[15:00,16:00)",12605,10475
R015C016,2026-09-21,"[14:00,15:00)",34949,26946
R022C003,2026-09-21,"[08:00,09:00)",20,20
R016C013,2026-09-21,"[09:00,10:00)",5651,4520
R021C007,2026-09-21,"[02:00,03:00)",83,36
R017C013,2026-09-21,"[04:00,05:00)",130,130
R003C012,2026-09-21,"[12:00,13:00)",17710,15332
R023C008,2026-09-21,"[12:00,13:00)",3339,2517
R010C006,2026-09-21,"[04:00,05:00)",4528,3546
R017C005,2026-09-21,"[13:00,14:00)",1884,1424
R012C020,2026-09-21,"[23:00,00:00)",325,325
R012C013,2026-09-21,"[15:00,16:00)",72939,52340
R017C004,2026-09-21,"[12:00,13:00)",1973,1870
R018C012,2026-09-21,"[14:00,15:00)",2322,1619
R011C016,2026-09-21,"[09:00,10:00)",26919,19732
R018C000,2026-09-21,"[09:00,10:00)",77,77
R015C012,2026-09-21,"[20:00,21:00)",16529,13925
R021C006,2026-09-21,"[14:00,15:00)",277,257
R009C001,2026-09-21,"[15:00,16:00)",3266,3175
R004C008,2026-09-21,"[21:00,22:00)",2625,2222
R016C016,2026-09-21,"[03:00,04:00)",271,143
R014C004,2026-09-21,"[20:00,21:00)",3158,2633
R002C018,2026-09-21,"[14:00,15:00)",16080,12518
R013C013,2026-09-21,"[20:00,21:00)",52916,41197
R017C017,2026-09-21,"[06:00,07:00)",1279,1223
R012C010,2026-09-21,"[03:00,04:00)",4887,3088
R008C005,2026-09-21,"[18:00,19:00)",74284,56623
R015C018,2026-09-21,"[12:00,13:00)",20362,17364
R018C015,2026-09-21,"[10:00,11:00)",4002,2650
R022C009,2026-09-21,"[19:00,20:00)",9210,7041
R019C008,2026-09-21,"[18:00,19:00)",1483,1185
R025C010,2026-09-21,"[05:00,06:00)",282,197
R012C018,2026-09-21,"[23:00,00:00)",2573,2222
R024C008,2026-09-21,"[16:00,17:00)",3750,2738
R008C017,2026-09-21,"[14:00,15:00)",1709,1497
R019C001,2026-09-21,"[20:00,21:00)",30,30
R017C016,2026-09-21,"[07:00,08:00)",3994,3263
R010C008,2026-09-21,"[05:00,06:00)",14508,10512
R004C011,2026-09-21,"[08:00,09:00)",30659,25236
R017C010,2026-09-21,"[07:00,08:00)",32468,28019
R024C009,2026-09-21,"[10:00,11:00)",2453,1899
R019C008,2026-09-21,"[08:00,09:00)",4910,4053
R011C003,2026-09-21,"[05:00,06:00)",2913,2246
R021C015,2026-09-21,"[09:00,10:00)",137,101
R015C014,2026-09-21,"[16:00,17:00)",7712,7256
R013C006,2026-09-21,"[04:00,05:00)",1167,816
R012C014,2026-09-21,"[09:00,10:00)",47060,34929
R019C012,2026-09-21,"[05:00,06:00)",305,269
R018C015,2026-09-21,"[04:00,05:00)",314,203
R012C005,2026-09-21,"[12:00,13:00)",25613,16949
R004C018,2026-09-21,"[18:00,19:00)",12938,11325
R021C012,2026-09-21,"[06:00,07:00)",916,860
R005C016,2026-09-21,"[13:00,14:00)",20310,16594
R021C014,2026-09-21,"[04:00,05:00)",44,44
R018C009,2026-09-21,"[12:00,13:00)",6430,3970
R020C014,2026-09-21,"[14:00,15:00)",2562,2064
R012C004,2026-09-21,"[22:00,23:00)",7617,5453
R013C008,2026-09-21,"[13:00,14:00)",6897,5946
R014C010,2026-09-21,"[02:00,03:00)",787,427
R023C006,2026-09-21,"[17:00,18:00)",4233,3465
R016C009,2026-09-21,"[09:00,10:00)",9612,7561
R011C005,2026-09-21,"[20:00,21:00)",25063,18995
R009C003,2026-09-21,"[05:00,06:00)",5188,4673
R009C017,2026-09-21,"[06:00,07:00)",6919,5974
R021C007,2026-09-21,"[14:00,15:00)",1132,781
R015C007,2026-09-21,"[22:00,23:00)",869,802
R012C001,2026-09-21,"[18:00,19:00)",12804,11513
R007C014,2026-09-21,"[03:00,04:00)",1717,1215
R017C008,2026-09-21,"[20:00,21:00)",1211,1015
R003C007,2026-09-21,"[11:00,12:00)",11791,9987
R012C006,2026-09-21,"[12:00,13:00)",24709,17433
R023C009,2026-09-21,"[10:00,11:00)",4722,3376
R013C013,2026-09-21,"[12:00,13:00)",69980,52578
R021C006,2026-09-21,"[12:00,13:00)",389,282
R023C009,2026-09-21,"[17:00,18:00)",8185,6398
R013C010,2026-09-21,"[15:00,16:00)",63032,45501
R008C004,2026-09-21,"[14:00,15:00)",90933,62879
R017C015,2026-09-21,"[23:00,00:00)",156,144
R018C002,2026-09-21,"[05:00,06:00)",243,179
R011C002,2026-09-21,"[14:00,15:00)",39601,31939
R010C017,2026-09-21,"[21:00,22:00)",17907,13623
R008C014,2026-09-21,"[06:00,07:00)",27646,24486
R019C012,2026-09-21,"[10:00,11:00)",4121,2753
R010C017,2026-09-21,"[19:00,20:00)",39527,29341
R009C013,2026-09-21,"[16:00,17:00)",89005,71811
R003C007,2026-09-21,"[07:00,08:00)",20787,19639
R015C017,2026-09-21,"[14:00,15:00)",45654,34822
R016C014,2026-09-21,"[04:00,05:00)",47,47
R012C011,2026-09-21,"[07:00,08:00)",115489,92827
R003C008,2026-09-21,"[02:00,03:00)",12,12
R022C012,2026-09-21,"[12:00,13:00)",4085,3536
R010C015,2026-09-21,"[17:00,18:00)",70284,50608
R022C007,2026-09-21,"[22:00,23:00)",955,668
R010C012,2026-09-21,"[03:00,04:00)",1358,1068
R019C007,2026-09-21,"[08:00,09:00)",7453,5517
R016C005,2026-09-21,"[22:00,23:00)",251,163
R014C021,2026-09-21,"[13:00,14:00)",2335,1956
R015C008,2026-09-21,"[23:00,00:00)",669,574
R022C009,2026-09-21,"[03:00,04:00)",575,398
R006C012,2026-09-21,"[18:00,19:00)",27258,25468
R004C016,2026-09-21,"[20:00,21:00)",9417,8163
R005C006,2026-09-21,"[20:00,21:00)",9662,6821
R016C017,2026-09-21,"[23:00,00:00)",1613,1519
R021C006,2026-09-21,"[02:00,03:00)",95,47
R007C007,2026-09-21,"[21:00,22:00)",23451,18963
R018C014,2026-09-21,"[11:00,12:00)",1611,1192
R017C015,2026-09-21,"[06:00,07:00)",657,633
R015C009,2026-09-21,"[16:00,17:00)",11866,8159
R016C016,2026-09-21,"[02:00,03:00)",238,123
R015C021,2026-09-21,"[23:00,00:00)",1220,1066
R009C003,2026-09-21,"[09:00,10:00)",49782,42653
R003C011,2026-09-21,"[13:00,14:00)",8144,6161
R003C018,2026-09-21,"[08:00,09:00)",15868,14618
R009C017,2026-09-21,"[13:00,14:00)",19844,15945
R014C007,2026-09-21,"[20:00,21:00)",4499,3090
R020C011,2026-09-21,"[14:00,15:00)",12514,10080
R024C006,2026-09-21,"[06:00,07:00)",227,179
R007C009,2026-09-21,"[22:00,23:00)",12918,10712
R018C015,2026-09-21,"[23:00,00:00)",753,439
R008C004,2026-09-21,"[18:00,19:00)",81828,60585
R020C010,2026-09-21,"[15:00,16:00)",26429,18527
R011C005,2026-09-21,"[23:00,00:00)",5368,4354
R012C018,2026-09-21,"[11:00,12:00)",19180,15711
R003C010,2026-09-21,"[06:00,07:00)",2176,1595
R005C015,2026-09-21,"[22:00,23:00)",6347,4797
R011C011,2026-09-21,"[10:00,11:00)",84331,62972
R011C015,2026-09-21,"[14:00,15:00)",30794,23144
R024C010,2026-09-21,"[14:00,15:00)",819,748
R010C016,2026-09-21,"[19:00,20:00)",38050,28792
R014C018,2026-09-21,"[20:00,21:00)",15651,12318
R010C016,2026-09-21,"[05:00,06:00)",5257,4260
R010C010,2026-09-21,"[09:00,10:00)",174669,121735
R011C019,2026-09-21,"[15:00,16:00)",2736,2647
R009C007,2026-09-21,"[04:00,05:00)",1729,1251
R003C007,2026-09-21,"[04:00,05:00)",849,754
R017C003,2026-09-21,"[19:00,20:00)",196,196
R017C002,2026-09-21,"[21:00,22:00)",24,12
R013C010,2026-09-21,"[02:00,03:00)",2125,1207
R005C006,2026-09-21,"[06:00,07:00)",3112,2385
R007C017,2026-09-21,"[23:00,00:00)",293,257
R021C010,2026-09-21,"[18:00,19:00)",15364,13330
R011C014,2026-09-21,"[09:00,10:00)",51068,39597
R020C008,2026-09-21,"[07:00,08:00)",14754,10226
R014C014,2026-09-21,"[09:00,10:00)",49492,40060
R009C013,2026-09-21,"[13:00,14:00)",66033,50524
R015C006,2026-09-21,"[05:00,06:00)",287,262
R010C001,2026-09-21,"[21:00,22:00)",7507,7085
R024C010,2026-09-21,"[08:00,09:00)",1787,1677
R003C007,2026-09-21,"[15:00,16:00)",14566,13053
R014C020,2026-09-21,"[23:00,00:00)",468,321
R017C002,2026-09-21,"[08:00,09:00)",241,206
R013C006,2026-09-21,"[16:00,17:00)",21643,15900
R004C013,2026-09-21,"[16:00,17:00)",7391,5563
R016C016,2026-09-21,"[10:00,11:00)",3492,2782
R018C004,2026-09-21,"[11:00,12:00)",1817,1754
R019C015,2026-09-21,"[15:00,16:00)",2200,1790
R019C010,2026-09-21,"[08:00,09:00)",31746,24991
R010C012,2026-09-21,"[05:00,06:00)",5615,4538
R012C017,2026-09-21,"[09:00,10:00)",39615,27757
R024C007,2026-09-21,"[16:00,17:00)",1330,1119
R023C005,2026-09-21,"[13:00,14:00)",88,68
R006C015,2026-09-21,"[13:00,14:00)",30022,22060
R017C005,2026-09-21,"[17:00,18:00)",2113,1827
R014C019,2026-09-21,"[06:00,07:00)",1489,1243
R019C013,2026-09-21,"[12:00,13:00)",4879,2986
R014C013,2026-09-21,"[07:00,08:00)",70438,59934
R019C003,2026-09-21,"[14:00,15:00)",993,854
R011C016,2026-09-21,"[12:00,13:00)",28642,19950
R016C004,2026-09-21,"[08:00,09:00)",4010,3425
R001C019,2026-09-21,"[20:00,21:00)",11822,9162
R009C007,2026-09-21,"[18:00,19:00)",72274,53987
R017C013,2026-09-21,"[02:00,03:00)",71,24
R011C019,2026-09-21,"[11:00,12:00)",1936,1853
R021C012,2026-09-21,"[09:00,10:00)",1670,1599
R005C016,2026-09-21,"[14:00,15:00)",21083,17458
R017C007,2026-09-21,"[05:00,06:00)",1461,1208
R013C018,2026-09-21,"[20:00,21:00)",12906,10918
R020C007,2026-09-21,"[11:00,12:00)",6731,3605
R024C008,2026-09-21,"[03:00,04:00)",222,99
R015C012,2026-09-21,"[13:00,14:00)",28551,22696
R011C010,2026-09-21,"[11:00,12:00)",222434,132892
R017C014,2026-09-21,"[18:00,19:00)",1254,1044
R004C014,2026-09-21,"[15:00,16:00)",1742,1295
R008C003,2026-09-21,"[20:00,21:00)",20317,18010
R013C011,2026-09-21,"[09:00,10:00)",97552,76406
R005C012,2026-09-21,"[18:00,19:00)",24637,20416
R013C016,2026-09-21,"[21:00,22:00)",4168,3424
R007C007,2026-09-21,"[05:00,06:00)",7430,6026
R008C005,2026-09-21,"[08:00,09:00)",78787,61081
R019C003,2026-09-21,"[16:00,17:00)",1997,1731
R009C005,2026-09-21,"[21:00,22:00)",26125,19967
R009C018,2026-09-21,"[14:00,15:00)",6191,5199
R017C016,2026-09-21,"[15:00,16:00)",3348,2715
R024C008,2026-09-21,"[04:00,05:00)",210,127
R005C010,2026-09-21,"[14:00,15:00)",11316,9910
R005C009,2026-09-21,"[05:00,06:00)",1115,862
R017C018,2026-09-21,"[23:00,00:00)",364,352
R010C018,2026-09-21,"[23:00,00:00)",3231,2744
R020C008,2026-09-21,"[18:00,19:00)",16194,10597
R022C014,2026-09-21,"[19:00,20:00)",280,195
R010C017,2026-09-21,"[14:00,15:00)",45213,32638
R010C010,2026-09-21,"[11:00,12:00)",166187,109132
R017C006,2026-09-21,"[16:00,17:00)",1556,1544
R016C001,2026-09-21,"[15:00,16:00)",63,63
R012C020,2026-09-21,"[13:00,14:00)",3802,3495
R019C009,2026-09-21,"[12:00,13:00)",7012,5279
R004C008,2026-09-21,"[14:00,15:00)",5929,4420
R011C010,2026-09-21,"[08:00,09:00)",308742,207364
R008C008,2026-09-21,"[14:00,15:00)",49140,39973
R014C002,2026-09-21,"[06:00,07:00)",1875,1257
R024C010,2026-09-21,"[18:00,19:00)",1604,1491
R012C015,2026-09-21,"[12:00,13:00)",23109,18878
R018C014,2026-09-21,"[10:00,11:00)",1530,1133
R020C014,2026-09-21,"[18:00,19:00)",3195,2557
R013C021,2026-09-21,"[02:00,03:00)",120,72
R008C003,2026-09-21,"[16:00,17:00)",55405,47967
R009C018,2026-09-21,"[23:00,00:00)",680,579
R013C005,2026-09-21,"[21:00,22:00)",3297,2578
R008C015,2026-09-21,"[07:00,08:00)",16740,13669
R016C004,2026-09-21,"[19:00,20:00)",2727,2294
R019C010,2026-09-21,"[22:00,23:00)",5435,4175
R013C003,2026-09-21,"[15:00,16:00)",10079,8111
R010C006,2026-09-21,"[05:00,06:00)",9743,7895
R001C020,2026-09-21,"[15:00,16:00)",15923,14451
R005C011,2026-09-21,"[04:00,05:00)",1742,1328
R020C002,2026-09-21,"[21:00,22:00)",36,24
R018C001,2026-09-21,"[06:00,07:00)",540,468
R003C015,2026-09-21,"[23:00,00:00)",343,230
R021C015,2026-09-21,"[13:00,14:00)",170,114
R021C015,2026-09-21,"[15:00,16:00)",52,52
R007C017,2026-09-21,"[22:00,23:00)",893,663
R009C016,2026-09-21,"[12:00,13:00)",25037,20101
R020C006,2026-09-21,"[04:00,05:00)",622,293
R014C018,2026-09-21,"[09:00,10:00)",21379,17070
R009C017,2026-09-21,"[03:00,04:00)",1153,918
R010C012,2026-09-21,"[02:00,03:00)",1428,1075
R016C006,2026-09-21,"[11:00,12:00)",828,775
R015C000,2026-09-21,"[16:00,17:00)",255,255
R010C014,2026-09-21,"[23:00,00:00)",7130,5619
R014C021,2026-09-21,"[16:00,17:00)",3056,2523
R021C008,2026-09-21,"[02:00,03:00)",190,119
R011C013,2026-09-21,"[20:00,21:00)",44315,34913
R021C011,2026-09-21,"[14:00,15:00)",2246,2147
R018C011,2026-09-21,"[23:00,00:00)",861,778
R005C017,2026-09-21,"[08:00,09:00)",12984,11055
R016C012,2026-09-21,"[07:00,08:00)",23663,19660
R003C015,2026-09-21,"[04:00,05:00)",99,58
R014C008,2026-09-21,"[04:00,05:00)",250,214
R011C003,2026-09-21,"[11:00,12:00)",21225,14807
R023C005,2026-09-21,"[20:00,21:00)",110,98
R015C012,2026-09-21,"[11:00,12:00)",25243,19991
R009C016,2026-09-21,"[06:00,07:00)",10238,8968
R021C008,2026-09-21,"[11:00,12:00)",4929,3274
R023C006,2026-09-21,"[13:00,14:00)",1934,1111
R008C013,2026-09-21,"[15:00,16:00)",127959,94832
R010C008,2026-09-21,"[08:00,09:00)",176712,137420
R017C011,2026-09-21,"[19:00,20:00)",8604,7918
R006C009,2026-09-21,"[06:00,07:00)",8060,6567
R011C019,2026-09-21,"[05:00,06:00)",153,153
R004C016,2026-09-21,"[16:00,17:00)",22992,19385
R019C001,2026-09-21,"[09:00,10:00)",53,53
R021C014,2026-09-21,"[16:00,17:00)",1085,887
R016C000,2026-09-21,"[09:00,10:00)",36,12
R011C002,2026-09-21,"[13:00,14:00)",35553,27484
R001C020,2026-09-21,"[17:00,18:00)",22033,20606
R011C017,2026-09-21,"[15:00,16:00)",39819,31422
R003C013,2026-09-21,"[08:00,09:00)",21766,19074
R008C006,2026-09-21,"[23:00,00:00)",6098,5413
R003C017,2026-09-21,"[21:00,22:00)",4753,4454
R009C018,2026-09-21,"[02:00,03:00)",223,159
R016C006,2026-09-21,"[15:00,16:00)",777,757
R011C003,2026-09-21,"[17:00,18:00)",37148,27310
R025C008,2026-09-21,"[17:00,18:00)",1458,1085
R013C007,2026-09-21,"[14:00,15:00)",12141,8851
R020C012,2026-09-21,"[12:00,13:00)",2895,1998
R014C003,2026-09-21,"[10:00,11:00)",915,868
R005C006,2026-09-21,"[03:00,04:00)",103,86
R010C012,2026-09-21,"[07:00,08:00)",43964,39106
R004C011,2026-09-21,"[03:00,04:00)",1200,1065
R025C009,2026-09-21,"[21:00,22:00)",712,430
R021C006,2026-09-21,"[05:00,06:00)",56,44
R019C010,2026-09-21,"[02:00,03:00)",899,571
R021C008,2026-09-21,"[04:00,05:00)",244,161
R004C010,2026-09-21,"[15:00,16:00)",1094,964
R019C003,2026-09-21,"[20:00,21:00)",846,656
R011C005,2026-09-21,"[15:00,16:00)",44319,31648
R016C003,2026-09-21,"[23:00,00:00)",7,7
R022C012,2026-09-21,"[09:00,10:00)",4845,4280
R003C012,2026-09-21,"[20:00,21:00)",13582,11734
R009C015,2026-09-21,"[20:00,21:00)",28460,21650
R018C000,2026-09-21,"[14:00,15:00)",122,122
R024C005,2026-09-21,"[11:00,12:00)",164,124
R014C018,2026-09-21,"[02:00,03:00)",1164,823
R010C007,2026-09-21,"[13:00,14:00)",87563,70419
R012C018,2026-09-21,"[22:00,23:00)",4681,3930
R022C007,2026-09-21,"[17:00,18:00)",4549,3666
R014C008,2026-09-21,"[21:00,22:00)",2319,1685
R014C016,2026-09-21,"[02:00,03:00)",831,644
R009C018,2026-09-21,"[10:00,11:00)",4088,3613
R016C002,2026-09-21,"[10:00,11:00)",140,140
R016C018,2026-09-21,"[18:00,19:00)",26833,24454
R012C014,2026-09-21,"[08:00,09:00)",78425,59125
R007C012,2026-09-21,"[16:00,17:00)",50984,42460
R012C009,2026-09-21,"[12:00,13:00)",116560,77537
R013C012,2026-09-21,"[12:00,13:00)",97120,68558
R006C014,2026-09-21,"[22:00,23:00)",10532,7754
R017C000,2026-09-21,"[16:00,17:00)",91,91
R022C014,2026-09-21,"[23:00,00:00)",108,56
R013C014,2026-09-21,"[12:00,13:00)",34339,27032
R006C006,2026-09-21,"[07:00,08:00)",13508,11572
R009C007,2026-09-21,"[12:00,13:00)",58018,40906
R010C014,2026-09-21,"[06:00,07:00)",20224,16133
R008C013,2026-09-21,"[16:00,17:00)",150708,111857
R019C013,2026-09-21,"[05:00,06:00)",103,91
R015C021,2026-09-21,"[14:00,15:00)",11837,9457
R023C012,2026-09-21,"[21:00,22:00)",1429,1363
R014C017,2026-09-21,"[02:00,03:00)",994,744
R008C015,2026-09-21,"[19:00,20:00)",8895,7551
R008C013,2026-09-21,"[21:00,22:00)",48360,37229
R016C018,2026-09-21,"[14:00,15:00)",21877,19899
R004C012,2026-09-21,"[14:00,15:00)",25224,20637
R009C017,2026-09-21,"[22:00,23:00)",4084,3388
R023C010,2026-09-21,"[16:00,17:00)",1492,1267
R012C007,2026-09-21,"[11:00,12:00)",28496,19729
R018C007,2026-09-21,"[04:00,05:00)",265,162
R009C001,2026-09-21,"[09:00,10:00)",3238,3110
R020C002,2026-09-21,"[16:00,17:00)",121,101
R020C007,2026-09-21,"[14:00,15:00)",5432,3104
R019C014,2026-09-21,"[23:00,00:00)",285,174
R011C009,2026-09-21,"[16:00,17:00)",215847,144971
R003C009,2026-09-21,"[08:00,09:00)",909,909
R017C000,2026-09-21,"[22:00,23:00)",39,39
R021C002,2026-09-21,"[17:00,18:00)",1030,829
R004C010,2026-09-21,"[08:00,09:00)",1829,1740
R020C009,2026-09-21,"[22:00,23:00)",4256,3119
R009C016,2026-09-21,"[19:00,20:00)",22409,18915
R017C004,2026-09-21,"[09:00,10:00)",1447,1435
R012C005,2026-09-21,"[11:00,12:00)",23764,16229
R012C016,2026-09-21,"[20:00,21:00)",10300,8937
R009C003,2026-09-21,"[02:00,03:00)",1685,1161
R017C002,2026-09-21,"[20:00,21:00)",47,36
R019C008,2026-09-21,"[17:00,18:00)",2590,2079
R001C021,2026-09-21,"[17:00,18:00)",36711,32007
R017C019,2026-09-21,"[18:00,19:00)",19172,16757
R012C001,2026-09-21,"[15:00,16:00)",11219,9965
R006C015,2026-09-21,"[19:00,20:00)",25324,19840
R010C006,2026-09-21,"[03:00,04:00)",2520,1908
R018C001,2026-09-21,"[05:00,06:00)",260,200
R006C010,2026-09-21,"[16:00,17:00)",30880,25253
R013C009,2026-09-21,"[20:00,21:00)",17407,12739
R018C012,2026-09-21,"[19:00,20:00)",3652,2359
R010C001,2026-09-21,"[09:00,10:00)",25783,24352
R015C006,2026-09-21,"[09:00,10:00)",783,747
R016C008,2026-09-21,"[09:00,10:00)",9185,6992
R002C018,2026-09-21,"[11:00,12:00)",14569,11250
R018C015,2026-09-21,"[15:00,16:00)",4664,3241
R010C011,2026-09-21,"[14:00,15:00)",89674,62831
R007C009,2026-09-21,"[06:00,07:00)",22964,19425
R011C004,2026-09-21,"[18:00,19:00)",39989,29277
R024C007,2026-09-21,"[03:00,04:00)",136,72
R009C010,2026-09-21,"[16:00,17:00)",129402,99538
R016C011,2026-09-21,"[02:00,03:00)",703,472
R017C001,2026-09-21,"[03:00,04:00)",36,36
R009C005,2026-09-21,"[07:00,08:00)",62352,49071
R009C015,2026-09-21,"[08:00,09:00)",58209,44494
R024C005,2026-09-21,"[19:00,20:00)",103,67
R024C006,2026-09-21,"[17:00,18:00)",2734,2063
R014C009,2026-09-21,"[15:00,16:00)",26424,18970
R006C014,2026-09-21,"[03:00,04:00)",1802,1231
R005C007,2026-09-21,"[17:00,18:00)",31010,26000
R009C004,2026-09-21,"[13:00,14:00)",55687,43742
R022C005,2026-09-21,"[13:00,14:00)",28,28
R015C014,2026-09-21,"[02:00,03:00)",42,42
R009C016,2026-09-21,"[08:00,09:00)",30270,25947
R022C008,2026-09-21,"[18:00,19:00)",8201,5434
R019C009,2026-09-21,"[03:00,04:00)",851,507
R001C019,2026-09-21,"[19:00,20:00)",17052,12999
R007C014,2026-09-21,"[18:00,19:00)",46947,39377
R018C015,2026-09-21,"[11:00,12:00)",3792,2734
R016C009,2026-09-21,"[03:00,04:00)",277,135
R011C019,2026-09-21,"[16:00,17:00)",3466,3378
R015C019,2026-09-21,"[14:00,15:00)",12728,11500
R003C011,2026-09-21,"[09:00,10:00)",8790,7132
R015C007,2026-09-21,"[12:00,13:00)",4624,4133
R016C014,2026-09-21,"[15:00,16:00)",771,741
R014C017,2026-09-21,"[23:00,00:00)",2784,2198
R023C004,2026-09-21,"[12:00,13:00)",20,20
R011C013,2026-09-21,"[05:00,06:00)",7454,5931
R014C004,2026-09-21,"[17:00,18:00)",7907,6607
R019C012,2026-09-21,"[21:00,22:00)",2291,1598
R025C010,2026-09-21,"[08:00,09:00)",2949,2514
R009C011,2026-09-21,"[05:00,06:00)",11886,9896
R008C016,2026-09-21,"[13:00,14:00)",7059,5503
R012C003,2026-09-21,"[19:00,20:00)",29596,20187
R003C015,2026-09-21,"[12:00,13:00)",1524,935
R005C013,2026-09-21,"[03:00,04:00)",261,192
R010C012,2026-09-21,"[10:00,11:00)",32044,26730
R009C002,2026-09-21,"[02:00,03:00)",737,576
R008C007,2026-09-21,"[23:00,00:00)",7817,6512
R008C012,2026-09-21,"[04:00,05:00)",3161,2718
R016C020,2026-09-21,"[03:00,04:00)",1435,1259
R022C004,2026-09-21,"[16:00,17:00)",140,140
R016C010,2026-09-21,"[06:00,07:00)",15045,11815
R019C005,2026-09-21,"[02:00,03:00)",598,346
R014C015,2026-09-21,"[22:00,23:00)",11006,9098
R004C012,2026-09-21,"[05:00,06:00)",3253,2512
R018C013,2026-09-21,"[21:00,22:00)",204,157
R010C014,2026-09-21,"[17:00,18:00)",79889,59958
R023C007,2026-09-21,"[18:00,19:00)",2276,1428
R011C018,2026-09-21,"[14:00,15:00)",42676,29296
R015C021,2026-09-21,"[10:00,11:00)",8054,6367
R014C002,2026-09-21,"[18:00,19:00)",4241,3250
R023C007,2026-09-21,"[16:00,17:00)",3457,2456
R013C005,2026-09-21,"[15:00,16:00)",12577,9043
R005C006,2026-09-21,"[07:00,08:00)",14052,11226
R021C005,2026-09-21,"[21:00,22:00)",771,613
R007C013,2026-09-21,"[04:00,05:00)",3085,2392
R015C013,2026-09-21,"[03:00,04:00)",376,299
R014C009,2026-09-21,"[14:00,15:00)",22613,16624
R011C000,2026-09-21,"[23:00,00:00)",3523,3261
R019C014,2026-09-21,"[07:00,08:00)",2476,2322
R007C009,2026-09-21,"[04:00,05:00)",3572,2897
R023C012,2026-09-21,"[11:00,12:00)",2600,2487
R016C010,2026-09-21,"[08:00,09:00)",46805,36675
R022C011,2026-09-21,"[03:00,04:00)",120,120
R009C015,2026-09-21,"[15:00,16:00)",50047,37591
R006C010,2026-09-21,"[02:00,03:00)",1057,694
R012C008,2026-09-21,"[23:00,00:00)",3953,3117
R004C008,2026-09-21,"[12:00,13:00)",7135,5377
R013C018,2026-09-21,"[04:00,05:00)",1260,1035
R015C013,2026-09-21,"[14:00,15:00)",18748,13831
R024C006,2026-09-21,"[11:00,12:00)",856,490
R013C016,2026-09-21,"[22:00,23:00)",2299,1916
R020C003,2026-09-21,"[22:00,23:00)",71,47
R013C021,2026-09-21,"[21:00,22:00)",715,642
R022C004,2026-09-21,"[10:00,11:00)",40,40
R019C002,2026-09-21,"[13:00,14:00)",1058,721
R016C016,2026-09-21,"[22:00,23:00)",992,740
R009C010,2026-09-21,"[08:00,09:00)",118551,93497
R017C014,2026-09-21,"[02:00,03:00)",71,36
R003C018,2026-09-21,"[06:00,07:00)",5373,5165
R021C013,2026-09-21,"[12:00,13:00)",4387,3006
R009C014,2026-09-21,"[18:00,19:00)",83598,65230
R013C012,2026-09-21,"[19:00,20:00)",92636,68271
R013C003,2026-09-21,"[19:00,20:00)",9080,7076
R019C002,2026-09-21,"[06:00,07:00)",1011,684
R017C019,2026-09-21,"[11:00,12:00)",17902,13689
R007C009,2026-09-21,"[17:00,18:00)",92568,70260
R011C003,2026-09-21,"[18:00,19:00)",32879,24323
R021C004,2026-09-21,"[05:00,06:00)",67,67
R005C009,2026-09-21,"[18:00,19:00)",7245,5416
R015C010,2026-09-21,"[05:00,06:00)",3472,2583
R021C015,2026-09-21,"[11:00,12:00)",252,155
R010C012,2026-09-21,"[09:00,10:00)",36047,30434
R003C008,2026-09-21,"[15:00,16:00)",746,746
R024C006,2026-09-21,"[20:00,21:00)",327,219
R015C017,2026-09-21,"[02:00,03:00)",2247,1630
R018C014,2026-09-21,"[23:00,00:00)",386,223
R014C003,2026-09-21,"[16:00,17:00)",1459,1424
R021C009,2026-09-21,"[23:00,00:00)",1381,1106
R007C015,2026-09-21,"[17:00,18:00)",24898,21843
R007C016,2026-09-21,"[16:00,17:00)",5012,4253
R016C018,2026-09-21,"[23:00,00:00)",2679,2466
R021C014,2026-09-21,"[15:00,16:00)",1158,968
R022C012,2026-09-21,"[13:00,14:00)",4146,3602
R014C003,2026-09-21,"[11:00,12:00)",749,673
R009C015,2026-09-21,"[07:00,08:00)",52454,40087
R006C007,2026-09-21,"[13:00,14:00)",29088,20307
R020C004,2026-09-21,"[21:00,22:00)",1968,1260
R025C009,2026-09-21,"[11:00,12:00)",1694,1266
R020C015,2026-09-21,"[14:00,15:00)",208,187
R021C012,2026-09-21,"[22:00,23:00)",494,362
R012C014,2026-09-21,"[21:00,22:00)",24455,18378
R008C004,2026-09-21,"[06:00,07:00)",30046,23040
R006C015,2026-09-21,"[14:00,15:00)",31727,23580
R020C007,2026-09-21,"[08:00,09:00)",8227,5329
R012C016,2026-09-21,"[18:00,19:00)",19690,17279
R018C016,2026-09-21,"[12:00,13:00)",1674,1443
R004C018,2026-09-21,"[04:00,05:00)",486,395
R020C013,2026-09-21,"[19:00,20:00)",2097,1780
R006C012,2026-09-21,"[02:00,03:00)",866,720
R022C010,2026-09-21,"[10:00,11:00)",3085,2852
R019C001,2026-09-21,"[16:00,17:00)",84,84
R006C008,2026-09-21,"[18:00,19:00)",42255,30784
R007C008,2026-09-21,"[04:00,05:00)",4201,3384
R021C007,2026-09-21,"[18:00,19:00)",877,539
R014C018,2026-09-21,"[17:00,18:00)",32715,23950
R003C019,2026-09-21,"[05:00,06:00)",465,465
R006C016,2026-09-21,"[05:00,06:00)",1494,1333
R010C004,2026-09-21,"[14:00,15:00)",29025,19637
R015C010,2026-09-21,"[04:00,05:00)",964,770
R017C001,2026-09-21,"[20:00,21:00)",133,109
R015C008,2026-09-21,"[09:00,10:00)",6359,5581
R024C006,2026-09-21,"[13:00,14:00)",717,385
R019C015,2026-09-21,"[19:00,20:00)",1834,1634
R023C008,2026-09-21,"[02:00,03:00)",175,131
R010C006,2026-09-21,"[17:00,18:00)",99253,76407
R007C012,2026-09-21,"[05:00,06:00)",4293,3399
R011C004,2026-09-21,"[20:00,21:00)",21479,16319
R017C011,2026-09-21,"[20:00,21:00)",5894,5503
R017C000,2026-09-21,"[08:00,09:00)",388,344
R025C008,2026-09-21,"[22:00,23:00)",432,301
R005C010,2026-09-21,"[18:00,19:00)",12441,11188
R024C009,2026-09-21,"[20:00,21:00)",2487,1959
R007C009,2026-09-21,"[11:00,12:00)",59606,45780
R023C012,2026-09-21,"[23:00,00:00)",356,343
R009C003,2026-09-21,"[03:00,04:00)",1932,1576
R021C008,2026-09-21,"[06:00,07:00)",2078,1771
R010C011,2026-09-21,"[17:00,18:00)",135431,95206
R019C004,2026-09-21,"[17:00,18:00)",7990,5868
R003C019,2026-09-21,"[16:00,17:00)",6227,6153
R018C002,2026-09-21,"[16:00,17:00)",1491,1166
R010C003,2026-09-21,"[07:00,08:00)",36300,31547
R018C012,2026-09-21,"[08:00,09:00)",2324,1881
R013C015,2026-09-21,"[12:00,13:00)",14539,12921
R012C018,2026-09-21,"[16:00,17:00)",25002,20580
R008C004,2026-09-21,"[05:00,06:00)",16556,12016
R011C017,2026-09-21,"[09:00,10:00)",33652,26940
R003C018,2026-09-21,"[22:00,23:00)",2285,2123
R002C018,2026-09-21,"[13:00,14:00)",15807,12057
R010C014,2026-09-21,"[15:00,16:00)",61240,45726
R019C003,2026-09-21,"[07:00,08:00)",836,765
R007C010,2026-09-21,"[03:00,04:00)",1098,989
R009C004,2026-09-21,"[15:00,16:00)",58532,47030
R019C009,2026-09-21,"[06:00,07:00)",5994,5045
R006C017,2026-09-21,"[23:00,00:00)",862,595
R012C004,2026-09-21,"[10:00,11:00)",25961,17212
R006C015,2026-09-21,"[16:00,17:00)",39967,31364
R014C014,2026-09-21,"[11:00,12:00)",44007,33693
R021C002,2026-09-21,"[02:00,03:00)",20,20
R014C011,2026-09-21,"[12:00,13:00)",44060,31840
R014C006,2026-09-21,"[16:00,17:00)",5046,4186
R023C011,2026-09-21,"[02:00,03:00)",99,64
R022C014,2026-09-21,"[15:00,16:00)",180,124
R018C007,2026-09-21,"[07:00,08:00)",5711,5265
R012C001,2026-09-21,"[08:00,09:00)",12875,11223
R012C009,2026-09-21,"[09:00,10:00)",125184,88008
R008C012,2026-09-21,"[08:00,09:00)",62702,56293
R010C001,2026-09-21,"[17:00,18:00)",27494,25697
R011C001,2026-09-21,"[03:00,04:00)",1311,1087
R022C007,2026-09-21,"[09:00,10:00)",2091,1480
R002C018,2026-09-21,"[05:00,06:00)",2446,1980
R021C003,2026-09-21,"[14:00,15:00)",19,19
R012C021,2026-09-21,"[04:00,05:00)",358,358
R020C006,2026-09-21,"[02:00,03:00)",713,356
R022C014,2026-09-21,"[07:00,08:00)",281,216
R016C002,2026-09-21,"[14:00,15:00)",138,138
R023C011,2026-09-21,"[11:00,12:00)",2952,2429
R019C006,2026-09-21,"[12:00,13:00)",9289,6020
R014C020,2026-09-21,"[08:00,09:00)",887,696
R015C012,2026-09-21,"[08:00,09:00)",44046,36253
R016C005,2026-09-21,"[21:00,22:00)",422,349
R014C007,2026-09-21,"[09:00,10:00)",11360,7887
R016C016,2026-09-21,"[14:00,15:00)",3806,3092
R003C010,2026-09-21,"[02:00,03:00)",461,208
R016C020,2026-09-21,"[22:00,23:00)",5273,4668
R018C005,2026-09-21,"[07:00,08:00)",2179,1981
R012C018,2026-09-21,"[18:00,19:00)",24944,20330
R009C013,2026-09-21,"[08:00,09:00)",92629,76521
R013C012,2026-09-21,"[15:00,16:00)",114129,84603
R019C015,2026-09-21,"[13:00,14:00)",1875,1701
R018C017,2026-09-21,"[23:00,00:00)",36,36
R009C009,2026-09-21,"[12:00,13:00)",77646,62367
R008C016,2026-09-21,"[19:00,20:00)",4454,3731
R015C006,2026-09-21,"[23:00,00:00)",154,142
R006C009,2026-09-21,"[16:00,17:00)",24240,18497
R001C021,2026-09-21,"[21:00,22:00)",8794,7774
R008C013,2026-09-21,"[09:00,10:00)",106168,82904
R012C015,2026-09-21,"[22:00,23:00)",4828,3937
R010C013,2026-09-21,"[08:00,09:00)",59663,50033
R019C005,2026-09-21,"[13:00,14:00)",8073,5573
R021C007,2026-09-21,"[07:00,08:00)",1023,840
R017C015,2026-09-21,"[02:00,03:00)",68,56
R007C006,2026-09-21,"[08:00,09:00)",24896,19824
R022C005,2026-09-21,"[15:00,16:00)",81,61
R003C011,2026-09-21,"[07:00,08:00)",13033,11034
R019C002,2026-09-21,"[16:00,17:00)",2326,1763
R014C021,2026-09-21,"[20:00,21:00)",1565,1341
R017C000,2026-09-21,"[04:00,05:00)",40,40
R009C012,2026-09-21,"[15:00,16:00)",65663,56023
R003C007,2026-09-21,"[12:00,13:00)",12617,10687
R001C019,2026-09-21,"[16:00,17:00)",28311,21856
R013C020,2026-09-21,"[23:00,00:00)",810,537
R007C009,2026-09-21,"[05:00,06:00)",7580,6439
R009C017,2026-09-21,"[15:00,16:00)",22534,18370
R019C011,2026-09-21,"[23:00,00:00)",3264,2298
R019C007,2026-09-21,"[22:00,23:00)",1472,871
R003C008,2026-09-21,"[04:00,05:00)",58,58
R015C001,2026-09-21,"[12:00,13:00)",545,420
R018C002,2026-09-21,"[17:00,18:00)",2053,1698
R013C007,2026-09-21,"[17:00,18:00)",13715,10789
R016C016,2026-09-21,"[17:00,18:00)",5841,4985
R009C011,2026-09-21,"[17:00,18:00)",124399,99563
R018C001,2026-09-21,"[11:00,12:00)",503,369
R010C016,2026-09-21,"[12:00,13:00)",40200,28934
R019C010,2026-09-21,"[20:00,21:00)",14674,11561
R014C010,2026-09-21,"[19:00,20:00)",28894,22378
R018C004,2026-09-21,"[21:00,22:00)",525,525
R016C015,2026-09-21,"[10:00,11:00)",383,372
R014C006,2026-09-21,"[22:00,23:00)",1312,859
R023C003,2026-09-21,"[09:00,10:00)",8,8
R015C003,2026-09-21,"[11:00,12:00)",1450,1359
R002C019,2026-09-21,"[19:00,20:00)",12082,10386
R024C007,2026-09-21,"[09:00,10:00)",713,606
R016C017,2026-09-21,"[02:00,03:00)",593,510
R012C002,2026-09-21,"[22:00,23:00)",3262,2722
R015C018,2026-09-21,"[21:00,22:00)",10022,8867
R008C012,2026-09-21,"[13:00,14:00)",55630,45282
R017C010,2026-09-21,"[11:00,12:00)",17984,14687
R023C012,2026-09-21,"[03:00,04:00)",58,58
R005C011,2026-09-21,"[23:00,00:00)",3815,2992
R019C006,2026-09-21,"[04:00,05:00)",789,436
R006C015,2026-09-21,"[18:00,19:00)",35281,27985
R007C017,2026-09-21,"[05:00,06:00)",893,793
R016C004,2026-09-21,"[16:00,17:00)",4441,3860
R010C010,2026-09-21,"[02:00,03:00)",7113,4144
R016C006,2026-09-21,"[22:00,23:00)",119,119
R023C008,2026-09-21,"[08:00,09:00)",3462,3091
R010C008,2026-09-21,"[02:00,03:00)",3843,2430
R007C010,2026-09-21,"[14:00,15:00)",32880,23942
R015C003,2026-09-21,"[06:00,07:00)",914,795
R010C003,2026-09-21,"[19:00,20:00)",37569,29205
R018C004,2026-09-21,"[18:00,19:00)",1997,1971
R016C007,2026-09-21,"[02:00,03:00)",247,247
R015C006,2026-09-21,"[12:00,13:00)",764,681
R006C007,2026-09-21,"[07:00,08:00)",34728,28416
R019C001,2026-09-21,"[06:00,07:00)",119,119
R006C006,2026-09-21,"[17:00,18:00)",19323,14855
R010C015,2026-09-21,"[16:00,17:00)",60477,42812
R010C010,2026-09-21,"[22:00,23:00)",43466,31712
R022C013,2026-09-21,"[16:00,17:00)",2712,2489
R013C014,2026-09-21,"[03:00,04:00)",1469,939
R014C008,2026-09-21,"[09:00,10:00)",9734,6829
R012C014,2026-09-21,"[03:00,04:00)",1474,1075
R011C009,2026-09-21,"[07:00,08:00)",138620,105918
R009C014,2026-09-21,"[15:00,16:00)",85862,65327
R010C008,2026-09-21,"[03:00,04:00)",3726,2567
R013C003,2026-09-21,"[12:00,13:00)",9344,7196
R016C008,2026-09-21,"[05:00,06:00)",1073,797
R008C007,2026-09-21,"[11:00,12:00)",55416,43309
R012C013,2026-09-21,"[10:00,11:00)",47064,34576
R005C014,2026-09-21,"[14:00,15:00)",18169,13696
R023C008,2026-09-21,"[09:00,10:00)",2678,2101
R004C012,2026-09-21,"[02:00,03:00)",810,604
R016C008,2026-09-21,"[02:00,03:00)",357,210
R019C002,2026-09-21,"[03:00,04:00)",115,55
R014C019,2026-09-21,"[03:00,04:00)",364,253
R009C010,2026-09-21,"[06:00,07:00)",36913,30189
R008C003,2026-09-21,"[04:00,05:00)",6464,5469
R025C011,2026-09-21,"[12:00,13:00)",2080,1382
R017C004,2026-09-21,"[03:00,04:00)",32,32
R013C020,2026-09-21,"[10:00,11:00)",2108,1382
R004C011,2026-09-21,"[20:00,21:00)",15282,11615
R008C008,2026-09-21,"[16:00,17:00)",60595,50232
R015C017,2026-09-21,"[07:00,08:00)",66116,50382
R014C009,2026-09-21,"[21:00,22:00)",5737,4579
R013C003,2026-09-21,"[23:00,00:00)",1442,1233
R018C014,2026-09-21,"[02:00,03:00)",166,83
R017C012,2026-09-21,"[21:00,22:00)",3655,2535
R019C012,2026-09-21,"[18:00,19:00)",6524,4712
R009C003,2026-09-21,"[21:00,22:00)",18714,16496
R020C007,2026-09-21,"[16:00,17:00)",14174,9014
R015C017,2026-09-21,"[03:00,04:00)",2010,1528
R020C014,2026-09-21,"[03:00,04:00)",165,94
R005C010,2026-09-21,"[17:00,18:00)",16647,14951
R010C001,2026-09-21,"[10:00,11:00)",22171,20309
R017C014,2026-09-21,"[06:00,07:00)",332,297
R012C003,2026-09-21,"[23:00,00:00)",4186,3275
R013C015,2026-09-21,"[08:00,09:00)",25386,22174
R019C009,2026-09-21,"[20:00,21:00)",4804,3802
R017C018,2026-09-21,"[14:00,15:00)",4126,3684
R015C001,2026-09-21,"[18:00,19:00)",613,570
R010C015,2026-09-21,"[20:00,21:00)",32454,23051
R017C016,2026-09-21,"[12:00,13:00)",3050,2550
R007C013,2026-09-21,"[06:00,07:00)",26461,22392
R011C008,2026-09-21,"[17:00,18:00)",120280,88661
R023C011,2026-09-21,"[18:00,19:00)",5056,4268
R008C016,2026-09-21,"[09:00,10:00)",7296,5769
R017C007,2026-09-21,"[14:00,15:00)",4637,3788
R004C011,2026-09-21,"[15:00,16:00)",25528,19584
R008C010,2026-09-21,"[06:00,07:00)",8751,8371
R019C002,2026-09-21,"[17:00,18:00)",6045,3718
R024C005,2026-09-21,"[10:00,11:00)",92,92
R014C002,2026-09-21,"[21:00,22:00)",1851,1051
R014C010,2026-09-21,"[17:00,18:00)",55307,42816
R014C004,2026-09-21,"[22:00,23:00)",997,732
R012C005,2026-09-21,"[22:00,23:00)",5531,3849
R018C011,2026-09-21,"[22:00,23:00)",1453,1342
R004C010,2026-09-21,"[19:00,20:00)",1096,932
R015C004,2026-09-21,"[08:00,09:00)",6532,5161
R012C019,2026-09-21,"[07:00,08:00)",7079,7019
R017C012,2026-09-21,"[14:00,15:00)",7661,5080
R012C015,2026-09-21,"[15:00,16:00)",28250,23649
R015C019,2026-09-21,"[10:00,11:00)",11287,10309
R010C012,2026-09-21,"[21:00,22:00)",16357,14374
R014C018,2026-09-21,"[18:00,19:00)",29400,22088
R003C009,2026-09-21,"[18:00,19:00)",658,629
R005C007,2026-09-21,"[16:00,17:00)",27814,22402
R016C019,2026-09-21,"[18:00,19:00)",35219,30660
R012C020,2026-09-21,"[06:00,07:00)",1428,1428
R012C014,2026-09-21,"[14:00,15:00)",60354,41937
R008C010,2026-09-21,"[16:00,17:00)",22353,20834
R010C009,2026-09-21,"[14:00,15:00)",191820,129628
R020C003,2026-09-21,"[13:00,14:00)",279,244
R015C020,2026-09-21,"[14:00,15:00)",3939,3260
R021C005,2026-09-21,"[23:00,00:00)",198,115
R013C007,2026-09-21,"[16:00,17:00)",18792,14720
R012C017,2026-09-21,"[06:00,07:00)",14241,10801
R024C010,2026-09-21,"[20:00,21:00)",772,747
R018C010,2026-09-21,"[19:00,20:00)",17955,14861
R012C001,2026-09-21,"[21:00,22:00)",4206,3509
R004C015,2026-09-21,"[11:00,12:00)",8246,5777
R016C016,2026-09-21,"[04:00,05:00)",264,181
R004C011,2026-09-21,"[11:00,12:00)",20727,15866
R008C003,2026-09-21,"[11:00,12:00)",40556,33517
R013C007,2026-09-21,"[11:00,12:00)",11421,8841
R012C006,2026-09-21,"[02:00,03:00)",1177,702
R014C021,2026-09-21,"[04:00,05:00)",207,171
R012C004,2026-09-21,"[11:00,12:00)",29265,18952
R004C018,2026-09-21,"[16:00,17:00)",17283,13992
R005C010,2026-09-21,"[22:00,23:00)",2083,1911
R006C013,2026-09-21,"[13:00,14:00)",15986,13848
R024C006,2026-09-21,"[15:00,16:00)",465,246
R010C011,2026-09-21,"[21:00,22:00)",43079,32410
R018C001,2026-09-21,"[15:00,16:00)",338,286
R011C004,2026-09-21,"[14:00,15:00)",30660,21858
R009C008,2026-09-21,"[07:00,08:00)",69283,57830
R020C010,2026-09-21,"[04:00,05:00)",1389,1090
R005C016,2026-09-21,"[15:00,16:00)",22918,19366
R005C008,2026-09-21,"[06:00,07:00)",10759,8898
R016C018,2026-09-21,"[12:00,13:00)",19146,17090
R021C006,2026-09-21,"[13:00,14:00)",317,261
R008C003,2026-09-21,"[17:00,18:00)",56992,50639
R022C010,2026-09-21,"[13:00,14:00)",3800,3584
R016C011,2026-09-21,"[11:00,12:00)",15294,13008
R013C005,2026-09-21,"[11:00,12:00)",11937,8139
R004C018,2026-09-21,"[15:00,16:00)",14269,10637
R005C012,2026-09-21,"[02:00,03:00)",823,557
R016C003,2026-09-21,"[18:00,19:00)",358,335
R011C010,2026-09-21,"[12:00,13:00)",249612,148511
R016C011,2026-09-21,"[08:00,09:00)",27674,24046
R011C002,2026-09-21,"[21:00,22:00)",15856,13409
R020C014,2026-09-21,"[16:00,17:00)",2529,2099
R006C011,2026-09-21,"[20:00,21:00)",17900,15198
R012C001,2026-09-21,"[22:00,23:00)",2206,1910
R013C005,2026-09-21,"[13:00,14:00)",12432,8394
R013C016,2026-09-21,"[20:00,21:00)",6880,5600
R024C011,2026-09-21,"[09:00,10:00)",1111,921
R018C013,2026-09-21,"[17:00,18:00)",1156,1016
R010C002,2026-09-21,"[03:00,04:00)",2434,1845
R017C010,2026-09-21,"[06:00,07:00)",10311,8941
R011C006,2026-09-21,"[07:00,08:00)",63570,49042
R014C021,2026-09-21,"[07:00,08:00)",3165,2661
R016C019,2026-09-21,"[16:00,17:00)",39472,33670
R015C005,2026-09-21,"[17:00,18:00)",1344,1253
R008C018,2026-09-21,"[12:00,13:00)",4079,2407
R023C008,2026-09-21,"[13:00,14:00)",3463,2596
R004C018,2026-09-21,"[17:00,18:00)",18863,16029
R020C008,2026-09-21,"[02:00,03:00)",1100,538
R008C015,2026-09-21,"[06:00,07:00)",6161,5273
R015C011,2026-09-21,"[08:00,09:00)",28528,23323
R021C012,2026-09-21,"[16:00,17:00)",1973,1716
R025C008,2026-09-21,"[14:00,15:00)",701,432
R005C006,2026-09-21,"[04:00,05:00)",366,334
R011C012,2026-09-21,"[05:00,06:00)",5954,4930
R019C009,2026-09-21,"[02:00,03:00)",728,408
R021C014,2026-09-21,"[03:00,04:00)",23,23
R015C003,2026-09-21,"[15:00,16:00)",1992,1789
R013C005,2026-09-21,"[20:00,21:00)",5129,4006
R016C003,2026-09-21,"[22:00,23:00)",51,51
R016C004,2026-09-21,"[09:00,10:00)",3146,2593
R022C013,2026-09-21,"[09:00,10:00)",2147,1953
R010C003,2026-09-21,"[16:00,17:00)",51117,41485
R007C006,2026-09-21,"[05:00,06:00)",1884,1496
R005C014,2026-09-21,"[13:00,14:00)",16548,12462
R008C012,2026-09-21,"[21:00,22:00)",23829,20190
R018C016,2026-09-21,"[07:00,08:00)",2056,1767
R013C011,2026-09-21,"[18:00,19:00)",111852,86366
R009C018,2026-09-21,"[08:00,09:00)",7827,7210
R024C010,2026-09-21,"[16:00,17:00)",1505,1437
R017C008,2026-09-21,"[09:00,10:00)",4519,4151
R013C012,2026-09-21,"[10:00,11:00)",78510,59045
R012C009,2026-09-21,"[23:00,00:00)",11901,9304
R018C008,2026-09-21,"[10:00,11:00)",2460,1844
R022C012,2026-09-21,"[04:00,05:00)",223,163
R015C014,2026-09-21,"[10:00,11:00)",4187,3932
R013C017,2026-09-21,"[18:00,19:00)",27674,21110
R019C001,2026-09-21,"[14:00,15:00)",87,87
R017C017,2026-09-21,"[19:00,20:00)",1985,1848
R011C007,2026-09-21,"[23:00,00:00)",11823,9083
R014C020,2026-09-21,"[09:00,10:00)",1131,870
R008C004,2026-09-21,"[19:00,20:00)",58076,42668
R006C008,2026-09-21,"[02:00,03:00)",2098,1274
R013C021,2026-09-21,"[17:00,18:00)",2906,2710
R013C007,2026-09-21,"[20:00,21:00)",5720,4718
R012C016,2026-09-21,"[11:00,12:00)",14426,12647
R020C013,2026-09-21,"[18:00,19:00)",2910,2505
R018C012,2026-09-21,"[11:00,12:00)",2330,1519
R016C011,2026-09-21,"[20:00,21:00)",12744,10569
R019C010,2026-09-21,"[04:00,05:00)",1315,962
R023C010,2026-09-21,"[06:00,07:00)",538,538
R018C011,2026-09-21,"[21:00,22:00)",2706,2444
R012C012,2026-09-21,"[11:00,12:00)",59758,45461
R014C002,2026-09-21,"[17:00,18:00)",5197,4056
R010C018,2026-09-21,"[05:00,06:00)",2582,2199
R021C006,2026-09-21,"[09:00,10:00)",357,289
R011C008,2026-09-21,"[05:00,06:00)",10278,8225
R014C003,2026-09-21,"[15:00,16:00)",1165,1102
R015C000,2026-09-21,"[23:00,00:00)",32,11
R023C004,2026-09-21,"[15:00,16:00)",41,41
R020C004,2026-09-21,"[09:00,10:00)",3363,2389
R018C004,2026-09-21,"[16:00,17:00)",2548,2437
R019C015,2026-09-21,"[02:00,03:00)",129,92
R010C005,2026-09-21,"[18:00,19:00)",29904,24833
R004C007,2026-09-21,"[08:00,09:00)",35696,27326
R003C018,2026-09-21,"[03:00,04:00)",237,202
R022C006,2026-09-21,"[15:00,16:00)",1777,1109
R023C009,2026-09-21,"[13:00,14:00)",6569,4402
R010C016,2026-09-21,"[04:00,05:00)",2939,2277
R004C018,2026-09-21,"[08:00,09:00)",12096,10189
R014C020,2026-09-21,"[11:00,12:00)",790,621
R012C014,2026-09-21,"[05:00,06:00)",5016,3747
R013C009,2026-09-21,"[14:00,15:00)",33889,24335
R011C007,2026-09-21,"[15:00,16:00)",89742,64195
R012C016,2026-09-21,"[08:00,09:00)",23940,20971
R018C010,2026-09-21,"[03:00,04:00)",692,463
R020C005,2026-09-21,"[13:00,14:00)",7639,5034
R010C012,2026-09-21,"[13:00,14:00)",34778,28120
R011C007,2026-09-21,"[08:00,09:00)",100000,77866
R004C008,2026-09-21,"[05:00,06:00)",1090,928
R023C012,2026-09-21,"[19:00,20:00)",3896,3663
R018C011,2026-09-21,"[16:00,17:00)",7975,7392
R014C015,2026-09-21,"[03:00,04:00)",1074,925
R019C004,2026-09-21,"[06:00,07:00)",3400,2514
R009C018,2026-09-21,"[11:00,12:00)",4435,3773
R015C007,2026-09-21,"[10:00,11:00)",3717,3267
R021C007,2026-09-21,"[04:00,05:00)",103,56
R015C007,2026-09-21,"[18:00,19:00)",4093,3875
R016C003,2026-09-21,"[09:00,10:00)",531,473
R022C013,2026-09-21,"[07:00,08:00)",3085,2843
R018C017,2026-09-21,"[13:00,14:00)",284,249
R010C007,2026-09-21,"[08:00,09:00)",120917,100502
R008C007,2026-09-21,"[06:00,07:00)",23752,19551
R017C014,2026-09-21,"[21:00,22:00)",553,416
R017C004,2026-09-21,"[13:00,14:00)",1897,1801
R013C007,2026-09-21,"[09:00,10:00)",13632,10486
R003C012,2026-09-21,"[19:00,20:00)",18445,16101
R012C015,2026-09-21,"[05:00,06:00)",2216,1792
R012C015,2026-09-21,"[14:00,15:00)",26757,21718
R018C008,2026-09-21,"[11:00,12:00)",2081,1616
R013C010,2026-09-21,"[09:00,10:00)",56465,43233
R003C010,2026-09-21,"[16:00,17:00)",5793,4085
R004C016,2026-09-21,"[14:00,15:00)",19769,15797
R023C007,2026-09-21,"[15:00,16:00)",1817,1197
R014C021,2026-09-21,"[23:00,00:00)",281,256
R017C010,2026-09-21,"[03:00,04:00)",456,400
R011C018,2026-09-21,"[12:00,13:00)",40082,25713
R003C012,2026-09-21,"[14:00,15:00)",20313,17743
R001C019,2026-09-21,"[18:00,19:00)",23973,19093
R011C013,2026-09-21,"[03:00,04:00)",2009,1472
R009C014,2026-09-21,"[23:00,00:00)",10131,7921
R007C005,2026-09-21,"[15:00,16:00)",24267,15928
R014C005,2026-09-21,"[12:00,13:00)",6273,4537
R008C013,2026-09-21,"[02:00,03:00)",4542,3102
R010C013,2026-09-21,"[22:00,23:00)",8922,7382
R021C008,2026-09-21,"[22:00,23:00)",1215,933
R012C021,2026-09-21,"[03:00,04:00)",339,331
R012C012,2026-09-21,"[03:00,04:00)",2027,1447
R009C006,2026-09-21,"[05:00,06:00)",7431,6400
R013C019,2026-09-21,"[09:00,10:00)",2313,1660
R021C014,2026-09-21,"[13:00,14:00)",1080,876
R021C009,2026-09-21,"[02:00,03:00)",561,312
R022C011,2026-09-21,"[13:00,14:00)",4146,3863
R010C010,2026-09-21,"[08:00,09:00)",230316,165115
R009C007,2026-09-21,"[23:00,00:00)",6507,5075
R011C009,2026-09-21,"[14:00,15:00)",185645,120985
R011C004,2026-09-21,"[15:00,16:00)",34628,25001
R013C016,2026-09-21,"[19:00,20:00)",10102,8417
R008C013,2026-09-21,"[04:00,05:00)",5627,4239
R009C014,2026-09-21,"[06:00,07:00)",32587,26059
R017C015,2026-09-21,"[03:00,04:00)",123,68
R009C008,2026-09-21,"[13:00,14:00)",53973,42118
R006C013,2026-09-21,"[21:00,22:00)",7976,6676
R016C019,2026-09-21,"[03:00,04:00)",1492,1295
R018C007,2026-09-21,"[13:00,14:00)",5060,4157
R010C005,2026-09-21,"[07:00,08:00)",34199,29533
R010C009,2026-09-21,"[22:00,23:00)",41741,29637
R020C007,2026-09-21,"[07:00,08:00)",4820,2803
R012C013,2026-09-21,"[20:00,21:00)",45105,32981
R004C013,2026-09-21,"[14:00,15:00)",5947,4379
R012C006,2026-09-21,"[19:00,20:00)",22142,15977
R011C016,2026-09-21,"[16:00,17:00)",31703,24124
R021C005,2026-09-21,"[20:00,21:00)",1210,779
R008C004,2026-09-21,"[07:00,08:00)",74229,57530
R011C007,2026-09-21,"[02:00,03:00)",3187,1982
R022C014,2026-09-21,"[09:00,10:00)",185,153
R009C015,2026-09-21,"[11:00,12:00)",40355,30236
R008C018,2026-09-21,"[14:00,15:00)",5510,3097
R012C012,2026-09-21,"[07:00,08:00)",74922,62683
R014C014,2026-09-21,"[06:00,07:00)",19020,15848
R025C009,2026-09-21,"[08:00,09:00)",2731,2297
R018C004,2026-09-21,"[05:00,06:00)",391,315
R011C006,2026-09-21,"[19:00,20:00)",42200,32608
R008C016,2026-09-21,"[10:00,11:00)",6067,4865
R015C012,2026-09-21,"[18:00,19:00)",32819,27710
R020C013,2026-09-21,"[07:00,08:00)",2265,2059
R018C010,2026-09-21,"[05:00,06:00)",2543,2140
R022C006,2026-09-21,"[22:00,23:00)",580,279
R018C000,2026-09-21,"[04:00,05:00)",60,40
R009C007,2026-09-21,"[22:00,23:00)",12105,9841
R014C017,2026-09-21,"[07:00,08:00)",27851,23198
R019C007,2026-09-21,"[04:00,05:00)",495,285
R014C019,2026-09-21,"[13:00,14:00)",3646,2670
R012C013,2026-09-21,"[14:00,15:00)",63067,45168
R006C015,2026-09-21,"[08:00,09:00)",44796,34833
R010C006,2026-09-21,"[20:00,21:00)",41092,33260
R003C017,2026-09-21,"[13:00,14:00)",14566,11981
R016C003,2026-09-21,"[11:00,12:00)",382,352
R003C018,2026-09-21,"[14:00,15:00)",13130,11288
R013C008,2026-09-21,"[09:00,10:00)",10549,9410
R021C005,2026-09-21,"[15:00,16:00)",874,675
R012C020,2026-09-21,"[22:00,23:00)",631,587
R014C014,2026-09-21,"[20:00,21:00)",35464,28115
R016C009,2026-09-21,"[17:00,18:00)",10965,8575
R006C012,2026-09-21,"[12:00,13:00)",21031,19021
R013C022,2026-09-21,"[02:00,03:00)",434,190
R019C012,2026-09-21,"[22:00,23:00)",1222,782
R021C007,2026-09-21,"[19:00,20:00)",865,581
R006C011,2026-09-21,"[07:00,08:00)",44954,39011
R005C009,2026-09-21,"[08:00,09:00)",8061,6556
R016C011,2026-09-21,"[18:00,19:00)",23475,20005
R022C014,2026-09-21,"[11:00,12:00)",290,238
R008C017,2026-09-21,"[20:00,21:00)",858,775
R012C002,2026-09-21,"[09:00,10:00)",13237,10817
R022C006,2026-09-21,"[03:00,04:00)",60,20
R017C006,2026-09-21,"[05:00,06:00)",378,326
R004C008,2026-09-21,"[15:00,16:00)",6986,5698
R007C011,2026-09-21,"[23:00,00:00)",1294,1036
R009C006,2026-09-21,"[10:00,11:00)",49203,38800
R010C007,2026-09-21,"[18:00,19:00)",106748,86296
R011C006,2026-09-21,"[06:00,07:00)",18494,15464
R013C016,2026-09-21,"[18:00,19:00)",12735,10330
R004C017,2026-09-21,"[19:00,20:00)",17351,14488
R018C000,2026-09-21,"[18:00,19:00)",179,155
R014C015,2026-09-21,"[14:00,15:00)",50053,35851
R014C010,2026-09-21,"[10:00,11:00)",34073,25202
R011C012,2026-09-21,"[13:00,14:00)",48662,37773
R017C013,2026-09-21,"[12:00,13:00)",6958,4536
R017C007,2026-09-21,"[09:00,10:00)",5187,4437
R014C004,2026-09-21,"[04:00,05:00)",486,371
R011C004,2026-09-21,"[06:00,07:00)",10055,8156
R010C015,2026-09-21,"[04:00,05:00)",2955,2025
R015C018,2026-09-21,"[10:00,11:00)",19970,17486
R019C010,2026-09-21,"[07:00,08:00)",33093,26427
R016C001,2026-09-21,"[19:00,20:00)",44,44
R020C012,2026-09-21,"[10:00,11:00)",2420,1779
R009C003,2026-09-21,"[04:00,05:00)",2432,2240
R003C019,2026-09-21,"[08:00,09:00)",5595,5567
R003C011,2026-09-21,"[06:00,07:00)",4088,3394
R013C021,2026-09-21,"[13:00,14:00)",2330,2009
R013C006,2026-09-21,"[20:00,21:00)",10883,7670
R017C005,2026-09-21,"[23:00,00:00)",113,105
R023C005,2026-09-21,"[05:00,06:00)",32,32
R005C007,2026-09-21,"[22:00,23:00)",5169,4095
R013C009,2026-09-21,"[21:00,22:00)",12473,8950
R002C019,2026-09-21,"[20:00,21:00)",8968,7327
R022C006,2026-09-21,"[19:00,20:00)",1286,849
R015C010,2026-09-21,"[13:00,14:00)",30276,21062
R023C007,2026-09-21,"[06:00,07:00)",877,619
R018C010,2026-09-21,"[09:00,10:00)",19807,16219
R009C011,2026-09-21,"[15:00,16:00)",100940,80447
R011C018,2026-09-21,"[20:00,21:00)",29101,20562
R005C009,2026-09-21,"[04:00,05:00)",449,330
R018C013,2026-09-21,"[06:00,07:00)",375,327
R001C020,2026-09-21,"[14:00,15:00)",13742,12245
R003C014,2026-09-21,"[07:00,08:00)",1603,1213
R018C007,2026-09-21,"[10:00,11:00)",4445,3598
R003C017,2026-09-21,"[12:00,13:00)",14421,11949
R007C005,2026-09-21,"[02:00,03:00)",1297,747
R013C020,2026-09-21,"[05:00,06:00)",402,291
R013C020,2026-09-21,"[21:00,22:00)",1724,929
R011C002,2026-09-21,"[20:00,21:00)",24254,20294
R018C003,2026-09-21,"[07:00,08:00)",432,432
R015C014,2026-09-21,"[18:00,19:00)",6116,5956
R019C013,2026-09-21,"[04:00,05:00)",36,36
R019C007,2026-09-21,"[12:00,13:00)",7439,4665
R013C004,2026-09-21,"[12:00,13:00)",11510,8916
R004C010,2026-09-21,"[12:00,13:00)",1095,907
R012C006,2026-09-21,"[21:00,22:00)",12115,8631
R011C018,2026-09-21,"[22:00,23:00)",7337,5664
R021C010,2026-09-21,"[21:00,22:00)",5361,4077
R017C013,2026-09-21,"[13:00,14:00)",6025,4176
R007C011,2026-09-21,"[02:00,03:00)",742,375
R016C020,2026-09-21,"[16:00,17:00)",33600,26754
R005C006,2026-09-21,"[12:00,13:00)",12230,8027
R015C013,2026-09-21,"[11:00,12:00)",16128,12096
R008C010,2026-09-21,"[15:00,16:00)",20775,19368
R010C000,2026-09-21,"[11:00,12:00)",13725,12582
R015C018,2026-09-21,"[16:00,17:00)",29074,25914
R010C001,2026-09-21,"[16:00,17:00)",25725,23900
R019C001,2026-09-21,"[21:00,22:00)",44,32
R016C010,2026-09-21,"[11:00,12:00)",27787,19625
R023C012,2026-09-21,"[15:00,16:00)",3700,3434
R009C010,2026-09-21,"[07:00,08:00)",96675,80784
R014C003,2026-09-21,"[13:00,14:00)",698,663
R024C010,2026-09-21,"[09:00,10:00)",580,531
R017C013,2026-09-21,"[05:00,06:00)",237,166
R013C017,2026-09-21,"[19:00,20:00)",21204,15876
R013C008,2026-09-21,"[18:00,19:00)",6693,6160
R024C005,2026-09-21,"[20:00,21:00)",165,154
R019C015,2026-09-21,"[12:00,13:00)",1705,1575
R014C016,2026-09-21,"[09:00,10:00)",18461,16197
R013C019,2026-09-21,"[14:00,15:00)",2127,1543
R011C016,2026-09-21,"[05:00,06:00)",3276,2305
R010C017,2026-09-21,"[15:00,16:00)",46116,33981
R004C009,2026-09-21,"[03:00,04:00)",46,31
R008C017,2026-09-21,"[06:00,07:00)",717,681
R013C010,2026-09-21,"[14:00,15:00)",52651,37940
R008C014,2026-09-21,"[19:00,20:00)",46368,40363
R011C013,2026-09-21,"[07:00,08:00)",71999,58417
R020C002,2026-09-21,"[17:00,18:00)",1243,1021
R018C002,2026-09-21,"[12:00,13:00)",1054,682
R014C005,2026-09-21,"[14:00,15:00)",6159,4520
R012C002,2026-09-21,"[13:00,14:00)",13763,10605
R019C015,2026-09-21,"[22:00,23:00)",442,394
R003C019,2026-09-21,"[09:00,10:00)",3266,3243
